pp13_trace prefill_begin request=680866350292300 offset=0 count=5
pp13_trace prefill_end status=0 dur_us=90620
pp13_trace decode_begin request=680866350292300
pp13_trace decode_end status=15 dur_us=15648
gateway_pump status=0 service_last=0 serving_last=15 live=1 queued=0 prefill=1 decode=0 events=2
pp13_trace final_event request=680866350292300 sequence=680866350292300 position=4 kind=2 dispatch_flags=0x200 completion_flags=0x1 tokens=2 ids=8355,553 status=0
pp13_trace decode_begin request=680866350292300
pp13_trace decode_end status=15 dur_us=16675
gateway_pump status=0 service_last=0 serving_last=15 live=1 queued=0 prefill=1 decode=1 events=1
gateway_pump status=0 service_last=0 serving_last=3 live=1 queued=0 prefill=1 decode=1 events=0
pp13_trace final_event request=680866350292300 sequence=680866350292300 position=5 kind=4 dispatch_flags=0x400 completion_flags=0x3 tokens=2 ids=13,7842 status=0
mtp_trace verify request=680866350292300 sequence=680866350292300 proposed=1 accepted=0 committed=1 fallback=13 draft_ids=553 verifier_ids=13,7842
pp13_trace decode_begin request=680866350292300
pp13_trace decode_end status=15 dur_us=16987
gateway_pump status=0 service_last=0 serving_last=15 live=1 queued=0 prefill=1 decode=2 events=1
gateway_pump status=0 service_last=0 serving_last=3 live=1 queued=0 prefill=1 decode=2 events=0
pp13_trace final_event request=680866350292300 sequence=680866350292300 position=6 kind=4 dispatch_flags=0x400 completion_flags=0x3 tokens=2 ids=320,23 status=0
mtp_trace verify request=680866350292300 sequence=680866350292300 proposed=1 accepted=1 committed=2 fallback=23 draft_ids=320 verifier_ids=320,23
pp13_trace decode_begin request=680866350292300
pp13_trace decode_end status=15 dur_us=32781
gateway_pump status=0 service_last=0 serving_last=15 live=1 queued=0 prefill=1 decode=3 events=2
gateway_pump status=0 service_last=0 serving_last=3 live=1 queued=0 prefill=1 decode=3 events=0
pp13_trace final_event request=680866350292300 sequence=680866350292300 position=8 kind=4 dispatch_flags=0x400 completion_flags=0x3 tokens=3 ids=64,23,340 status=0
mtp_trace verify request=680866350292300 sequence=680866350292300 proposed=2 accepted=0 committed=1 fallback=64 draft_ids=66,6304 verifier_ids=64,23,340
pp13_trace decode_begin request=680866350292300
pp13_trace decode_end status=15 dur_us=16309
gateway_pump status=0 service_last=0 serving_last=15 live=1 queued=0 prefill=1 decode=4 events=1
gateway_pump status=0 service_last=0 serving_last=3 live=1 queued=0 prefill=1 decode=4 events=0
pp13_trace final_event request=680866350292300 sequence=680866350292300 position=9 kind=4 dispatch_flags=0x400 completion_flags=0x3 tokens=2 ids=23,69 status=0
mtp_trace verify request=680866350292300 sequence=680866350292300 proposed=1 accepted=1 committed=2 fallback=69 draft_ids=23 verifier_ids=23,69
pp13_trace decode_begin request=680866350292300
pp13_trace decode_end status=15 dur_us=32453
gateway_pump status=0 service_last=0 serving_last=15 live=1 queued=0 prefill=1 decode=5 events=2
gateway_pump status=0 service_last=0 serving_last=3 live=1 queued=0 prefill=1 decode=5 events=0
pp13_trace final_event request=680866350292300 sequence=680866350292300 position=11 kind=4 dispatch_flags=0x400 completion_flags=0x3 tokens=3 ids=20,69,24 status=0
mtp_trace verify request=680866350292300 sequence=680866350292300 proposed=2 accepted=1 committed=2 fallback=69 draft_ids=20,65 verifier_ids=20,69,24
pp13_trace decode_begin request=680866350292300
pp13_trace decode_end status=15 dur_us=31899
gateway_pump status=0 service_last=0 serving_last=15 live=1 queued=0 prefill=1 decode=6 events=2
gateway_pump status=0 service_last=0 serving_last=3 live=1 queued=0 prefill=1 decode=6 events=0
pp13_trace final_event request=680866350292300 sequence=680866350292300 position=13 kind=4 dispatch_flags=0x400 completion_flags=0x3 tokens=3 ids=18,64,8 status=0
mtp_trace verify request=680866350292300 sequence=680866350292300 proposed=2 accepted=1 committed=2 fallback=64 draft_ids=18,65 verifier_ids=18,64,8
pp13_trace decode_begin request=680866350292300
pp13_trace decode_end status=15 dur_us=33221
gateway_pump status=0 service_last=0 serving_last=15 live=1 queued=0 prefill=1 decode=7 events=2
gateway_pump status=0 service_last=0 serving_last=3 live=1 queued=0 prefill=1 decode=7 events=0
pp13_trace final_event request=680866350292300 sequence=680866350292300 position=15 kind=4 dispatch_flags=0x400 completion_flags=0x3 tokens=3 ids=8,9588,201 status=0
mtp_trace verify request=680866350292300 sequence=680866350292300 proposed=2 accepted=1 committed=2 fallback=9588 draft_ids=8,220 verifier_ids=8,9588,201
pp13_trace decode_begin request=680866350292300
pp13_trace decode_end status=15 dur_us=31988
gateway_pump status=0 service_last=0 serving_last=15 live=1 queued=0 prefill=1 decode=8 events=2
gateway_pump status=0 service_last=0 serving_last=3 live=1 queued=0 prefill=1 decode=8 events=0
pp13_trace final_event request=680866350292300 sequence=680866350292300 position=17 kind=4 dispatch_flags=0x400 completion_flags=0x3 tokens=3 ids=6804,1199,9588 status=0
mtp_trace verify request=680866350292300 sequence=680866350292300 proposed=2 accepted=2 committed=3 fallback=9588 draft_ids=6804,1199 verifier_ids=6804,1199,9588
gateway_pump status=0 service_last=0 serving_last=3 live=0 queued=0 prefill=1 decode=9 events=4
pp13_trace prefill_begin request=680866350292301 offset=0 count=5
pp13_trace prefill_end status=0 dur_us=65355
pp13_trace decode_begin request=680866350292301
pp13_trace decode_end status=15 dur_us=15669
gateway_pump status=0 service_last=0 serving_last=15 live=1 queued=0 prefill=2 decode=9 events=2
pp13_trace final_event request=680866350292301 sequence=680866350292301 position=4 kind=2 dispatch_flags=0x200 completion_flags=0x1 tokens=2 ids=8355,553 status=0
pp13_trace decode_begin request=680866350292301
pp13_trace decode_end status=15 dur_us=16695
gateway_pump status=0 service_last=0 serving_last=15 live=1 queued=0 prefill=2 decode=10 events=1
gateway_pump status=0 service_last=0 serving_last=3 live=1 queued=0 prefill=2 decode=10 events=0
pp13_trace final_event request=680866350292301 sequence=680866350292301 position=5 kind=4 dispatch_flags=0x400 completion_flags=0x3 tokens=2 ids=13,7842 status=0
mtp_trace verify request=680866350292301 sequence=680866350292301 proposed=1 accepted=0 committed=1 fallback=13 draft_ids=553 verifier_ids=13,7842
pp13_trace decode_begin request=680866350292301
pp13_trace decode_end status=15 dur_us=16296
gateway_pump status=0 service_last=0 serving_last=15 live=1 queued=0 prefill=2 decode=11 events=1
gateway_pump status=0 service_last=0 serving_last=3 live=1 queued=0 prefill=2 decode=11 events=0
pp13_trace final_event request=680866350292301 sequence=680866350292301 position=6 kind=4 dispatch_flags=0x400 completion_flags=0x3 tokens=2 ids=320,23 status=0
mtp_trace verify request=680866350292301 sequence=680866350292301 proposed=1 accepted=1 committed=2 fallback=23 draft_ids=320 verifier_ids=320,23
pp13_trace decode_begin request=680866350292301
pp13_trace decode_end status=15 dur_us=34506
gateway_pump status=0 service_last=0 serving_last=15 live=1 queued=0 prefill=2 decode=12 events=2
gateway_pump status=0 service_last=0 serving_last=3 live=1 queued=0 prefill=2 decode=12 events=0
pp13_trace final_event request=680866350292301 sequence=680866350292301 position=8 kind=4 dispatch_flags=0x400 completion_flags=0x3 tokens=3 ids=64,23,340 status=0
mtp_trace verify request=680866350292301 sequence=680866350292301 proposed=2 accepted=0 committed=1 fallback=64 draft_ids=66,6304 verifier_ids=64,23,340
pp13_trace decode_begin request=680866350292301
pp13_trace decode_end status=15 dur_us=16127
gateway_pump status=0 service_last=0 serving_last=15 live=1 queued=0 prefill=2 decode=13 events=1
gateway_pump status=0 service_last=0 serving_last=3 live=1 queued=0 prefill=2 decode=13 events=0
pp13_trace final_event request=680866350292301 sequence=680866350292301 position=9 kind=4 dispatch_flags=0x400 completion_flags=0x3 tokens=2 ids=23,69 status=0
mtp_trace verify request=680866350292301 sequence=680866350292301 proposed=1 accepted=1 committed=2 fallback=69 draft_ids=23 verifier_ids=23,69
pp13_trace decode_begin request=680866350292301
pp13_trace decode_end status=15 dur_us=31901
gateway_pump status=0 service_last=0 serving_last=15 live=1 queued=0 prefill=2 decode=14 events=2
gateway_pump status=0 service_last=0 serving_last=3 live=1 queued=0 prefill=2 decode=14 events=0
pp13_trace final_event request=680866350292301 sequence=680866350292301 position=11 kind=4 dispatch_flags=0x400 completion_flags=0x3 tokens=3 ids=20,69,24 status=0
mtp_trace verify request=680866350292301 sequence=680866350292301 proposed=2 accepted=1 committed=2 fallback=69 draft_ids=20,65 verifier_ids=20,69,24
pp13_trace decode_begin request=680866350292301
pp13_trace decode_end status=15 dur_us=32493
gateway_pump status=0 service_last=0 serving_last=15 live=1 queued=0 prefill=2 decode=15 events=2
gateway_pump status=0 service_last=0 serving_last=3 live=1 queued=0 prefill=2 decode=15 events=0
pp13_trace final_event request=680866350292301 sequence=680866350292301 position=13 kind=4 dispatch_flags=0x400 completion_flags=0x3 tokens=3 ids=18,64,8 status=0
mtp_trace verify request=680866350292301 sequence=680866350292301 proposed=2 accepted=1 committed=2 fallback=64 draft_ids=18,65 verifier_ids=18,64,8
pp13_trace decode_begin request=680866350292301
pp13_trace decode_end status=15 dur_us=31897
gateway_pump status=0 service_last=0 serving_last=15 live=1 queued=0 prefill=2 decode=16 events=2
gateway_pump status=0 service_last=0 serving_last=3 live=1 queued=0 prefill=2 decode=16 events=0
pp13_trace final_event request=680866350292301 sequence=680866350292301 position=15 kind=4 dispatch_flags=0x400 completion_flags=0x3 tokens=3 ids=8,9588,201 status=0
mtp_trace verify request=680866350292301 sequence=680866350292301 proposed=2 accepted=1 committed=2 fallback=9588 draft_ids=8,220 verifier_ids=8,9588,201
pp13_trace decode_begin request=680866350292301
pp13_trace decode_end status=15 dur_us=32107
gateway_pump status=0 service_last=0 serving_last=15 live=1 queued=0 prefill=2 decode=17 events=2
gateway_pump status=0 service_last=0 serving_last=3 live=1 queued=0 prefill=2 decode=17 events=0
pp13_trace final_event request=680866350292301 sequence=680866350292301 position=17 kind=4 dispatch_flags=0x400 completion_flags=0x3 tokens=3 ids=6804,1199,9588 status=0
mtp_trace verify request=680866350292301 sequence=680866350292301 proposed=2 accepted=2 committed=3 fallback=9588 draft_ids=6804,1199 verifier_ids=6804,1199,9588
pp13_trace decode_begin request=680866350292301
pp13_trace decode_end status=15 dur_us=32836
gateway_pump status=0 service_last=0 serving_last=15 live=1 queued=0 prefill=2 decode=18 events=3
gateway_pump status=0 service_last=0 serving_last=3 live=1 queued=0 prefill=2 decode=18 events=0
pp13_trace final_event request=680866350292301 sequence=680866350292301 position=20 kind=4 dispatch_flags=0x400 completion_flags=0x3 tokens=3 ids=139399,40,865 status=0
mtp_trace verify request=680866350292301 sequence=680866350292301 proposed=2 accepted=0 committed=1 fallback=139399 draft_ids=809,1020 verifier_ids=139399,40,865
pp13_trace decode_begin request=680866350292301
pp13_trace decode_end status=15 dur_us=16238
gateway_pump status=0 service_last=0 serving_last=15 live=1 queued=0 prefill=2 decode=19 events=1
gateway_pump status=0 service_last=0 serving_last=3 live=1 queued=0 prefill=2 decode=19 events=0
pp13_trace final_event request=680866350292301 sequence=680866350292301 position=21 kind=4 dispatch_flags=0x400 completion_flags=0x3 tokens=2 ids=22872,65605 status=0
mtp_trace verify request=680866350292301 sequence=680866350292301 proposed=1 accepted=1 committed=2 fallback=65605 draft_ids=22872 verifier_ids=22872,65605
pp13_trace decode_begin request=680866350292301
pp13_trace decode_end status=15 dur_us=32515
gateway_pump status=0 service_last=0 serving_last=15 live=1 queued=0 prefill=2 decode=20 events=2
gateway_pump status=0 service_last=0 serving_last=3 live=1 queued=0 prefill=2 decode=20 events=0
pp13_trace final_event request=680866350292301 sequence=680866350292301 position=23 kind=4 dispatch_flags=0x400 completion_flags=0x3 tokens=3 ids=72102,608,608 status=0
mtp_trace verify request=680866350292301 sequence=680866350292301 proposed=2 accepted=1 committed=2 fallback=608 draft_ids=72102,127616 verifier_ids=72102,608,608
pp13_trace decode_begin request=680866350292301
pp13_trace decode_end status=15 dur_us=32148
gateway_pump status=0 service_last=0 serving_last=15 live=1 queued=0 prefill=2 decode=21 events=2
gateway_pump status=0 service_last=0 serving_last=3 live=1 queued=0 prefill=2 decode=21 events=0
pp13_trace final_event request=680866350292301 sequence=680866350292301 position=25 kind=4 dispatch_flags=0x400 completion_flags=0x3 tokens=3 ids=38362,271,271 status=0
mtp_trace verify request=680866350292301 sequence=680866350292301 proposed=2 accepted=1 committed=2 fallback=271 draft_ids=38362,17 verifier_ids=38362,271,271
pp13_trace decode_begin request=680866350292301
pp13_trace decode_end status=15 dur_us=33011
gateway_pump status=0 service_last=0 serving_last=15 live=1 queued=0 prefill=2 decode=22 events=2
gateway_pump status=0 service_last=0 serving_last=3 live=1 queued=0 prefill=2 decode=22 events=0
pp13_trace final_event request=680866350292301 sequence=680866350292301 position=27 kind=4 dispatch_flags=0x400 completion_flags=0x3 tokens=3 ids=46151,3542,4923 status=0
mtp_trace verify request=680866350292301 sequence=680866350292301 proposed=2 accepted=1 committed=2 fallback=3542 draft_ids=46151,508 verifier_ids=46151,3542,4923
pp13_trace decode_begin request=680866350292301
pp13_trace decode_end status=15 dur_us=32272
gateway_pump status=0 service_last=0 serving_last=15 live=1 queued=0 prefill=2 decode=23 events=2
gateway_pump status=0 service_last=0 serving_last=3 live=1 queued=0 prefill=2 decode=23 events=0
pp13_trace final_event request=680866350292301 sequence=680866350292301 position=29 kind=4 dispatch_flags=0x400 completion_flags=0x3 tokens=3 ids=271,79638,4938 status=0
mtp_trace verify request=680866350292301 sequence=680866350292301 proposed=2 accepted=2 committed=3 fallback=4938 draft_ids=271,79638 verifier_ids=271,79638,4938
pp13_trace decode_begin request=680866350292301
pp13_trace decode_end status=15 dur_us=31792
gateway_pump status=0 service_last=0 serving_last=15 live=1 queued=0 prefill=2 decode=24 events=3
gateway_pump status=0 service_last=0 serving_last=3 live=1 queued=0 prefill=2 decode=24 events=0
pp13_trace final_event request=680866350292301 sequence=680866350292301 position=32 kind=4 dispatch_flags=0x400 completion_flags=0x3 tokens=3 ids=21341,9871,25 status=0
mtp_trace verify request=680866350292301 sequence=680866350292301 proposed=2 accepted=2 committed=3 fallback=25 draft_ids=21341,9871 verifier_ids=21341,9871,25
pp13_trace decode_begin request=680866350292301
pp13_trace decode_end status=15 dur_us=31934
gateway_pump status=0 service_last=0 serving_last=15 live=1 queued=0 prefill=2 decode=25 events=3
gateway_pump status=0 service_last=0 serving_last=3 live=1 queued=0 prefill=2 decode=25 events=0
pp13_trace final_event request=680866350292301 sequence=680866350292301 position=35 kind=4 dispatch_flags=0x400 completion_flags=0x3 tokens=3 ids=8355,382,3548 status=0
mtp_trace verify request=680866350292301 sequence=680866350292301 proposed=2 accepted=2 committed=3 fallback=3548 draft_ids=8355,382 verifier_ids=8355,382,3548
pp13_trace decode_begin request=680866350292301
pp13_trace decode_end status=15 dur_us=32714
gateway_pump status=0 service_last=0 serving_last=15 live=1 queued=0 prefill=2 decode=26 events=3
gateway_pump status=0 service_last=0 serving_last=3 live=1 queued=0 prefill=2 decode=26 events=0
pp13_trace final_event request=680866350292301 sequence=680866350292301 position=38 kind=4 dispatch_flags=0x400 completion_flags=0x3 tokens=3 ids=14,87033,13320 status=0
mtp_trace verify request=680866350292301 sequence=680866350292301 proposed=2 accepted=2 committed=3 fallback=13320 draft_ids=14,87033 verifier_ids=14,87033,13320
pp13_trace decode_begin request=680866350292301
pp13_trace decode_end status=15 dur_us=42227
gateway_pump status=0 service_last=0 serving_last=15 live=1 queued=0 prefill=2 decode=27 events=3
gateway_pump status=0 service_last=0 serving_last=3 live=1 queued=0 prefill=2 decode=27 events=0
pp13_trace final_event request=680866350292301 sequence=680866350292301 position=41 kind=4 dispatch_flags=0x400 completion_flags=0x3 tokens=3 ids=5074,2899,271 status=0
mtp_trace verify request=680866350292301 sequence=680866350292301 proposed=2 accepted=1 committed=2 fallback=2899 draft_ids=5074,7208 verifier_ids=5074,2899,271
pp13_trace decode_begin request=680866350292301
pp13_trace decode_end status=15 dur_us=32926
gateway_pump status=0 service_last=0 serving_last=15 live=1 queued=0 prefill=2 decode=28 events=2
gateway_pump status=0 service_last=0 serving_last=3 live=1 queued=0 prefill=2 decode=28 events=0
pp13_trace final_event request=680866350292301 sequence=680866350292301 position=43 kind=4 dispatch_flags=0x400 completion_flags=0x3 tokens=3 ids=661,7370,15697 status=0
mtp_trace verify request=680866350292301 sequence=680866350292301 proposed=2 accepted=2 committed=3 fallback=15697 draft_ids=661,7370 verifier_ids=661,7370,15697
pp13_trace decode_begin request=680866350292301
pp13_trace decode_end status=15 dur_us=32627
gateway_pump status=0 service_last=0 serving_last=15 live=1 queued=0 prefill=2 decode=29 events=3
gateway_pump status=0 service_last=0 serving_last=3 live=1 queued=0 prefill=2 decode=29 events=0
pp13_trace final_event request=680866350292301 sequence=680866350292301 position=46 kind=4 dispatch_flags=0x400 completion_flags=0x3 tokens=3 ids=287,12674,84 status=0
mtp_trace verify request=680866350292301 sequence=680866350292301 proposed=2 accepted=1 committed=2 fallback=12674 draft_ids=287,520 verifier_ids=287,12674,84
pp13_trace decode_begin request=680866350292301
pp13_trace decode_end status=15 dur_us=32961
gateway_pump status=0 service_last=0 serving_last=15 live=1 queued=0 prefill=2 decode=30 events=2
gateway_pump status=0 service_last=0 serving_last=3 live=1 queued=0 prefill=2 decode=30 events=0
pp13_trace final_event request=680866350292301 sequence=680866350292301 position=48 kind=4 dispatch_flags=0x400 completion_flags=0x3 tokens=3 ids=520,84,271 status=0
mtp_trace verify request=680866350292301 sequence=680866350292301 proposed=2 accepted=2 committed=3 fallback=271 draft_ids=520,84 verifier_ids=520,84,271
pp13_trace decode_begin request=680866350292301
pp13_trace decode_end status=15 dur_us=32525
gateway_pump status=0 service_last=0 serving_last=15 live=1 queued=0 prefill=2 decode=31 events=3
gateway_pump status=0 service_last=0 serving_last=3 live=1 queued=0 prefill=2 decode=31 events=0
pp13_trace final_event request=680866350292301 sequence=680866350292301 position=51 kind=4 dispatch_flags=0x400 completion_flags=0x3 tokens=3 ids=91,262,2503 status=0
mtp_trace verify request=680866350292301 sequence=680866350292301 proposed=2 accepted=0 committed=1 fallback=91 draft_ids=1112,262 verifier_ids=91,262,2503
pp13_trace decode_begin request=680866350292301
pp13_trace decode_end status=15 dur_us=16260
gateway_pump status=0 service_last=0 serving_last=15 live=1 queued=0 prefill=2 decode=32 events=1
gateway_pump status=0 service_last=0 serving_last=3 live=1 queued=0 prefill=2 decode=32 events=0
pp13_trace final_event request=680866350292301 sequence=680866350292301 position=52 kind=4 dispatch_flags=0x400 completion_flags=0x3 tokens=2 ids=2503,256 status=0
mtp_trace verify request=680866350292301 sequence=680866350292301 proposed=1 accepted=1 committed=2 fallback=256 draft_ids=2503 verifier_ids=2503,256
pp13_trace decode_begin request=680866350292301
pp13_trace decode_end status=15 dur_us=33046
gateway_pump status=0 service_last=0 serving_last=15 live=1 queued=0 prefill=2 decode=33 events=2
gateway_pump status=0 service_last=0 serving_last=3 live=1 queued=0 prefill=2 decode=33 events=0
pp13_trace final_event request=680866350292301 sequence=680866350292301 position=54 kind=4 dispatch_flags=0x400 completion_flags=0x3 tokens=3 ids=760,2503,256 status=0
mtp_trace verify request=680866350292301 sequence=680866350292301 proposed=2 accepted=2 committed=3 fallback=256 draft_ids=760,2503 verifier_ids=760,2503,256
pp13_trace decode_begin request=680866350292301
pp13_trace decode_end status=15 dur_us=32799
gateway_pump status=0 service_last=0 serving_last=15 live=1 queued=0 prefill=2 decode=34 events=3
gateway_pump status=0 service_last=0 serving_last=3 live=1 queued=0 prefill=2 decode=34 events=0
pp13_trace final_event request=680866350292301 sequence=680866350292301 position=57 kind=4 dispatch_flags=0x400 completion_flags=0x3 tokens=3 ids=760,22250,22250 status=0
mtp_trace verify request=680866350292301 sequence=680866350292301 proposed=2 accepted=1 committed=2 fallback=22250 draft_ids=760,256 verifier_ids=760,22250,22250
pp13_trace decode_begin request=680866350292301
pp13_trace decode_end status=15 dur_us=31979
gateway_pump status=0 service_last=0 serving_last=15 live=1 queued=0 prefill=2 decode=35 events=2
gateway_pump status=0 service_last=0 serving_last=3 live=1 queued=0 prefill=2 decode=35 events=0
pp13_trace final_event request=680866350292301 sequence=680866350292301 position=59 kind=4 dispatch_flags=0x400 completion_flags=0x3 tokens=3 ids=481,100919,11 status=0
mtp_trace verify request=680866350292301 sequence=680866350292301 proposed=2 accepted=1 committed=2 fallback=100919 draft_ids=481,16 verifier_ids=481,100919,11
pp13_trace decode_begin request=680866350292301
pp13_trace decode_end status=15 dur_us=32741
gateway_pump status=0 service_last=0 serving_last=15 live=1 queued=0 prefill=2 decode=36 events=2
gateway_pump status=0 service_last=0 serving_last=3 live=1 queued=0 prefill=2 decode=36 events=0
pp13_trace final_event request=680866350292301 sequence=680866350292301 position=61 kind=4 dispatch_flags=0x400 completion_flags=0x3 tokens=3 ids=11,22,22 status=0
mtp_trace verify request=680866350292301 sequence=680866350292301 proposed=2 accepted=1 committed=2 fallback=22 draft_ids=11,220 verifier_ids=11,22,22
pp13_trace decode_begin request=680866350292301
pp13_trace decode_end status=15 dur_us=32349
gateway_pump status=0 service_last=0 serving_last=15 live=1 queued=0 prefill=2 decode=37 events=2
gateway_pump status=0 service_last=0 serving_last=3 live=1 queued=0 prefill=2 decode=37 events=0
pp13_trace final_event request=680866350292301 sequence=680866350292301 position=63 kind=4 dispatch_flags=0x400 completion_flags=0x3 tokens=3 ids=488,100919,737 status=0
mtp_trace verify request=680866350292301 sequence=680866350292301 proposed=2 accepted=1 committed=2 fallback=100919 draft_ids=488,22250 verifier_ids=488,100919,737
pp13_trace decode_begin request=680866350292301
pp13_trace decode_end status=15 dur_us=31952
gateway_pump status=0 service_last=0 serving_last=15 live=1 queued=0 prefill=2 decode=38 events=2
gateway_pump status=0 service_last=0 serving_last=3 live=1 queued=0 prefill=2 decode=38 events=0
pp13_trace final_event request=680866350292301 sequence=680866350292301 position=65 kind=4 dispatch_flags=0x400 completion_flags=0x3 tokens=3 ids=11,22,28955 status=0
mtp_trace verify request=680866350292301 sequence=680866350292301 proposed=2 accepted=1 committed=2 fallback=22 draft_ids=11,49122 verifier_ids=11,22,28955
pp13_trace decode_begin request=680866350292301
pp13_trace decode_end status=15 dur_us=392
gateway_pump status=0 service_last=0 serving_last=15 live=1 queued=0 prefill=2 decode=39 events=2
gateway_pump status=0 service_last=0 serving_last=3 live=1 queued=0 prefill=2 decode=39 events=0
pp13_trace final_event request=680866350292301 sequence=680866350292301 position=67 kind=2 dispatch_flags=0x0 completion_flags=0x1 tokens=1 ids=22250 status=0
gateway_pump status=0 service_last=0 serving_last=3 live=0 queued=0 prefill=2 decode=40 events=2
pp13_trace prefill_begin request=680866350292302 offset=0 count=5
pp13_trace prefill_end status=0 dur_us=65351
pp13_trace decode_begin request=680866350292302
pp13_trace decode_end status=15 dur_us=16149
gateway_pump status=0 service_last=0 serving_last=15 live=1 queued=0 prefill=3 decode=40 events=2
pp13_trace final_event request=680866350292302 sequence=680866350292302 position=4 kind=2 dispatch_flags=0x200 completion_flags=0x1 tokens=2 ids=1246,311 status=0
pp13_trace decode_begin request=680866350292302
pp13_trace decode_end status=15 dur_us=16637
gateway_pump status=0 service_last=0 serving_last=15 live=1 queued=0 prefill=3 decode=41 events=1
gateway_pump status=0 service_last=0 serving_last=3 live=1 queued=0 prefill=3 decode=41 events=0
pp13_trace final_event request=680866350292302 sequence=680866350292302 position=5 kind=4 dispatch_flags=0x400 completion_flags=0x3 tokens=2 ids=311,1477 status=0
mtp_trace verify request=680866350292302 sequence=680866350292302 proposed=1 accepted=1 committed=2 fallback=1477 draft_ids=311 verifier_ids=311,1477
pp13_trace decode_begin request=680866350292302
pp13_trace decode_end status=15 dur_us=32925
gateway_pump status=0 service_last=0 serving_last=15 live=1 queued=0 prefill=3 decode=42 events=2
gateway_pump status=0 service_last=0 serving_last=3 live=1 queued=0 prefill=3 decode=42 events=0
pp13_trace final_event request=680866350292302 sequence=680866350292302 position=7 kind=4 dispatch_flags=0x400 completion_flags=0x3 tokens=3 ids=279,73605,315 status=0
mtp_trace verify request=680866350292302 sequence=680866350292302 proposed=2 accepted=1 committed=2 fallback=73605 draft_ids=279,5240 verifier_ids=279,73605,315
pp13_trace decode_begin request=680866350292302
pp13_trace decode_end status=15 dur_us=31920
gateway_pump status=0 service_last=0 serving_last=15 live=1 queued=0 prefill=3 decode=43 events=2
gateway_pump status=0 service_last=0 serving_last=3 live=1 queued=0 prefill=3 decode=43 events=0
pp13_trace final_event request=680866350292302 sequence=680866350292302 position=9 kind=4 dispatch_flags=0x400 completion_flags=0x3 tokens=3 ids=5267,40,614 status=0
mtp_trace verify request=680866350292302 sequence=680866350292302 proposed=2 accepted=0 committed=1 fallback=5267 draft_ids=198,40 verifier_ids=5267,40,614
pp13_trace decode_begin request=680866350292302
pp13_trace decode_end status=15 dur_us=16261
gateway_pump status=0 service_last=0 serving_last=15 live=1 queued=0 prefill=3 decode=44 events=1
gateway_pump status=0 service_last=0 serving_last=3 live=1 queued=0 prefill=3 decode=44 events=0
pp13_trace final_event request=680866350292302 sequence=680866350292302 position=10 kind=4 dispatch_flags=0x400 completion_flags=0x3 tokens=2 ids=40,614 status=0
mtp_trace verify request=680866350292302 sequence=680866350292302 proposed=1 accepted=1 committed=2 fallback=614 draft_ids=40 verifier_ids=40,614
pp13_trace decode_begin request=680866350292302
pp13_trace decode_end status=15 dur_us=32891
gateway_pump status=0 service_last=0 serving_last=15 live=1 queued=0 prefill=3 decode=45 events=2
gateway_pump status=0 service_last=0 serving_last=3 live=1 queued=0 prefill=3 decode=45 events=0
pp13_trace final_event request=680866350292302 sequence=680866350292302 position=12 kind=4 dispatch_flags=0x400 completion_flags=0x3 tokens=3 ids=264,92562,4285 status=0
mtp_trace verify request=680866350292302 sequence=680866350292302 proposed=2 accepted=1 committed=2 fallback=92562 draft_ids=264,1602 verifier_ids=264,92562,4285
pp13_trace decode_begin request=680866350292302
pp13_trace decode_end status=15 dur_us=32512
gateway_pump status=0 service_last=0 serving_last=15 live=1 queued=0 prefill=3 decode=46 events=2
gateway_pump status=0 service_last=0 serving_last=3 live=1 queued=0 prefill=3 decode=46 events=0
pp13_trace final_event request=680866350292302 sequence=680866350292302 position=14 kind=4 dispatch_flags=0x400 completion_flags=0x3 tokens=3 ids=304,847,73029 status=0
mtp_trace verify request=680866350292302 sequence=680866350292302 proposed=2 accepted=2 committed=3 fallback=73029 draft_ids=304,847 verifier_ids=304,847,73029
pp13_trace decode_begin request=680866350292302
pp13_trace decode_end status=15 dur_us=32018
gateway_pump status=0 service_last=0 serving_last=15 live=1 queued=0 prefill=3 decode=47 events=3
gateway_pump status=0 service_last=0 serving_last=3 live=1 queued=0 prefill=3 decode=47 events=0
pp13_trace final_event request=680866350292302 sequence=680866350292302 position=17 kind=4 dispatch_flags=0x400 completion_flags=0x3 tokens=3 ids=4625,13,358 status=0
mtp_trace verify request=680866350292302 sequence=680866350292302 proposed=2 accepted=2 committed=3 fallback=358 draft_ids=4625,13 verifier_ids=4625,13,358
pp13_trace decode_begin request=680866350292302
pp13_trace decode_end status=15 dur_us=32235
gateway_pump status=0 service_last=0 serving_last=15 live=1 queued=0 prefill=3 decode=48 events=3
gateway_pump status=0 service_last=0 serving_last=3 live=1 queued=0 prefill=3 decode=48 events=0
pp13_trace final_event request=680866350292302 sequence=680866350292302 position=20 kind=4 dispatch_flags=0x400 completion_flags=0x3 tokens=3 ids=2776,279,1965 status=0
mtp_trace verify request=680866350292302 sequence=680866350292302 proposed=2 accepted=0 committed=1 fallback=2776 draft_ids=614,264 verifier_ids=2776,279,1965
pp13_trace decode_begin request=680866350292302
pp13_trace decode_end status=15 dur_us=16537
gateway_pump status=0 service_last=0 serving_last=15 live=1 queued=0 prefill=3 decode=49 events=1
gateway_pump status=0 service_last=0 serving_last=3 live=1 queued=0 prefill=3 decode=49 events=0
pp13_trace final_event request=680866350292302 sequence=680866350292302 position=21 kind=4 dispatch_flags=0x400 completion_flags=0x3 tokens=2 ids=4460,73029 status=0
mtp_trace verify request=680866350292302 sequence=680866350292302 proposed=1 accepted=0 committed=1 fallback=4460 draft_ids=1667 verifier_ids=4460,73029
pp13_trace decode_begin request=680866350292302
pp13_trace decode_end status=15 dur_us=16221
gateway_pump status=0 service_last=0 serving_last=15 live=1 queued=0 prefill=3 decode=50 events=1
gateway_pump status=0 service_last=0 serving_last=3 live=1 queued=0 prefill=3 decode=50 events=0
pp13_trace final_event request=680866350292302 sequence=680866350292302 position=22 kind=4 dispatch_flags=0x400 completion_flags=0x3 tokens=2 ids=311,3535 status=0
mtp_trace verify request=680866350292302 sequence=680866350292302 proposed=1 accepted=1 committed=2 fallback=3535 draft_ids=311 verifier_ids=311,3535
pp13_trace decode_begin request=680866350292302
pp13_trace decode_end status=15 dur_us=32704
gateway_pump status=0 service_last=0 serving_last=15 live=1 queued=0 prefill=3 decode=51 events=2
gateway_pump status=0 service_last=0 serving_last=3 live=1 queued=0 prefill=3 decode=51 events=0
pp13_trace final_event request=680866350292302 sequence=680866350292302 position=24 kind=4 dispatch_flags=0x400 completion_flags=0x3 tokens=3 ids=1246,594,5240 status=0
mtp_trace verify request=680866350292302 sequence=680866350292302 proposed=2 accepted=0 committed=1 fallback=1246 draft_ids=1128,279 verifier_ids=1246,594,5240
pp13_trace decode_begin request=680866350292302
pp13_trace decode_end status=15 dur_us=16595
gateway_pump status=0 service_last=0 serving_last=15 live=1 queued=0 prefill=3 decode=52 events=1
gateway_pump status=0 service_last=0 serving_last=3 live=1 queued=0 prefill=3 decode=52 events=0
pp13_trace final_event request=680866350292302 sequence=680866350292302 position=25 kind=4 dispatch_flags=0x400 completion_flags=0x3 tokens=2 ids=311,1477 status=0
mtp_trace verify request=680866350292302 sequence=680866350292302 proposed=1 accepted=1 committed=2 fallback=1477 draft_ids=311 verifier_ids=311,1477
pp13_trace decode_begin request=680866350292302
pp13_trace decode_end status=15 dur_us=32161
gateway_pump status=0 service_last=0 serving_last=15 live=1 queued=0 prefill=3 decode=53 events=2
gateway_pump status=0 service_last=0 serving_last=3 live=1 queued=0 prefill=3 decode=53 events=0
pp13_trace final_event request=680866350292302 sequence=680866350292302 position=27 kind=4 dispatch_flags=0x400 completion_flags=0x3 tokens=3 ids=279,73605,315 status=0
mtp_trace verify request=680866350292302 sequence=680866350292302 proposed=2 accepted=1 committed=2 fallback=73605 draft_ids=279,5240 verifier_ids=279,73605,315
pp13_trace decode_begin request=680866350292302
pp13_trace decode_end status=15 dur_us=32603
gateway_pump status=0 service_last=0 serving_last=15 live=1 queued=0 prefill=3 decode=54 events=2
gateway_pump status=0 service_last=0 serving_last=3 live=1 queued=0 prefill=3 decode=54 events=0
pp13_trace final_event request=680866350292302 sequence=680866350292302 position=29 kind=4 dispatch_flags=0x400 completion_flags=0x3 tokens=3 ids=624,715,614 status=0
mtp_trace verify request=680866350292302 sequence=680866350292302 proposed=2 accepted=0 committed=1 fallback=624 draft_ids=13,358 verifier_ids=624,715,614
pp13_trace decode_begin request=680866350292302
pp13_trace decode_end status=15 dur_us=16196
gateway_pump status=0 service_last=0 serving_last=15 live=1 queued=0 prefill=3 decode=55 events=1
gateway_pump status=0 service_last=0 serving_last=3 live=1 queued=0 prefill=3 decode=55 events=0
pp13_trace final_event request=680866350292302 sequence=680866350292302 position=30 kind=4 dispatch_flags=0x400 completion_flags=0x3 tokens=2 ids=40,614 status=0
mtp_trace verify request=680866350292302 sequence=680866350292302 proposed=1 accepted=1 committed=2 fallback=614 draft_ids=40 verifier_ids=40,614
pp13_trace decode_begin request=680866350292302
pp13_trace decode_end status=15 dur_us=32203
gateway_pump status=0 service_last=0 serving_last=15 live=1 queued=0 prefill=3 decode=56 events=2
gateway_pump status=0 service_last=0 serving_last=3 live=1 queued=0 prefill=3 decode=56 events=0
pp13_trace final_event request=680866350292302 sequence=680866350292302 position=32 kind=4 dispatch_flags=0x400 completion_flags=0x3 tokens=3 ids=279,2701,1487 status=0
mtp_trace verify request=680866350292302 sequence=680866350292302 proposed=2 accepted=2 committed=3 fallback=1487 draft_ids=279,2701 verifier_ids=279,2701,1487
pp13_trace decode_begin request=680866350292302
pp13_trace decode_end status=15 dur_us=31905
gateway_pump status=0 service_last=0 serving_last=15 live=1 queued=0 prefill=3 decode=57 events=3
gateway_pump status=0 service_last=0 serving_last=3 live=1 queued=0 prefill=3 decode=57 events=0
pp13_trace final_event request=680866350292302 sequence=680866350292302 position=35 kind=4 dispatch_flags=0x400 completion_flags=0x3 tokens=3 ids=510,3682,3989 status=0
mtp_trace verify request=680866350292302 sequence=680866350292302 proposed=2 accepted=1 committed=2 fallback=3682 draft_ids=510,13865 verifier_ids=510,3682,3989
pp13_trace decode_begin request=680866350292302
pp13_trace decode_end status=15 dur_us=42016
gateway_pump status=0 service_last=0 serving_last=15 live=1 queued=0 prefill=3 decode=58 events=2
gateway_pump status=0 service_last=0 serving_last=3 live=1 queued=0 prefill=3 decode=58 events=0
pp13_trace final_event request=680866350292302 sequence=680866350292302 position=37 kind=4 dispatch_flags=0x400 completion_flags=0x3 tokens=3 ids=25,220,92562 status=0
mtp_trace verify request=680866350292302 sequence=680866350292302 proposed=2 accepted=2 committed=3 fallback=92562 draft_ids=25,220 verifier_ids=25,220,92562
pp13_trace decode_begin request=680866350292302
pp13_trace decode_end status=15 dur_us=31806
gateway_pump status=0 service_last=0 serving_last=15 live=1 queued=0 prefill=3 decode=59 events=3
gateway_pump status=0 service_last=0 serving_last=3 live=1 queued=0 prefill=3 decode=59 events=0
pp13_trace final_event request=680866350292302 sequence=680866350292302 position=40 kind=4 dispatch_flags=0x400 completion_flags=0x3 tokens=3 ids=16492,198,3668 status=0
mtp_trace verify request=680866350292302 sequence=680866350292302 proposed=2 accepted=1 committed=2 fallback=198 draft_ids=16492,518 verifier_ids=16492,198,3668
pp13_trace decode_begin request=680866350292302
pp13_trace decode_end status=15 dur_us=31923
gateway_pump status=0 service_last=0 serving_last=15 live=1 queued=0 prefill=3 decode=60 events=2
gateway_pump status=0 service_last=0 serving_last=3 live=1 queued=0 prefill=3 decode=60 events=0
pp13_trace final_event request=680866350292302 sequence=680866350292302 position=42 kind=4 dispatch_flags=0x400 completion_flags=0x3 tokens=3 ids=85091,25,220 status=0
mtp_trace verify request=680866350292302 sequence=680866350292302 proposed=2 accepted=2 committed=3 fallback=220 draft_ids=85091,25 verifier_ids=85091,25,220
pp13_trace decode_begin request=680866350292302
pp13_trace decode_end status=15 dur_us=32813
gateway_pump status=0 service_last=0 serving_last=15 live=1 queued=0 prefill=3 decode=61 events=3
gateway_pump status=0 service_last=0 serving_last=3 live=1 queued=0 prefill=3 decode=61 events=0
pp13_trace final_event request=680866350292302 sequence=680866350292302 position=45 kind=4 dispatch_flags=0x400 completion_flags=0x3 tokens=3 ids=8602,220,18 status=0
mtp_trace verify request=680866350292302 sequence=680866350292302 proposed=2 accepted=2 committed=3 fallback=18 draft_ids=8602,220 verifier_ids=8602,220,18
pp13_trace decode_begin request=680866350292302
pp13_trace decode_end status=15 dur_us=31793
gateway_pump status=0 service_last=0 serving_last=15 live=1 queued=0 prefill=3 decode=62 events=3
gateway_pump status=0 service_last=0 serving_last=3 live=1 queued=0 prefill=3 decode=62 events=0
pp13_trace final_event request=680866350292302 sequence=680866350292302 position=48 kind=4 dispatch_flags=0x400 completion_flags=0x3 tokens=3 ids=99951,102636,46648 status=0
mtp_trace verify request=680866350292302 sequence=680866350292302 proposed=2 accepted=0 committed=1 fallback=99951 draft_ids=98886,15 verifier_ids=99951,102636,46648
pp13_trace decode_begin request=680866350292302
pp13_trace decode_end status=15 dur_us=16318
gateway_pump status=0 service_last=0 serving_last=15 live=1 queued=0 prefill=3 decode=63 events=1
gateway_pump status=0 service_last=0 serving_last=3 live=1 queued=0 prefill=3 decode=63 events=0
pp13_trace final_event request=680866350292302 sequence=680866350292302 position=49 kind=4 dispatch_flags=0x400 completion_flags=0x3 tokens=2 ids=102856,46648 status=0
mtp_trace verify request=680866350292302 sequence=680866350292302 proposed=1 accepted=0 committed=1 fallback=102856 draft_ids=101840 verifier_ids=102856,46648
pp13_trace decode_begin request=680866350292302
pp13_trace decode_end status=15 dur_us=16482
gateway_pump status=0 service_last=0 serving_last=15 live=1 queued=0 prefill=3 decode=64 events=1
gateway_pump status=0 service_last=0 serving_last=3 live=1 queued=0 prefill=3 decode=64 events=0
pp13_trace final_event request=680866350292302 sequence=680866350292302 position=50 kind=4 dispatch_flags=0x400 completion_flags=0x3 tokens=2 ids=46648,369 status=0
mtp_trace verify request=680866350292302 sequence=680866350292302 proposed=1 accepted=1 committed=2 fallback=369 draft_ids=46648 verifier_ids=46648,369
pp13_trace decode_begin request=680866350292302
pp13_trace decode_end status=15 dur_us=32208
gateway_pump status=0 service_last=0 serving_last=15 live=1 queued=0 prefill=3 decode=65 events=2
gateway_pump status=0 service_last=0 serving_last=3 live=1 queued=0 prefill=3 decode=65 events=0
pp13_trace final_event request=680866350292302 sequence=680866350292302 position=52 kind=4 dispatch_flags=0x400 completion_flags=0x3 tokens=3 ids=11769,11983,11983 status=0
mtp_trace verify request=680866350292302 sequence=680866350292302 proposed=2 accepted=1 committed=2 fallback=11983 draft_ids=11769,480 verifier_ids=11769,11983,11983
pp13_trace decode_begin request=680866350292302
pp13_trace decode_end status=15 dur_us=32633
gateway_pump status=0 service_last=0 serving_last=15 live=1 queued=0 prefill=3 decode=66 events=2
gateway_pump status=0 service_last=0 serving_last=3 live=1 queued=0 prefill=3 decode=66 events=0
pp13_trace final_event request=680866350292302 sequence=680866350292302 position=54 kind=4 dispatch_flags=0x400 completion_flags=0x3 tokens=3 ids=389,7745,7745 status=0
mtp_trace verify request=680866350292302 sequence=680866350292302 proposed=2 accepted=1 committed=2 fallback=7745 draft_ids=389,220 verifier_ids=389,7745,7745
pp13_trace decode_begin request=680866350292302
pp13_trace decode_end status=15 dur_us=32986
gateway_pump status=0 service_last=0 serving_last=15 live=1 queued=0 prefill=3 decode=67 events=2
gateway_pump status=0 service_last=0 serving_last=3 live=1 queued=0 prefill=3 decode=67 events=0
pp13_trace final_event request=680866350292302 sequence=680866350292302 position=56 kind=4 dispatch_flags=0x400 completion_flags=0x3 tokens=3 ids=220,24,24 status=0
mtp_trace verify request=680866350292302 sequence=680866350292302 proposed=2 accepted=1 committed=2 fallback=24 draft_ids=220,220 verifier_ids=220,24,24
pp13_trace decode_begin request=680866350292302
pp13_trace decode_end status=15 dur_us=32063
gateway_pump status=0 service_last=0 serving_last=15 live=1 queued=0 prefill=3 decode=68 events=2
gateway_pump status=0 service_last=0 serving_last=3 live=1 queued=0 prefill=3 decode=68 events=0
pp13_trace final_event request=680866350292302 sequence=680866350292302 position=58 kind=4 dispatch_flags=0x400 completion_flags=0x3 tokens=3 ids=101252,23,101961 status=0
mtp_trace verify request=680866350292302 sequence=680866350292302 proposed=2 accepted=0 committed=1 fallback=101252 draft_ids=101562,22 verifier_ids=101252,23,101961
pp13_trace decode_begin request=680866350292302
pp13_trace decode_end status=15 dur_us=16344
gateway_pump status=0 service_last=0 serving_last=15 live=1 queued=0 prefill=3 decode=69 events=1
gateway_pump status=0 service_last=0 serving_last=3 live=1 queued=0 prefill=3 decode=69 events=0
pp13_trace final_event request=680866350292302 sequence=680866350292302 position=59 kind=4 dispatch_flags=0x400 completion_flags=0x3 tokens=2 ids=21,101562 status=0
mtp_trace verify request=680866350292302 sequence=680866350292302 proposed=1 accepted=1 committed=2 fallback=101562 draft_ids=21 verifier_ids=21,101562
pp13_trace decode_begin request=680866350292302
pp13_trace decode_end status=15 dur_us=32156
gateway_pump status=0 service_last=0 serving_last=15 live=1 queued=0 prefill=3 decode=70 events=2
gateway_pump status=0 service_last=0 serving_last=3 live=1 queued=0 prefill=3 decode=70 events=0
pp13_trace final_event request=680866350292302 sequence=680866350292302 position=61 kind=4 dispatch_flags=0x400 completion_flags=0x3 tokens=3 ids=26,19263,19263 status=0
mtp_trace verify request=680866350292302 sequence=680866350292302 proposed=2 accepted=1 committed=2 fallback=19263 draft_ids=26,220 verifier_ids=26,19263,19263
pp13_trace decode_begin request=680866350292302
pp13_trace decode_end status=15 dur_us=32671
gateway_pump status=0 service_last=0 serving_last=15 live=1 queued=0 prefill=3 decode=71 events=2
gateway_pump status=0 service_last=0 serving_last=3 live=1 queued=0 prefill=3 decode=71 events=0
pp13_trace final_event request=680866350292302 sequence=680866350292302 position=63 kind=4 dispatch_flags=0x400 completion_flags=0x3 tokens=3 ids=553,1882,1882 status=0
mtp_trace verify request=680866350292302 sequence=680866350292302 proposed=2 accepted=1 committed=2 fallback=1882 draft_ids=553,220 verifier_ids=553,1882,1882
pp13_trace decode_begin request=680866350292302
pp13_trace decode_end status=15 dur_us=32426
gateway_pump status=0 service_last=0 serving_last=15 live=1 queued=0 prefill=3 decode=72 events=2
gateway_pump status=0 service_last=0 serving_last=3 live=1 queued=0 prefill=3 decode=72 events=0
pp13_trace final_event request=680866350292302 sequence=680866350292302 position=65 kind=4 dispatch_flags=0x400 completion_flags=0x3 tokens=3 ids=220,18,99951 status=0
mtp_trace verify request=680866350292302 sequence=680866350292302 proposed=2 accepted=2 committed=3 fallback=99951 draft_ids=220,18 verifier_ids=220,18,99951
gateway_pump status=0 service_last=0 serving_last=3 live=0 queued=0 prefill=3 decode=73 events=4
pp13_trace prefill_begin request=680866350292303 offset=0 count=6
pp13_trace prefill_end status=0 dur_us=89140
pp13_trace decode_begin request=680866350292303
pp13_trace decode_end status=15 dur_us=15824
gateway_pump status=0 service_last=0 serving_last=15 live=1 queued=0 prefill=4 decode=73 events=2
pp13_trace final_event request=680866350292303 sequence=680866350292303 position=5 kind=2 dispatch_flags=0x200 completion_flags=0x1 tokens=2 ids=4157,17173 status=0
pp13_trace decode_begin request=680866350292303
pp13_trace decode_end status=15 dur_us=17144
gateway_pump status=0 service_last=0 serving_last=15 live=1 queued=0 prefill=4 decode=74 events=1
gateway_pump status=0 service_last=0 serving_last=3 live=1 queued=0 prefill=4 decode=74 events=0
pp13_trace final_event request=680866350292303 sequence=680866350292303 position=6 kind=4 dispatch_flags=0x400 completion_flags=0x3 tokens=2 ids=9788,438 status=0
mtp_trace verify request=680866350292303 sequence=680866350292303 proposed=1 accepted=0 committed=1 fallback=9788 draft_ids=17173 verifier_ids=9788,438
pp13_trace decode_begin request=680866350292303
pp13_trace decode_end status=15 dur_us=16431
gateway_pump status=0 service_last=0 serving_last=15 live=1 queued=0 prefill=4 decode=75 events=1
gateway_pump status=0 service_last=0 serving_last=3 live=1 queued=0 prefill=4 decode=75 events=0
pp13_trace final_event request=680866350292303 sequence=680866350292303 position=7 kind=4 dispatch_flags=0x400 completion_flags=0x3 tokens=2 ids=311,1565 status=0
mtp_trace verify request=680866350292303 sequence=680866350292303 proposed=1 accepted=1 committed=2 fallback=1565 draft_ids=311 verifier_ids=311,1565
pp13_trace decode_begin request=680866350292303
pp13_trace decode_end status=15 dur_us=32212
gateway_pump status=0 service_last=0 serving_last=15 live=1 queued=0 prefill=4 decode=76 events=2
gateway_pump status=0 service_last=0 serving_last=3 live=1 queued=0 prefill=4 decode=76 events=0
pp13_trace final_event request=680866350292303 sequence=680866350292303 position=9 kind=4 dispatch_flags=0x400 completion_flags=0x3 tokens=3 ids=721,63,1576 status=0
mtp_trace verify request=680866350292303 sequence=680866350292303 proposed=2 accepted=2 committed=3 fallback=1576 draft_ids=721,63 verifier_ids=721,63,1576
pp13_trace decode_begin request=680866350292303
pp13_trace decode_end status=15 dur_us=32712
gateway_pump status=0 service_last=0 serving_last=15 live=1 queued=0 prefill=4 decode=77 events=3
gateway_pump status=0 service_last=0 serving_last=3 live=1 queued=0 prefill=4 decode=77 events=0
pp13_trace final_event request=680866350292303 sequence=680866350292303 position=12 kind=4 dispatch_flags=0x400 completion_flags=0x3 tokens=3 ids=432,374,45295 status=0
mtp_trace verify request=680866350292303 sequence=680866350292303 proposed=2 accepted=2 committed=3 fallback=45295 draft_ids=432,374 verifier_ids=432,374,45295
pp13_trace decode_begin request=680866350292303
pp13_trace decode_end status=15 dur_us=32267
gateway_pump status=0 service_last=0 serving_last=15 live=1 queued=0 prefill=4 decode=78 events=3
gateway_pump status=0 service_last=0 serving_last=3 live=1 queued=0 prefill=4 decode=78 events=0
pp13_trace final_event request=680866350292303 sequence=680866350292303 position=15 kind=4 dispatch_flags=0x400 completion_flags=0x3 tokens=3 ids=198,40,2776 status=0
mtp_trace verify request=680866350292303 sequence=680866350292303 proposed=2 accepted=2 committed=3 fallback=2776 draft_ids=198,40 verifier_ids=198,40,2776
pp13_trace decode_begin request=680866350292303
pp13_trace decode_end status=15 dur_us=33439
gateway_pump status=0 service_last=0 serving_last=15 live=1 queued=0 prefill=4 decode=79 events=3
gateway_pump status=0 service_last=0 serving_last=3 live=1 queued=0 prefill=4 decode=79 events=0
pp13_trace final_event request=680866350292303 sequence=680866350292303 position=18 kind=4 dispatch_flags=0x400 completion_flags=0x3 tokens=3 ids=4460,311,4211 status=0
mtp_trace verify request=680866350292303 sequence=680866350292303 proposed=2 accepted=2 committed=3 fallback=4211 draft_ids=4460,311 verifier_ids=4460,311,4211
pp13_trace decode_begin request=680866350292303
pp13_trace decode_end status=15 dur_us=32675
gateway_pump status=0 service_last=0 serving_last=15 live=1 queued=0 prefill=4 decode=80 events=3
gateway_pump status=0 service_last=0 serving_last=3 live=1 queued=0 prefill=4 decode=80 events=0
pp13_trace final_event request=680866350292303 sequence=680866350292303 position=21 kind=4 dispatch_flags=0x400 completion_flags=0x3 tokens=3 ids=264,4285,39087 status=0
mtp_trace verify request=680866350292303 sequence=680866350292303 proposed=2 accepted=2 committed=3 fallback=39087 draft_ids=264,4285 verifier_ids=264,4285,39087
pp13_trace decode_begin request=680866350292303
pp13_trace decode_end status=15 dur_us=32812
gateway_pump status=0 service_last=0 serving_last=15 live=1 queued=0 prefill=4 decode=81 events=3
gateway_pump status=0 service_last=0 serving_last=3 live=1 queued=0 prefill=4 decode=81 events=0
pp13_trace final_event request=680866350292303 sequence=680866350292303 position=24 kind=4 dispatch_flags=0x400 completion_flags=0x3 tokens=3 ids=304,33627,13 status=0
mtp_trace verify request=680866350292303 sequence=680866350292303 proposed=2 accepted=2 committed=3 fallback=13 draft_ids=304,33627 verifier_ids=304,33627,13
pp13_trace decode_begin request=680866350292303
pp13_trace decode_end status=15 dur_us=32482
gateway_pump status=0 service_last=0 serving_last=15 live=1 queued=0 prefill=4 decode=82 events=3
gateway_pump status=0 service_last=0 serving_last=3 live=1 queued=0 prefill=4 decode=82 events=0
pp13_trace final_event request=680866350292303 sequence=680866350292303 position=27 kind=4 dispatch_flags=0x400 completion_flags=0x3 tokens=3 ids=358,614,264 status=0
mtp_trace verify request=680866350292303 sequence=680866350292303 proposed=2 accepted=2 committed=3 fallback=264 draft_ids=358,614 verifier_ids=358,614,264
pp13_trace decode_begin request=680866350292303
pp13_trace decode_end status=15 dur_us=32946
gateway_pump status=0 service_last=0 serving_last=15 live=1 queued=0 prefill=4 decode=83 events=3
gateway_pump status=0 service_last=0 serving_last=3 live=1 queued=0 prefill=4 decode=83 events=0
pp13_trace final_event request=680866350292303 sequence=680866350292303 position=30 kind=4 dispatch_flags=0x400 completion_flags=0x3 tokens=3 ids=2036,81815,1782 status=0
mtp_trace verify request=680866350292303 sequence=680866350292303 proposed=2 accepted=1 committed=2 fallback=81815 draft_ids=2036,320 verifier_ids=2036,81815,1782
pp13_trace decode_begin request=680866350292303
pp13_trace decode_end status=15 dur_us=31967
gateway_pump status=0 service_last=0 serving_last=15 live=1 queued=0 prefill=4 decode=84 events=2
gateway_pump status=0 service_last=0 serving_last=3 live=1 queued=0 prefill=4 decode=84 events=0
pp13_trace final_event request=680866350292303 sequence=680866350292303 position=32 kind=4 dispatch_flags=0x400 completion_flags=0x3 tokens=3 ids=448,9977,264 status=0
mtp_trace verify request=680866350292303 sequence=680866350292303 proposed=2 accepted=0 committed=1 fallback=448 draft_ids=429,9977 verifier_ids=448,9977,264
pp13_trace decode_begin request=680866350292303
pp13_trace decode_end status=15 dur_us=16238
gateway_pump status=0 service_last=0 serving_last=15 live=1 queued=0 prefill=4 decode=85 events=1
gateway_pump status=0 service_last=0 serving_last=3 live=1 queued=0 prefill=4 decode=85 events=0
pp13_trace final_event request=680866350292303 sequence=680866350292303 position=33 kind=4 dispatch_flags=0x400 completion_flags=0x3 tokens=2 ids=264,1714 status=0
mtp_trace verify request=680866350292303 sequence=680866350292303 proposed=1 accepted=1 committed=2 fallback=1714 draft_ids=264 verifier_ids=264,1714
pp13_trace decode_begin request=680866350292303
pp13_trace decode_end status=15 dur_us=31885
gateway_pump status=0 service_last=0 serving_last=15 live=1 queued=0 prefill=4 decode=86 events=2
gateway_pump status=0 service_last=0 serving_last=3 live=1 queued=0 prefill=4 decode=86 events=0
pp13_trace final_event request=680866350292303 sequence=680866350292303 position=35 kind=4 dispatch_flags=0x400 completion_flags=0x3 tokens=3 ids=5603,37210,429 status=0
mtp_trace verify request=680866350292303 sequence=680866350292303 proposed=2 accepted=0 committed=1 fallback=5603 draft_ids=1598,368 verifier_ids=5603,37210,429
pp13_trace decode_begin request=680866350292303
pp13_trace decode_end status=15 dur_us=16405
gateway_pump status=0 service_last=0 serving_last=15 live=1 queued=0 prefill=4 decode=87 events=1
gateway_pump status=0 service_last=0 serving_last=3 live=1 queued=0 prefill=4 decode=87 events=0
pp13_trace final_event request=680866350292303 sequence=680866350292303 position=36 kind=4 dispatch_flags=0x400 completion_flags=0x3 tokens=2 ids=21861,4990 status=0
mtp_trace verify request=680866350292303 sequence=680866350292303 proposed=1 accepted=0 committed=1 fallback=21861 draft_ids=429 verifier_ids=21861,4990
pp13_trace decode_begin request=680866350292303
pp13_trace decode_end status=15 dur_us=16273
gateway_pump status=0 service_last=0 serving_last=15 live=1 queued=0 prefill=4 decode=88 events=1
gateway_pump status=0 service_last=0 serving_last=3 live=1 queued=0 prefill=4 decode=88 events=0
pp13_trace final_event request=680866350292303 sequence=680866350292303 position=37 kind=4 dispatch_flags=0x400 completion_flags=0x3 tokens=2 ids=429,65766 status=0
mtp_trace verify request=680866350292303 sequence=680866350292303 proposed=1 accepted=1 committed=2 fallback=65766 draft_ids=429 verifier_ids=429,65766
pp13_trace decode_begin request=680866350292303
pp13_trace decode_end status=15 dur_us=41693
gateway_pump status=0 service_last=0 serving_last=15 live=1 queued=0 prefill=4 decode=89 events=2
gateway_pump status=0 service_last=0 serving_last=3 live=1 queued=0 prefill=4 decode=89 events=0
pp13_trace final_event request=680866350292303 sequence=680866350292303 position=39 kind=4 dispatch_flags=0x400 completion_flags=0x3 tokens=3 ids=458,7493,13 status=0
mtp_trace verify request=680866350292303 sequence=680866350292303 proposed=2 accepted=2 committed=3 fallback=13 draft_ids=458,7493 verifier_ids=458,7493,13
pp13_trace decode_begin request=680866350292303
pp13_trace decode_end status=15 dur_us=31755
gateway_pump status=0 service_last=0 serving_last=15 live=1 queued=0 prefill=4 decode=90 events=3
gateway_pump status=0 service_last=0 serving_last=3 live=1 queued=0 prefill=4 decode=90 events=0
pp13_trace final_event request=680866350292303 sequence=680866350292303 position=42 kind=4 dispatch_flags=0x400 completion_flags=0x3 tokens=3 ids=576,7493,646 status=0
mtp_trace verify request=680866350292303 sequence=680866350292303 proposed=2 accepted=2 committed=3 fallback=646 draft_ids=576,7493 verifier_ids=576,7493,646
pp13_trace decode_begin request=680866350292303
pp13_trace decode_end status=15 dur_us=32419
gateway_pump status=0 service_last=0 serving_last=15 live=1 queued=0 prefill=4 decode=91 events=3
gateway_pump status=0 service_last=0 serving_last=3 live=1 queued=0 prefill=4 decode=91 events=0
pp13_trace final_event request=680866350292303 sequence=680866350292303 position=45 kind=4 dispatch_flags=0x400 completion_flags=0x3 tokens=3 ids=387,264,16305 status=0
mtp_trace verify request=680866350292303 sequence=680866350292303 proposed=2 accepted=1 committed=2 fallback=264 draft_ids=387,458 verifier_ids=387,264,16305
pp13_trace decode_begin request=680866350292303
pp13_trace decode_end status=15 dur_us=32479
gateway_pump status=0 service_last=0 serving_last=15 live=1 queued=0 prefill=4 decode=92 events=2
gateway_pump status=0 service_last=0 serving_last=3 live=1 queued=0 prefill=4 decode=92 events=0
pp13_trace final_event request=680866350292303 sequence=680866350292303 position=47 kind=4 dispatch_flags=0x400 completion_flags=0x3 tokens=3 ids=729,1618,323 status=0
mtp_trace verify request=680866350292303 sequence=680866350292303 proposed=2 accepted=1 committed=2 fallback=1618 draft_ids=729,11 verifier_ids=729,1618,323
pp13_trace decode_begin request=680866350292303
pp13_trace decode_end status=15 dur_us=32190
gateway_pump status=0 service_last=0 serving_last=15 live=1 queued=0 prefill=4 decode=93 events=2
gateway_pump status=0 service_last=0 serving_last=3 live=1 queued=0 prefill=4 decode=93 events=0
pp13_trace final_event request=680866350292303 sequence=680866350292303 position=49 kind=4 dispatch_flags=0x400 completion_flags=0x3 tokens=3 ids=11,304,7460 status=0
mtp_trace verify request=680866350292303 sequence=680866350292303 proposed=2 accepted=1 committed=2 fallback=304 draft_ids=11,892 verifier_ids=11,304,7460
pp13_trace decode_begin request=680866350292303
pp13_trace decode_end status=15 dur_us=31983
gateway_pump status=0 service_last=0 serving_last=15 live=1 queued=0 prefill=4 decode=94 events=2
gateway_pump status=0 service_last=0 serving_last=3 live=1 queued=0 prefill=4 decode=94 events=0
pp13_trace final_event request=680866350292303 sequence=680866350292303 position=51 kind=4 dispatch_flags=0x400 completion_flags=0x3 tokens=3 ids=892,1142,358 status=0
mtp_trace verify request=680866350292303 sequence=680866350292303 proposed=2 accepted=2 committed=3 fallback=358 draft_ids=892,1142 verifier_ids=892,1142,358
pp13_trace decode_begin request=680866350292303
pp13_trace decode_end status=15 dur_us=32456
gateway_pump status=0 service_last=0 serving_last=15 live=1 queued=0 prefill=4 decode=95 events=3
gateway_pump status=0 service_last=0 serving_last=3 live=1 queued=0 prefill=4 decode=95 events=0
pp13_trace final_event request=680866350292303 sequence=680866350292303 position=54 kind=4 dispatch_flags=0x400 completion_flags=0x3 tokens=3 ids=1184,311,1618 status=0
mtp_trace verify request=680866350292303 sequence=680866350292303 proposed=2 accepted=2 committed=3 fallback=1618 draft_ids=1184,311 verifier_ids=1184,311,1618
pp13_trace decode_begin request=680866350292303
pp13_trace decode_end status=15 dur_us=32778
gateway_pump status=0 service_last=0 serving_last=15 live=1 queued=0 prefill=4 decode=96 events=3
gateway_pump status=0 service_last=0 serving_last=3 live=1 queued=0 prefill=4 decode=96 events=0
pp13_trace final_event request=680866350292303 sequence=680866350292303 position=57 kind=4 dispatch_flags=0x400 completion_flags=0x3 tokens=3 ids=264,729,504 status=0
mtp_trace verify request=680866350292303 sequence=680866350292303 proposed=2 accepted=2 committed=3 fallback=504 draft_ids=264,729 verifier_ids=264,729,504
pp13_trace decode_begin request=680866350292303
pp13_trace decode_end status=15 dur_us=32785
gateway_pump status=0 service_last=0 serving_last=15 live=1 queued=0 prefill=4 decode=97 events=3
gateway_pump status=0 service_last=0 serving_last=3 live=1 queued=0 prefill=4 decode=97 events=0
pp13_trace final_event request=680866350292303 sequence=680866350292303 position=60 kind=4 dispatch_flags=0x400 completion_flags=0x3 tokens=3 ids=279,39087,594 status=0
mtp_trace verify request=680866350292303 sequence=680866350292303 proposed=2 accepted=2 committed=3 fallback=594 draft_ids=279,39087 verifier_ids=279,39087,594
pp13_trace decode_begin request=680866350292303
pp13_trace decode_end status=15 dur_us=32658
gateway_pump status=0 service_last=0 serving_last=15 live=1 queued=0 prefill=4 decode=98 events=3
gateway_pump status=0 service_last=0 serving_last=3 live=1 queued=0 prefill=4 decode=98 events=0
pp13_trace final_event request=680866350292303 sequence=680866350292303 position=63 kind=4 dispatch_flags=0x400 completion_flags=0x3 tokens=3 ids=4573,1965,13 status=0
mtp_trace verify request=680866350292303 sequence=680866350292303 proposed=2 accepted=0 committed=1 fallback=4573 draft_ids=729,1965 verifier_ids=4573,1965,13
pp13_trace decode_begin request=680866350292303
pp13_trace decode_end status=15 dur_us=16500
gateway_pump status=0 service_last=0 serving_last=15 live=1 queued=0 prefill=4 decode=99 events=1
gateway_pump status=0 service_last=0 serving_last=3 live=1 queued=0 prefill=4 decode=99 events=0
pp13_trace final_event request=680866350292303 sequence=680866350292303 position=64 kind=4 dispatch_flags=0x400 completion_flags=0x3 tokens=2 ids=13,4354 status=0
mtp_trace verify request=680866350292303 sequence=680866350292303 proposed=1 accepted=1 committed=2 fallback=4354 draft_ids=13 verifier_ids=13,4354
pp13_trace decode_begin request=680866350292303
pp13_trace decode_end status=15 dur_us=32881
gateway_pump status=0 service_last=0 serving_last=15 live=1 queued=0 prefill=4 decode=100 events=2
gateway_pump status=0 service_last=0 serving_last=3 live=1 queued=0 prefill=4 decode=100 events=0
pp13_trace final_event request=680866350292303 sequence=680866350292303 position=66 kind=4 dispatch_flags=0x400 completion_flags=0x3 tokens=3 ids=11,358,2776 status=0
mtp_trace verify request=680866350292303 sequence=680866350292303 proposed=2 accepted=2 committed=3 fallback=2776 draft_ids=11,358 verifier_ids=11,358,2776
gateway_pump status=0 service_last=0 serving_last=3 live=0 queued=0 prefill=4 decode=101 events=4
pp13_trace prefill_begin request=680866350292304 offset=0 count=5
pp13_trace prefill_end status=0 dur_us=63452
pp13_trace decode_begin request=680866350292304
pp13_trace decode_end status=15 dur_us=15247
gateway_pump status=0 service_last=0 serving_last=15 live=1 queued=0 prefill=5 decode=101 events=2
pp13_trace final_event request=680866350292304 sequence=680866350292304 position=4 kind=2 dispatch_flags=0x200 completion_flags=0x1 tokens=2 ids=12089,13 status=0
pp13_trace decode_begin request=680866350292304
pp13_trace decode_end status=15 dur_us=16433
gateway_pump status=0 service_last=0 serving_last=15 live=1 queued=0 prefill=5 decode=102 events=1
gateway_pump status=0 service_last=0 serving_last=3 live=1 queued=0 prefill=5 decode=102 events=0
pp13_trace final_event request=680866350292304 sequence=680866350292304 position=5 kind=4 dispatch_flags=0x400 completion_flags=0x3 tokens=2 ids=13,31008 status=0
mtp_trace verify request=680866350292304 sequence=680866350292304 proposed=1 accepted=1 committed=2 fallback=31008 draft_ids=13 verifier_ids=13,31008
pp13_trace decode_begin request=680866350292304
pp13_trace decode_end status=15 dur_us=32558
gateway_pump status=0 service_last=0 serving_last=15 live=1 queued=0 prefill=5 decode=103 events=2
gateway_pump status=0 service_last=0 serving_last=3 live=1 queued=0 prefill=5 decode=103 events=0
pp13_trace final_event request=680866350292304 sequence=680866350292304 position=7 kind=4 dispatch_flags=0x400 completion_flags=0x3 tokens=3 ids=504,12089,311 status=0
mtp_trace verify request=680866350292304 sequence=680866350292304 proposed=2 accepted=2 committed=3 fallback=311 draft_ids=504,12089 verifier_ids=504,12089,311
pp13_trace decode_begin request=680866350292304
pp13_trace decode_end status=15 dur_us=32377
gateway_pump status=0 service_last=0 serving_last=15 live=1 queued=0 prefill=5 decode=104 events=3
gateway_pump status=0 service_last=0 serving_last=3 live=1 queued=0 prefill=5 decode=104 events=0
pp13_trace final_event request=680866350292304 sequence=680866350292304 position=10 kind=4 dispatch_flags=0x400 completion_flags=0x3 tokens=3 ids=54831,374,12089 status=0
mtp_trace verify request=680866350292304 sequence=680866350292304 proposed=2 accepted=1 committed=2 fallback=374 draft_ids=54831,311 verifier_ids=54831,374,12089
pp13_trace decode_begin request=680866350292304
pp13_trace decode_end status=15 dur_us=32839
gateway_pump status=0 service_last=0 serving_last=15 live=1 queued=0 prefill=5 decode=105 events=2
gateway_pump status=0 service_last=0 serving_last=3 live=1 queued=0 prefill=5 decode=105 events=0
pp13_trace final_event request=680866350292304 sequence=680866350292304 position=12 kind=4 dispatch_flags=0x400 completion_flags=0x3 tokens=3 ids=220,101294,98668 status=0
mtp_trace verify request=680866350292304 sequence=680866350292304 proposed=2 accepted=1 committed=2 fallback=101294 draft_ids=220,20 verifier_ids=220,101294,98668
pp13_trace decode_begin request=680866350292304
pp13_trace decode_end status=15 dur_us=32890
gateway_pump status=0 service_last=0 serving_last=15 live=1 queued=0 prefill=5 decode=106 events=2
gateway_pump status=0 service_last=0 serving_last=3 live=1 queued=0 prefill=5 decode=106 events=0
pp13_trace final_event request=680866350292304 sequence=680866350292304 position=14 kind=4 dispatch_flags=0x400 completion_flags=0x3 tokens=3 ids=16,13128,24 status=0
mtp_trace verify request=680866350292304 sequence=680866350292304 proposed=2 accepted=1 committed=2 fallback=13128 draft_ids=16,13 verifier_ids=16,13128,24
pp13_trace decode_begin request=680866350292304
pp13_trace decode_end status=15 dur_us=32199
gateway_pump status=0 service_last=0 serving_last=15 live=1 queued=0 prefill=5 decode=107 events=2
gateway_pump status=0 service_last=0 serving_last=3 live=1 queued=0 prefill=5 decode=107 events=0
pp13_trace final_event request=680866350292304 sequence=680866350292304 position=16 kind=4 dispatch_flags=0x400 completion_flags=0x3 tokens=3 ids=11,1393,101562 status=0
mtp_trace verify request=680866350292304 sequence=680866350292304 proposed=2 accepted=1 committed=2 fallback=1393 draft_ids=11,220 verifier_ids=11,1393,101562
pp13_trace decode_begin request=680866350292304
pp13_trace decode_end status=15 dur_us=32185
gateway_pump status=0 service_last=0 serving_last=15 live=1 queued=0 prefill=5 decode=108 events=2
gateway_pump status=0 service_last=0 serving_last=3 live=1 queued=0 prefill=5 decode=108 events=0
pp13_trace final_event request=680866350292304 sequence=680866350292304 position=18 kind=4 dispatch_flags=0x400 completion_flags=0x3 tokens=3 ids=6010,10966,504 status=0
mtp_trace verify request=680866350292304 sequence=680866350292304 proposed=2 accepted=0 committed=1 fallback=6010 draft_ids=279,6010 verifier_ids=6010,10966,504
pp13_trace decode_begin request=680866350292304
pp13_trace decode_end status=15 dur_us=16466
gateway_pump status=0 service_last=0 serving_last=15 live=1 queued=0 prefill=5 decode=109 events=1
gateway_pump status=0 service_last=0 serving_last=3 live=1 queued=0 prefill=5 decode=109 events=0
pp13_trace final_event request=680866350292304 sequence=680866350292304 position=19 kind=4 dispatch_flags=0x400 completion_flags=0x3 tokens=2 ids=504,12089 status=0
mtp_trace verify request=680866350292304 sequence=680866350292304 proposed=1 accepted=1 committed=2 fallback=12089 draft_ids=504 verifier_ids=504,12089
pp13_trace decode_begin request=680866350292304
pp13_trace decode_end status=15 dur_us=33022
gateway_pump status=0 service_last=0 serving_last=15 live=1 queued=0 prefill=5 decode=110 events=2
gateway_pump status=0 service_last=0 serving_last=3 live=1 queued=0 prefill=5 decode=110 events=0
pp13_trace final_event request=680866350292304 sequence=680866350292304 position=21 kind=4 dispatch_flags=0x400 completion_flags=0x3 tokens=3 ids=311,86967,374 status=0
mtp_trace verify request=680866350292304 sequence=680866350292304 proposed=2 accepted=1 committed=2 fallback=86967 draft_ids=311,54831 verifier_ids=311,86967,374
pp13_trace decode_begin request=680866350292304
pp13_trace decode_end status=15 dur_us=32108
gateway_pump status=0 service_last=0 serving_last=15 live=1 queued=0 prefill=5 decode=111 events=2
gateway_pump status=0 service_last=0 serving_last=3 live=1 queued=0 prefill=5 decode=111 events=0
pp13_trace final_event request=680866350292304 sequence=680866350292304 position=23 kind=4 dispatch_flags=0x400 completion_flags=0x3 tokens=3 ids=374,220,101478 status=0
mtp_trace verify request=680866350292304 sequence=680866350292304 proposed=2 accepted=2 committed=3 fallback=101478 draft_ids=374,220 verifier_ids=374,220,101478
pp13_trace decode_begin request=680866350292304
pp13_trace decode_end status=15 dur_us=32133
gateway_pump status=0 service_last=0 serving_last=15 live=1 queued=0 prefill=5 decode=112 events=3
gateway_pump status=0 service_last=0 serving_last=3 live=1 queued=0 prefill=5 decode=112 events=0
pp13_trace final_event request=680866350292304 sequence=680866350292304 position=26 kind=4 dispatch_flags=0x400 completion_flags=0x3 tokens=3 ids=16,13128,323 status=0
mtp_trace verify request=680866350292304 sequence=680866350292304 proposed=2 accepted=2 committed=3 fallback=323 draft_ids=16,13128 verifier_ids=16,13128,323
pp13_trace decode_begin request=680866350292304
pp13_trace decode_end status=15 dur_us=32567
gateway_pump status=0 service_last=0 serving_last=15 live=1 queued=0 prefill=5 decode=113 events=3
gateway_pump status=0 service_last=0 serving_last=3 live=1 queued=0 prefill=5 decode=113 events=0
pp13_trace final_event request=680866350292304 sequence=680866350292304 position=29 kind=4 dispatch_flags=0x400 completion_flags=0x3 tokens=3 ids=6010,504,28756 status=0
mtp_trace verify request=680866350292304 sequence=680866350292304 proposed=2 accepted=1 committed=2 fallback=504 draft_ids=6010,311 verifier_ids=6010,504,28756
pp13_trace decode_begin request=680866350292304
pp13_trace decode_end status=15 dur_us=32022
gateway_pump status=0 service_last=0 serving_last=15 live=1 queued=0 prefill=5 decode=114 events=2
gateway_pump status=0 service_last=0 serving_last=3 live=1 queued=0 prefill=5 decode=114 events=0
pp13_trace final_event request=680866350292304 sequence=680866350292304 position=31 kind=4 dispatch_flags=0x400 completion_flags=0x3 tokens=3 ids=12089,311,444 status=0
mtp_trace verify request=680866350292304 sequence=680866350292304 proposed=2 accepted=2 committed=3 fallback=444 draft_ids=12089,311 verifier_ids=12089,311,444
pp13_trace decode_begin request=680866350292304
pp13_trace decode_end status=15 dur_us=32331
gateway_pump status=0 service_last=0 serving_last=15 live=1 queued=0 prefill=5 decode=115 events=3
gateway_pump status=0 service_last=0 serving_last=3 live=1 queued=0 prefill=5 decode=115 events=0
pp13_trace final_event request=680866350292304 sequence=680866350292304 position=34 kind=4 dispatch_flags=0x400 completion_flags=0x3 tokens=3 ids=4517,374,642 status=0
mtp_trace verify request=680866350292304 sequence=680866350292304 proposed=2 accepted=1 committed=2 fallback=374 draft_ids=4517,12 verifier_ids=4517,374,642
pp13_trace decode_begin request=680866350292304
pp13_trace decode_end status=15 dur_us=32601
gateway_pump status=0 service_last=0 serving_last=15 live=1 queued=0 prefill=5 decode=116 events=2
gateway_pump status=0 service_last=0 serving_last=3 live=1 queued=0 prefill=5 decode=116 events=0
pp13_trace final_event request=680866350292304 sequence=680866350292304 position=36 kind=4 dispatch_flags=0x400 completion_flags=0x3 tokens=3 ids=220,119621,13128 status=0
mtp_trace verify request=680866350292304 sequence=680866350292304 proposed=2 accepted=1 committed=2 fallback=119621 draft_ids=220,98867 verifier_ids=220,119621,13128
pp13_trace decode_begin request=680866350292304
pp13_trace decode_end status=15 dur_us=32327
gateway_pump status=0 service_last=0 serving_last=15 live=1 queued=0 prefill=5 decode=117 events=2
gateway_pump status=0 service_last=0 serving_last=3 live=1 queued=0 prefill=5 decode=117 events=0
pp13_trace final_event request=680866350292304 sequence=680866350292304 position=38 kind=4 dispatch_flags=0x400 completion_flags=0x3 tokens=3 ids=13128,13,576 status=0
mtp_trace verify request=680866350292304 sequence=680866350292304 proposed=2 accepted=2 committed=3 fallback=576 draft_ids=13128,13 verifier_ids=13128,13,576
pp13_trace decode_begin request=680866350292304
pp13_trace decode_end status=15 dur_us=32717
gateway_pump status=0 service_last=0 serving_last=15 live=1 queued=0 prefill=5 decode=118 events=3
gateway_pump status=0 service_last=0 serving_last=3 live=1 queued=0 prefill=5 decode=118 events=0
pp13_trace final_event request=680866350292304 sequence=680866350292304 position=41 kind=4 dispatch_flags=0x400 completion_flags=0x3 tokens=3 ids=11408,11408,3881 status=0
mtp_trace verify request=680866350292304 sequence=680866350292304 proposed=2 accepted=0 committed=1 fallback=11408 draft_ids=8584,525 verifier_ids=11408,11408,3881
pp13_trace decode_begin request=680866350292304
pp13_trace decode_end status=15 dur_us=16280
gateway_pump status=0 service_last=0 serving_last=15 live=1 queued=0 prefill=5 decode=119 events=1
gateway_pump status=0 service_last=0 serving_last=3 live=1 queued=0 prefill=5 decode=119 events=0
pp13_trace final_event request=680866350292304 sequence=680866350292304 position=42 kind=4 dispatch_flags=0x400 completion_flags=0x3 tokens=2 ids=1483,19424 status=0
mtp_trace verify request=680866350292304 sequence=680866350292304 proposed=1 accepted=0 committed=1 fallback=1483 draft_ids=374 verifier_ids=1483,19424
pp13_trace decode_begin request=680866350292304
pp13_trace decode_end status=15 dur_us=16584
gateway_pump status=0 service_last=0 serving_last=15 live=1 queued=0 prefill=5 decode=120 events=1
gateway_pump status=0 service_last=0 serving_last=3 live=1 queued=0 prefill=5 decode=120 events=0
pp13_trace final_event request=680866350292304 sequence=680866350292304 position=43 kind=4 dispatch_flags=0x400 completion_flags=0x3 tokens=2 ids=304,9621 status=0
mtp_trace verify request=680866350292304 sequence=680866350292304 proposed=1 accepted=1 committed=2 fallback=9621 draft_ids=304 verifier_ids=304,9621
pp13_trace decode_begin request=680866350292304
pp13_trace decode_end status=15 dur_us=31815
gateway_pump status=0 service_last=0 serving_last=15 live=1 queued=0 prefill=5 decode=121 events=2
gateway_pump status=0 service_last=0 serving_last=3 live=1 queued=0 prefill=5 decode=121 events=0
pp13_trace final_event request=680866350292304 sequence=680866350292304 position=45 kind=4 dispatch_flags=0x400 completion_flags=0x3 tokens=3 ids=374,19424,19424 status=0
mtp_trace verify request=680866350292304 sequence=680866350292304 proposed=2 accepted=1 committed=2 fallback=19424 draft_ids=374,9621 verifier_ids=374,19424,19424
pp13_trace decode_begin request=680866350292304
pp13_trace decode_end status=15 dur_us=32333
gateway_pump status=0 service_last=0 serving_last=15 live=1 queued=0 prefill=5 decode=122 events=2
gateway_pump status=0 service_last=0 serving_last=3 live=1 queued=0 prefill=5 decode=122 events=0
pp13_trace final_event request=680866350292304 sequence=680866350292304 position=47 kind=4 dispatch_flags=0x400 completion_flags=0x3 tokens=3 ids=320,54372,568 status=0
mtp_trace verify request=680866350292304 sequence=680866350292304 proposed=2 accepted=2 committed=3 fallback=568 draft_ids=320,54372 verifier_ids=320,54372,568
pp13_trace decode_begin request=680866350292304
pp13_trace decode_end status=15 dur_us=32950
gateway_pump status=0 service_last=0 serving_last=15 live=1 queued=0 prefill=5 decode=123 events=3
gateway_pump status=0 service_last=0 serving_last=3 live=1 queued=0 prefill=5 decode=123 events=0
pp13_trace final_event request=680866350292304 sequence=680866350292304 position=50 kind=4 dispatch_flags=0x400 completion_flags=0x3 tokens=3 ids=22592,11429,11 status=0
mtp_trace verify request=680866350292304 sequence=680866350292304 proposed=2 accepted=1 committed=2 fallback=11429 draft_ids=22592,398 verifier_ids=22592,11429,11
pp13_trace decode_begin request=680866350292304
pp13_trace decode_end status=15 dur_us=32927
gateway_pump status=0 service_last=0 serving_last=15 live=1 queued=0 prefill=5 decode=124 events=2
gateway_pump status=0 service_last=0 serving_last=3 live=1 queued=0 prefill=5 decode=124 events=0
pp13_trace final_event request=680866350292304 sequence=680866350292304 position=52 kind=4 dispatch_flags=0x400 completion_flags=0x3 tokens=3 ids=315,1648,304 status=0
mtp_trace verify request=680866350292304 sequence=680866350292304 proposed=2 accepted=0 committed=1 fallback=315 draft_ids=1141,8 verifier_ids=315,1648,304
pp13_trace decode_begin request=680866350292304
pp13_trace decode_end status=15 dur_us=16333
gateway_pump status=0 service_last=0 serving_last=15 live=1 queued=0 prefill=5 decode=125 events=1
gateway_pump status=0 service_last=0 serving_last=3 live=1 queued=0 prefill=5 decode=125 events=0
pp13_trace final_event request=680866350292304 sequence=680866350292304 position=53 kind=4 dispatch_flags=0x400 completion_flags=0x3 tokens=2 ids=9621,374 status=0
mtp_trace verify request=680866350292304 sequence=680866350292304 proposed=1 accepted=1 committed=2 fallback=374 draft_ids=9621 verifier_ids=9621,374
pp13_trace decode_begin request=680866350292304
pp13_trace decode_end status=15 dur_us=32150
gateway_pump status=0 service_last=0 serving_last=15 live=1 queued=0 prefill=5 decode=126 events=2
gateway_pump status=0 service_last=0 serving_last=3 live=1 queued=0 prefill=5 decode=126 events=0
pp13_trace final_event request=680866350292304 sequence=680866350292304 position=55 kind=4 dispatch_flags=0x400 completion_flags=0x3 tokens=3 ids=8584,13,9621 status=0
mtp_trace verify request=680866350292304 sequence=680866350292304 proposed=2 accepted=2 committed=3 fallback=9621 draft_ids=8584,13 verifier_ids=8584,13,9621
pp13_trace decode_begin request=680866350292304
pp13_trace decode_end status=15 dur_us=31981
gateway_pump status=0 service_last=0 serving_last=15 live=1 queued=0 prefill=5 decode=127 events=3
gateway_pump status=0 service_last=0 serving_last=3 live=1 queued=0 prefill=5 decode=127 events=0
pp13_trace final_event request=680866350292304 sequence=680866350292304 position=58 kind=4 dispatch_flags=0x400 completion_flags=0x3 tokens=3 ids=702,1083,35056 status=0
mtp_trace verify request=680866350292304 sequence=680866350292304 proposed=2 accepted=0 committed=1 fallback=702 draft_ids=374,279 verifier_ids=702,1083,35056
pp13_trace decode_begin request=680866350292304
pp13_trace decode_end status=15 dur_us=16226
gateway_pump status=0 service_last=0 serving_last=15 live=1 queued=0 prefill=5 decode=128 events=1
gateway_pump status=0 service_last=0 serving_last=3 live=1 queued=0 prefill=5 decode=128 events=0
pp13_trace final_event request=680866350292304 sequence=680866350292304 position=59 kind=4 dispatch_flags=0x400 completion_flags=0x3 tokens=2 ids=220,17 status=0
mtp_trace verify request=680866350292304 sequence=680866350292304 proposed=1 accepted=1 committed=2 fallback=17 draft_ids=220 verifier_ids=220,17
pp13_trace decode_begin request=680866350292304
pp13_trace decode_end status=15 dur_us=32867
gateway_pump status=0 service_last=0 serving_last=15 live=1 queued=0 prefill=5 decode=129 events=2
gateway_pump status=0 service_last=0 serving_last=3 live=1 queued=0 prefill=5 decode=129 events=0
pp13_trace final_event request=680866350292304 sequence=680866350292304 position=61 kind=4 dispatch_flags=0x400 completion_flags=0x3 tokens=3 ids=882,102284,99419 status=0
mtp_trace verify request=680866350292304 sequence=680866350292304 proposed=2 accepted=0 committed=1 fallback=882 draft_ids=11,18 verifier_ids=882,102284,99419
pp13_trace decode_begin request=680866350292304
pp13_trace decode_end status=15 dur_us=16470
gateway_pump status=0 service_last=0 serving_last=15 live=1 queued=0 prefill=5 decode=130 events=1
gateway_pump status=0 service_last=0 serving_last=3 live=1 queued=0 prefill=5 decode=130 events=0
pp13_trace final_event request=680866350292304 sequence=680866350292304 position=62 kind=4 dispatch_flags=0x400 completion_flags=0x3 tokens=2 ids=25317,13 status=0
mtp_trace verify request=680866350292304 sequence=680866350292304 proposed=1 accepted=1 committed=2 fallback=13 draft_ids=25317 verifier_ids=25317,13
pp13_trace decode_begin request=680866350292304
pp13_trace decode_end status=15 dur_us=31972
gateway_pump status=0 service_last=0 serving_last=15 live=1 queued=0 prefill=5 decode=131 events=2
gateway_pump status=0 service_last=0 serving_last=3 live=1 queued=0 prefill=5 decode=131 events=0
pp13_trace final_event request=680866350292304 sequence=680866350292304 position=64 kind=4 dispatch_flags=0x400 completion_flags=0x3 tokens=3 ids=2379,5711,7407 status=0
mtp_trace verify request=680866350292304 sequence=680866350292304 proposed=2 accepted=0 committed=1 fallback=2379 draft_ids=9621,374 verifier_ids=2379,5711,7407
pp13_trace decode_begin request=680866350292304
pp13_trace decode_end status=15 dur_us=16575
gateway_pump status=0 service_last=0 serving_last=15 live=1 queued=0 prefill=5 decode=132 events=1
gateway_pump status=0 service_last=0 serving_last=3 live=1 queued=0 prefill=5 decode=132 events=0
pp13_trace final_event request=680866350292304 sequence=680866350292304 position=65 kind=4 dispatch_flags=0x400 completion_flags=0x3 tokens=2 ids=525,27312 status=0
mtp_trace verify request=680866350292304 sequence=680866350292304 proposed=1 accepted=0 committed=1 fallback=525 draft_ids=990 verifier_ids=525,27312
pp13_trace decode_begin request=680866350292304
pp13_trace decode_end status=15 dur_us=16498
gateway_pump status=0 service_last=0 serving_last=15 live=1 queued=0 prefill=5 decode=133 events=1
gateway_pump status=0 service_last=0 serving_last=3 live=1 queued=0 prefill=5 decode=133 events=0
pp13_trace final_event request=680866350292304 sequence=680866350292304 position=66 kind=4 dispatch_flags=0x400 completion_flags=0x3 tokens=2 ids=27312,488 status=0
mtp_trace verify request=680866350292304 sequence=680866350292304 proposed=1 accepted=1 committed=2 fallback=488 draft_ids=27312 verifier_ids=27312,488
gateway_pump status=0 service_last=0 serving_last=3 live=0 queued=0 prefill=5 decode=134 events=3
pp13_trace prefill_begin request=680866350292305 offset=0 count=5
pp13_trace prefill_end status=0 dur_us=64278
pp13_trace decode_begin request=680866350292305
pp13_trace decode_end status=15 dur_us=15235
gateway_pump status=0 service_last=0 serving_last=15 live=1 queued=0 prefill=6 decode=134 events=2
pp13_trace final_event request=680866350292305 sequence=680866350292305 position=4 kind=2 dispatch_flags=0x200 completion_flags=0x1 tokens=2 ids=576,15736 status=0
pp13_trace decode_begin request=680866350292305
pp13_trace decode_end status=15 dur_us=24982
gateway_pump status=0 service_last=0 serving_last=15 live=1 queued=0 prefill=6 decode=135 events=1
gateway_pump status=0 service_last=0 serving_last=3 live=1 queued=0 prefill=6 decode=135 events=0
pp13_trace final_event request=680866350292305 sequence=680866350292305 position=5 kind=4 dispatch_flags=0x400 completion_flags=0x3 tokens=2 ids=15736,374 status=0
mtp_trace verify request=680866350292305 sequence=680866350292305 proposed=1 accepted=1 committed=2 fallback=374 draft_ids=15736 verifier_ids=15736,374
pp13_trace decode_begin request=680866350292305
pp13_trace decode_end status=15 dur_us=32557
gateway_pump status=0 service_last=0 serving_last=15 live=1 queued=0 prefill=6 decode=136 events=2
gateway_pump status=0 service_last=0 serving_last=3 live=1 queued=0 prefill=6 decode=136 events=0
pp13_trace final_event request=680866350292305 sequence=680866350292305 position=7 kind=4 dispatch_flags=0x400 completion_flags=0x3 tokens=3 ids=4183,21737,13 status=0
mtp_trace verify request=680866350292305 sequence=680866350292305 proposed=2 accepted=2 committed=3 fallback=13 draft_ids=4183,21737 verifier_ids=4183,21737,13
pp13_trace decode_begin request=680866350292305
pp13_trace decode_end status=15 dur_us=31946
gateway_pump status=0 service_last=0 serving_last=15 live=1 queued=0 prefill=6 decode=137 events=3
gateway_pump status=0 service_last=0 serving_last=3 live=1 queued=0 prefill=6 decode=137 events=0
pp13_trace final_event request=680866350292305 sequence=680866350292305 position=10 kind=4 dispatch_flags=0x400 completion_flags=0x3 tokens=3 ids=576,15736,54469 status=0
mtp_trace verify request=680866350292305 sequence=680866350292305 proposed=2 accepted=2 committed=3 fallback=54469 draft_ids=576,15736 verifier_ids=576,15736,54469
pp13_trace decode_begin request=680866350292305
pp13_trace decode_end status=15 dur_us=32378
gateway_pump status=0 service_last=0 serving_last=15 live=1 queued=0 prefill=6 decode=138 events=3
gateway_pump status=0 service_last=0 serving_last=3 live=1 queued=0 prefill=6 decode=138 events=0
pp13_trace final_event request=680866350292305 sequence=680866350292305 position=13 kind=4 dispatch_flags=0x400 completion_flags=0x3 tokens=3 ids=374,9783,3881 status=0
mtp_trace verify request=680866350292305 sequence=680866350292305 proposed=2 accepted=1 committed=2 fallback=9783 draft_ids=374,537 verifier_ids=374,9783,3881
pp13_trace decode_begin request=680866350292305
pp13_trace decode_end status=15 dur_us=32522
gateway_pump status=0 service_last=0 serving_last=15 live=1 queued=0 prefill=6 decode=139 events=2
gateway_pump status=0 service_last=0 serving_last=3 live=1 queued=0 prefill=6 decode=139 events=0
pp13_trace final_event request=680866350292305 sequence=680866350292305 position=15 kind=4 dispatch_flags=0x400 completion_flags=0x3 tokens=3 ids=13,576,829 status=0
mtp_trace verify request=680866350292305 sequence=680866350292305 proposed=2 accepted=2 committed=3 fallback=829 draft_ids=13,576 verifier_ids=13,576,829
pp13_trace decode_begin request=680866350292305
pp13_trace decode_end status=15 dur_us=31685
gateway_pump status=0 service_last=0 serving_last=15 live=1 queued=0 prefill=6 decode=140 events=3
gateway_pump status=0 service_last=0 serving_last=3 live=1 queued=0 prefill=6 decode=140 events=0
pp13_trace final_event request=680866350292305 sequence=680866350292305 position=18 kind=4 dispatch_flags=0x400 completion_flags=0x3 tokens=3 ids=304,279,15736 status=0
mtp_trace verify request=680866350292305 sequence=680866350292305 proposed=2 accepted=2 committed=3 fallback=15736 draft_ids=304,279 verifier_ids=304,279,15736
pp13_trace decode_begin request=680866350292305
pp13_trace decode_end status=15 dur_us=32826
gateway_pump status=0 service_last=0 serving_last=15 live=1 queued=0 prefill=6 decode=141 events=3
gateway_pump status=0 service_last=0 serving_last=3 live=1 queued=0 prefill=6 decode=141 events=0
pp13_trace final_event request=680866350292305 sequence=680866350292305 position=21 kind=4 dispatch_flags=0x400 completion_flags=0x3 tokens=3 ids=1558,537,2432 status=0
mtp_trace verify request=680866350292305 sequence=680866350292305 proposed=2 accepted=2 committed=3 fallback=2432 draft_ids=1558,537 verifier_ids=1558,537,2432
pp13_trace decode_begin request=680866350292305
pp13_trace decode_end status=15 dur_us=32762
gateway_pump status=0 service_last=0 serving_last=15 live=1 queued=0 prefill=6 decode=142 events=3
gateway_pump status=0 service_last=0 serving_last=3 live=1 queued=0 prefill=6 decode=142 events=0
pp13_trace final_event request=680866350292305 sequence=680866350292305 position=24 kind=4 dispatch_flags=0x400 completion_flags=0x3 tokens=3 ids=279,3601,7325 status=0
mtp_trace verify request=680866350292305 sequence=680866350292305 proposed=2 accepted=1 committed=2 fallback=3601 draft_ids=279,198 verifier_ids=279,3601,7325
pp13_trace decode_begin request=680866350292305
pp13_trace decode_end status=15 dur_us=32675
gateway_pump status=0 service_last=0 serving_last=15 live=1 queued=0 prefill=6 decode=143 events=2
gateway_pump status=0 service_last=0 serving_last=3 live=1 queued=0 prefill=6 decode=143 events=0
pp13_trace final_event request=680866350292305 sequence=680866350292305 position=26 kind=4 dispatch_flags=0x400 completion_flags=0x3 tokens=3 ids=13,40,614 status=0
mtp_trace verify request=680866350292305 sequence=680866350292305 proposed=2 accepted=0 committed=1 fallback=13 draft_ids=624,40 verifier_ids=13,40,614
pp13_trace decode_begin request=680866350292305
pp13_trace decode_end status=15 dur_us=16802
gateway_pump status=0 service_last=0 serving_last=15 live=1 queued=0 prefill=6 decode=144 events=1
gateway_pump status=0 service_last=0 serving_last=3 live=1 queued=0 prefill=6 decode=144 events=0
pp13_trace final_event request=680866350292305 sequence=680866350292305 position=27 kind=4 dispatch_flags=0x400 completion_flags=0x3 tokens=2 ids=10288,88104 status=0
mtp_trace verify request=680866350292305 sequence=680866350292305 proposed=1 accepted=0 committed=1 fallback=10288 draft_ids=320 verifier_ids=10288,88104
pp13_trace decode_begin request=680866350292305
pp13_trace decode_end status=15 dur_us=16183
gateway_pump status=0 service_last=0 serving_last=15 live=1 queued=0 prefill=6 decode=145 events=1
gateway_pump status=0 service_last=0 serving_last=3 live=1 queued=0 prefill=6 decode=145 events=0
pp13_trace final_event request=680866350292305 sequence=680866350292305 position=28 kind=4 dispatch_flags=0x400 completion_flags=0x3 tokens=2 ids=99200,340 status=0
mtp_trace verify request=680866350292305 sequence=680866350292305 proposed=1 accepted=0 committed=1 fallback=99200 draft_ids=98668 verifier_ids=99200,340
pp13_trace decode_begin request=680866350292305
pp13_trace decode_end status=15 dur_us=16408
gateway_pump status=0 service_last=0 serving_last=15 live=1 queued=0 prefill=6 decode=146 events=1
gateway_pump status=0 service_last=0 serving_last=3 live=1 queued=0 prefill=6 decode=146 events=0
pp13_trace final_event request=680866350292305 sequence=680866350292305 position=29 kind=4 dispatch_flags=0x400 completion_flags=0x3 tokens=2 ids=17,340 status=0
mtp_trace verify request=680866350292305 sequence=680866350292305 proposed=1 accepted=0 committed=1 fallback=17 draft_ids=21 verifier_ids=17,340
pp13_trace decode_begin request=680866350292305
pp13_trace decode_end status=15 dur_us=16184
gateway_pump status=0 service_last=0 serving_last=15 live=1 queued=0 prefill=6 decode=147 events=1
gateway_pump status=0 service_last=0 serving_last=3 live=1 queued=0 prefill=6 decode=147 events=0
pp13_trace final_event request=680866350292305 sequence=680866350292305 position=30 kind=4 dispatch_flags=0x400 completion_flags=0x3 tokens=2 ids=340,40 status=0
mtp_trace verify request=680866350292305 sequence=680866350292305 proposed=1 accepted=1 committed=2 fallback=40 draft_ids=340 verifier_ids=340,40
pp13_trace decode_begin request=680866350292305
pp13_trace decode_end status=15 dur_us=32779
gateway_pump status=0 service_last=0 serving_last=15 live=1 queued=0 prefill=6 decode=148 events=2
gateway_pump status=0 service_last=0 serving_last=3 live=1 queued=0 prefill=6 decode=148 events=0
pp13_trace final_event request=680866350292305 sequence=680866350292305 position=32 kind=4 dispatch_flags=0x400 completion_flags=0x3 tokens=3 ids=1079,264,3491 status=0
mtp_trace verify request=680866350292305 sequence=680866350292305 proposed=2 accepted=0 committed=1 fallback=1079 draft_ids=614,264 verifier_ids=1079,264,3491
pp13_trace decode_begin request=680866350292305
pp13_trace decode_end status=15 dur_us=16547
gateway_pump status=0 service_last=0 serving_last=15 live=1 queued=0 prefill=6 decode=149 events=1
gateway_pump status=0 service_last=0 serving_last=3 live=1 queued=0 prefill=6 decode=149 events=0
pp13_trace final_event request=680866350292305 sequence=680866350292305 position=33 kind=4 dispatch_flags=0x400 completion_flags=0x3 tokens=2 ids=4460,311 status=0
mtp_trace verify request=680866350292305 sequence=680866350292305 proposed=1 accepted=1 committed=2 fallback=311 draft_ids=4460 verifier_ids=4460,311
pp13_trace decode_begin request=680866350292305
pp13_trace decode_end status=15 dur_us=32940
gateway_pump status=0 service_last=0 serving_last=15 live=1 queued=0 prefill=6 decode=150 events=2
gateway_pump status=0 service_last=0 serving_last=3 live=1 queued=0 prefill=6 decode=150 events=0
pp13_trace final_event request=680866350292305 sequence=680866350292305 position=35 kind=4 dispatch_flags=0x400 completion_flags=0x3 tokens=3 ids=4582,264,6328 status=0
mtp_trace verify request=680866350292305 sequence=680866350292305 proposed=2 accepted=2 committed=3 fallback=6328 draft_ids=4582,264 verifier_ids=4582,264,6328
pp13_trace decode_begin request=680866350292305
pp13_trace decode_end status=15 dur_us=42256
gateway_pump status=0 service_last=0 serving_last=15 live=1 queued=0 prefill=6 decode=151 events=3
gateway_pump status=0 service_last=0 serving_last=3 live=1 queued=0 prefill=6 decode=151 events=0
pp13_trace final_event request=680866350292305 sequence=680866350292305 position=38 kind=4 dispatch_flags=0x400 completion_flags=0x3 tokens=3 ids=1667,20055,3210 status=0
mtp_trace verify request=680866350292305 sequence=680866350292305 proposed=2 accepted=1 committed=2 fallback=20055 draft_ids=1667,264 verifier_ids=1667,20055,3210
pp13_trace decode_begin request=680866350292305
pp13_trace decode_end status=15 dur_us=31928
gateway_pump status=0 service_last=0 serving_last=15 live=1 queued=0 prefill=6 decode=152 events=2
gateway_pump status=0 service_last=0 serving_last=3 live=1 queued=0 prefill=6 decode=152 events=0
pp13_trace final_event request=680866350292305 sequence=680866350292305 position=40 kind=4 dispatch_flags=0x400 completion_flags=0x3 tokens=3 ids=22432,13,34786 status=0
mtp_trace verify request=680866350292305 sequence=680866350292305 proposed=2 accepted=1 committed=2 fallback=13 draft_ids=22432,389 verifier_ids=22432,13,34786
pp13_trace decode_begin request=680866350292305
pp13_trace decode_end status=15 dur_us=32177
gateway_pump status=0 service_last=0 serving_last=15 live=1 queued=0 prefill=6 decode=153 events=2
gateway_pump status=0 service_last=0 serving_last=3 live=1 queued=0 prefill=6 decode=153 events=0
pp13_trace final_event request=680866350292305 sequence=680866350292305 position=42 kind=4 dispatch_flags=0x400 completion_flags=0x3 tokens=3 ids=358,1079,264 status=0
mtp_trace verify request=680866350292305 sequence=680866350292305 proposed=2 accepted=1 committed=2 fallback=1079 draft_ids=358,614 verifier_ids=358,1079,264
pp13_trace decode_begin request=680866350292305
pp13_trace decode_end status=15 dur_us=32729
gateway_pump status=0 service_last=0 serving_last=15 live=1 queued=0 prefill=6 decode=154 events=2
gateway_pump status=0 service_last=0 serving_last=3 live=1 queued=0 prefill=6 decode=154 events=0
pp13_trace final_event request=680866350292305 sequence=680866350292305 position=44 kind=4 dispatch_flags=0x400 completion_flags=0x3 tokens=3 ids=3709,279,15736 status=0
mtp_trace verify request=680866350292305 sequence=680866350292305 proposed=2 accepted=1 committed=2 fallback=279 draft_ids=3709,264 verifier_ids=3709,279,15736
pp13_trace decode_begin request=680866350292305
pp13_trace decode_end status=15 dur_us=32459
gateway_pump status=0 service_last=0 serving_last=15 live=1 queued=0 prefill=6 decode=155 events=2
gateway_pump status=0 service_last=0 serving_last=3 live=1 queued=0 prefill=6 decode=155 events=0
pp13_trace final_event request=680866350292305 sequence=680866350292305 position=46 kind=4 dispatch_flags=0x400 completion_flags=0x3 tokens=3 ids=2701,1465,510 status=0
mtp_trace verify request=680866350292305 sequence=680866350292305 proposed=2 accepted=2 committed=3 fallback=510 draft_ids=2701,1465 verifier_ids=2701,1465,510
pp13_trace decode_begin request=680866350292305
pp13_trace decode_end status=15 dur_us=32637
gateway_pump status=0 service_last=0 serving_last=15 live=1 queued=0 prefill=6 decode=156 events=3
gateway_pump status=0 service_last=0 serving_last=3 live=1 queued=0 prefill=6 decode=156 events=0
pp13_trace final_event request=680866350292305 sequence=680866350292305 position=49 kind=4 dispatch_flags=0x400 completion_flags=0x3 tokens=3 ids=7747,25,16 status=0
mtp_trace verify request=680866350292305 sequence=680866350292305 proposed=2 accepted=2 committed=3 fallback=16 draft_ids=7747,25 verifier_ids=7747,25,16
pp13_trace decode_begin request=680866350292305
pp13_trace decode_end status=15 dur_us=33036
gateway_pump status=0 service_last=0 serving_last=15 live=1 queued=0 prefill=6 decode=157 events=3
gateway_pump status=0 service_last=0 serving_last=3 live=1 queued=0 prefill=6 decode=157 events=0
pp13_trace final_event request=680866350292305 sequence=680866350292305 position=52 kind=4 dispatch_flags=0x400 completion_flags=0x3 tokens=3 ids=3703,1110,2689 status=0
mtp_trace verify request=680866350292305 sequence=680866350292305 proposed=2 accepted=2 committed=3 fallback=2689 draft_ids=3703,1110 verifier_ids=3703,1110,2689
pp13_trace decode_begin request=680866350292305
pp13_trace decode_end status=15 dur_us=32839
gateway_pump status=0 service_last=0 serving_last=15 live=1 queued=0 prefill=6 decode=158 events=3
gateway_pump status=0 service_last=0 serving_last=3 live=1 queued=0 prefill=6 decode=158 events=0
pp13_trace final_event request=680866350292305 sequence=680866350292305 position=55 kind=4 dispatch_flags=0x400 completion_flags=0x3 tokens=3 ids=18276,275,2210 status=0
mtp_trace verify request=680866350292305 sequence=680866350292305 proposed=2 accepted=0 committed=1 fallback=18276 draft_ids=5202,372 verifier_ids=18276,275,2210
pp13_trace decode_begin request=680866350292305
pp13_trace decode_end status=15 dur_us=16585
gateway_pump status=0 service_last=0 serving_last=15 live=1 queued=0 prefill=6 decode=159 events=1
gateway_pump status=0 service_last=0 serving_last=3 live=1 queued=0 prefill=6 decode=159 events=0
pp13_trace final_event request=680866350292305 sequence=680866350292305 position=56 kind=4 dispatch_flags=0x400 completion_flags=0x3 tokens=2 ids=2577,3362 status=0
mtp_trace verify request=680866350292305 sequence=680866350292305 proposed=1 accepted=1 committed=2 fallback=3362 draft_ids=2577 verifier_ids=2577,3362
pp13_trace decode_begin request=680866350292305
pp13_trace decode_end status=15 dur_us=33382
gateway_pump status=0 service_last=0 serving_last=15 live=1 queued=0 prefill=6 decode=160 events=2
gateway_pump status=0 service_last=0 serving_last=3 live=1 queued=0 prefill=6 decode=160 events=0
pp13_trace final_event request=680866350292305 sequence=680866350292305 position=58 kind=4 dispatch_flags=0x400 completion_flags=0x3 tokens=3 ids=905,15163,27897 status=0
mtp_trace verify request=680866350292305 sequence=680866350292305 proposed=2 accepted=1 committed=2 fallback=15163 draft_ids=905,30 verifier_ids=905,15163,27897
pp13_trace decode_begin request=680866350292305
pp13_trace decode_end status=15 dur_us=33022
gateway_pump status=0 service_last=0 serving_last=15 live=1 queued=0 prefill=6 decode=161 events=2
gateway_pump status=0 service_last=0 serving_last=3 live=1 queued=0 prefill=6 decode=161 events=0
pp13_trace final_event request=680866350292305 sequence=680866350292305 position=60 kind=4 dispatch_flags=0x400 completion_flags=0x3 tokens=3 ids=758,74963,102636 status=0
mtp_trace verify request=680866350292305 sequence=680866350292305 proposed=2 accepted=0 committed=1 fallback=758 draft_ids=15339,74963 verifier_ids=758,74963,102636
pp13_trace decode_begin request=680866350292305
pp13_trace decode_end status=15 dur_us=16544
gateway_pump status=0 service_last=0 serving_last=15 live=1 queued=0 prefill=6 decode=162 events=1
gateway_pump status=0 service_last=0 serving_last=3 live=1 queued=0 prefill=6 decode=162 events=0
pp13_trace final_event request=680866350292305 sequence=680866350292305 position=61 kind=4 dispatch_flags=0x400 completion_flags=0x3 tokens=2 ids=16063,198 status=0
mtp_trace verify request=680866350292305 sequence=680866350292305 proposed=1 accepted=1 committed=2 fallback=198 draft_ids=16063 verifier_ids=16063,198
pp13_trace decode_begin request=680866350292305
pp13_trace decode_end status=15 dur_us=33024
gateway_pump status=0 service_last=0 serving_last=15 live=1 queued=0 prefill=6 decode=163 events=2
gateway_pump status=0 service_last=0 serving_last=3 live=1 queued=0 prefill=6 decode=163 events=0
pp13_trace final_event request=680866350292305 sequence=680866350292305 position=63 kind=4 dispatch_flags=0x400 completion_flags=0x3 tokens=3 ids=220,576,15736 status=0
mtp_trace verify request=680866350292305 sequence=680866350292305 proposed=2 accepted=2 committed=3 fallback=15736 draft_ids=220,576 verifier_ids=220,576,15736
pp13_trace decode_begin request=680866350292305
pp13_trace decode_end status=15 dur_us=16520
gateway_pump status=0 service_last=0 serving_last=15 live=1 queued=0 prefill=6 decode=164 events=3
gateway_pump status=0 service_last=0 serving_last=3 live=1 queued=0 prefill=6 decode=164 events=0
pp13_trace final_event request=680866350292305 sequence=680866350292305 position=66 kind=4 dispatch_flags=0x400 completion_flags=0x3 tokens=2 ids=374,4183 status=0
mtp_trace verify request=680866350292305 sequence=680866350292305 proposed=1 accepted=1 committed=2 fallback=4183 draft_ids=374 verifier_ids=374,4183
gateway_pump status=0 service_last=0 serving_last=3 live=0 queued=0 prefill=6 decode=165 events=3
pp13_trace prefill_begin request=680866350292306 offset=0 count=5
pp13_trace prefill_end status=0 dur_us=64209
pp13_trace decode_begin request=680866350292306
pp13_trace decode_end status=15 dur_us=15142
gateway_pump status=0 service_last=0 serving_last=15 live=1 queued=0 prefill=7 decode=165 events=2
pp13_trace final_event request=680866350292306 sequence=680866350292306 position=4 kind=2 dispatch_flags=0x200 completion_flags=0x1 tokens=2 ids=2585,311 status=0
pp13_trace decode_begin request=680866350292306
pp13_trace decode_end status=15 dur_us=16249
gateway_pump status=0 service_last=0 serving_last=15 live=1 queued=0 prefill=7 decode=166 events=1
gateway_pump status=0 service_last=0 serving_last=3 live=1 queued=0 prefill=7 decode=166 events=0
pp13_trace final_event request=680866350292306 sequence=680866350292306 position=5 kind=4 dispatch_flags=0x400 completion_flags=0x3 tokens=2 ids=311,1477 status=0
mtp_trace verify request=680866350292306 sequence=680866350292306 proposed=1 accepted=1 committed=2 fallback=1477 draft_ids=311 verifier_ids=311,1477
pp13_trace decode_begin request=680866350292306
pp13_trace decode_end status=15 dur_us=33422
gateway_pump status=0 service_last=0 serving_last=15 live=1 queued=0 prefill=7 decode=167 events=2
gateway_pump status=0 service_last=0 serving_last=3 live=1 queued=0 prefill=7 decode=167 events=0
pp13_trace final_event request=680866350292306 sequence=680866350292306 position=7 kind=4 dispatch_flags=0x400 completion_flags=0x3 tokens=3 ids=279,69052,5267 status=0
mtp_trace verify request=680866350292306 sequence=680866350292306 proposed=2 accepted=1 committed=2 fallback=69052 draft_ids=279,5240 verifier_ids=279,69052,5267
pp13_trace decode_begin request=680866350292306
pp13_trace decode_end status=15 dur_us=32416
gateway_pump status=0 service_last=0 serving_last=15 live=1 queued=0 prefill=7 decode=168 events=2
gateway_pump status=0 service_last=0 serving_last=3 live=1 queued=0 prefill=7 decode=168 events=0
pp13_trace final_event request=680866350292306 sequence=680866350292306 position=9 kind=4 dispatch_flags=0x400 completion_flags=0x3 tokens=3 ids=2038,315,2038 status=0
mtp_trace verify request=680866350292306 sequence=680866350292306 proposed=2 accepted=0 committed=1 fallback=2038 draft_ids=1555,315 verifier_ids=2038,315,2038
pp13_trace decode_begin request=680866350292306
pp13_trace decode_end status=15 dur_us=16141
gateway_pump status=0 service_last=0 serving_last=15 live=1 queued=0 prefill=7 decode=169 events=1
gateway_pump status=0 service_last=0 serving_last=3 live=1 queued=0 prefill=7 decode=169 events=0
pp13_trace final_event request=680866350292306 sequence=680866350292306 position=10 kind=4 dispatch_flags=0x400 completion_flags=0x3 tokens=2 ids=1555,5267 status=0
mtp_trace verify request=680866350292306 sequence=680866350292306 proposed=1 accepted=1 committed=2 fallback=5267 draft_ids=1555 verifier_ids=1555,5267
pp13_trace decode_begin request=680866350292306
pp13_trace decode_end status=15 dur_us=31868
gateway_pump status=0 service_last=0 serving_last=15 live=1 queued=0 prefill=7 decode=170 events=2
gateway_pump status=0 service_last=0 serving_last=3 live=1 queued=0 prefill=7 decode=170 events=0
pp13_trace final_event request=680866350292306 sequence=680866350292306 position=12 kind=4 dispatch_flags=0x400 completion_flags=0x3 tokens=3 ids=40,614,264 status=0
mtp_trace verify request=680866350292306 sequence=680866350292306 proposed=2 accepted=2 committed=3 fallback=264 draft_ids=40,614 verifier_ids=40,614,264
pp13_trace decode_begin request=680866350292306
pp13_trace decode_end status=15 dur_us=32913
gateway_pump status=0 service_last=0 serving_last=15 live=1 queued=0 prefill=7 decode=171 events=3
gateway_pump status=0 service_last=0 serving_last=3 live=1 queued=0 prefill=7 decode=171 events=0
pp13_trace final_event request=680866350292306 sequence=680866350292306 position=15 kind=4 dispatch_flags=0x400 completion_flags=0x3 tokens=3 ids=9996,21921,458 status=0
mtp_trace verify request=680866350292306 sequence=680866350292306 proposed=2 accepted=1 committed=2 fallback=21921 draft_ids=9996,389 verifier_ids=9996,21921,458
pp13_trace decode_begin request=680866350292306
pp13_trace decode_end status=15 dur_us=32706
gateway_pump status=0 service_last=0 serving_last=15 live=1 queued=0 prefill=7 decode=172 events=2
gateway_pump status=0 service_last=0 serving_last=3 live=1 queued=0 prefill=7 decode=172 events=0
pp13_trace final_event request=680866350292306 sequence=680866350292306 position=17 kind=4 dispatch_flags=0x400 completion_flags=0x3 tokens=3 ids=11649,358,614 status=0
mtp_trace verify request=680866350292306 sequence=680866350292306 proposed=2 accepted=0 committed=1 fallback=11649 draft_ids=13,358 verifier_ids=11649,358,614
pp13_trace decode_begin request=680866350292306
pp13_trace decode_end status=15 dur_us=16628
gateway_pump status=0 service_last=0 serving_last=15 live=1 queued=0 prefill=7 decode=173 events=1
gateway_pump status=0 service_last=0 serving_last=3 live=1 queued=0 prefill=7 decode=173 events=0
pp13_trace final_event request=680866350292306 sequence=680866350292306 position=18 kind=4 dispatch_flags=0x400 completion_flags=0x3 tokens=2 ids=323,358 status=0
mtp_trace verify request=680866350292306 sequence=680866350292306 proposed=1 accepted=0 committed=1 fallback=323 draft_ids=13 verifier_ids=323,358
pp13_trace decode_begin request=680866350292306
pp13_trace decode_end status=15 dur_us=16464
gateway_pump status=0 service_last=0 serving_last=15 live=1 queued=0 prefill=7 decode=174 events=1
gateway_pump status=0 service_last=0 serving_last=3 live=1 queued=0 prefill=7 decode=174 events=0
pp13_trace final_event request=680866350292306 sequence=680866350292306 position=19 kind=4 dispatch_flags=0x400 completion_flags=0x3 tokens=2 ids=358,1366 status=0
mtp_trace verify request=680866350292306 sequence=680866350292306 proposed=1 accepted=1 committed=2 fallback=1366 draft_ids=358 verifier_ids=358,1366
pp13_trace decode_begin request=680866350292306
pp13_trace decode_end status=15 dur_us=31998
gateway_pump status=0 service_last=0 serving_last=15 live=1 queued=0 prefill=7 decode=175 events=2
gateway_pump status=0 service_last=0 serving_last=3 live=1 queued=0 prefill=7 decode=175 events=0
pp13_trace final_event request=680866350292306 sequence=680866350292306 position=21 kind=4 dispatch_flags=0x400 completion_flags=0x3 tokens=3 ids=311,1477,279 status=0
mtp_trace verify request=680866350292306 sequence=680866350292306 proposed=2 accepted=2 committed=3 fallback=279 draft_ids=311,1477 verifier_ids=311,1477,279
pp13_trace decode_begin request=680866350292306
pp13_trace decode_end status=15 dur_us=32182
gateway_pump status=0 service_last=0 serving_last=15 live=1 queued=0 prefill=7 decode=176 events=3
gateway_pump status=0 service_last=0 serving_last=3 live=1 queued=0 prefill=7 decode=176 events=0
pp13_trace final_event request=680866350292306 sequence=680866350292306 position=24 kind=4 dispatch_flags=0x400 completion_flags=0x3 tokens=3 ids=69052,1555,304 status=0
mtp_trace verify request=680866350292306 sequence=680866350292306 proposed=2 accepted=2 committed=3 fallback=304 draft_ids=69052,1555 verifier_ids=69052,1555,304
pp13_trace decode_begin request=680866350292306
pp13_trace decode_end status=15 dur_us=32119
gateway_pump status=0 service_last=0 serving_last=15 live=1 queued=0 prefill=7 decode=177 events=3
gateway_pump status=0 service_last=0 serving_last=3 live=1 queued=0 prefill=7 decode=177 events=0
pp13_trace final_event request=680866350292306 sequence=680866350292306 position=27 kind=4 dispatch_flags=0x400 completion_flags=0x3 tokens=3 ids=279,2530,2530 status=0
mtp_trace verify request=680866350292306 sequence=680866350292306 proposed=2 accepted=1 committed=2 fallback=2530 draft_ids=279,9996 verifier_ids=279,2530,2530
pp13_trace decode_begin request=680866350292306
pp13_trace decode_end status=15 dur_us=32774
gateway_pump status=0 service_last=0 serving_last=15 live=1 queued=0 prefill=7 decode=178 events=2
gateway_pump status=0 service_last=0 serving_last=3 live=1 queued=0 prefill=7 decode=178 events=0
pp13_trace final_event request=680866350292306 sequence=680866350292306 position=29 kind=4 dispatch_flags=0x400 completion_flags=0x3 tokens=3 ids=2038,13,2585 status=0
mtp_trace verify request=680866350292306 sequence=680866350292306 proposed=2 accepted=2 committed=3 fallback=2585 draft_ids=2038,13 verifier_ids=2038,13,2585
pp13_trace decode_begin request=680866350292306
pp13_trace decode_end status=15 dur_us=32572
gateway_pump status=0 service_last=0 serving_last=15 live=1 queued=0 prefill=7 decode=179 events=3
gateway_pump status=0 service_last=0 serving_last=3 live=1 queued=0 prefill=7 decode=179 events=0
pp13_trace final_event request=680866350292306 sequence=680866350292306 position=32 kind=4 dispatch_flags=0x400 completion_flags=0x3 tokens=3 ids=653,358,653 status=0
mtp_trace verify request=680866350292306 sequence=680866350292306 proposed=2 accepted=2 committed=3 fallback=653 draft_ids=653,358 verifier_ids=653,358,653
pp13_trace decode_begin request=680866350292306
pp13_trace decode_end status=15 dur_us=32279
gateway_pump status=0 service_last=0 serving_last=15 live=1 queued=0 prefill=7 decode=180 events=3
gateway_pump status=0 service_last=0 serving_last=3 live=1 queued=0 prefill=7 decode=180 events=0
pp13_trace final_event request=680866350292306 sequence=680866350292306 position=35 kind=4 dispatch_flags=0x400 completion_flags=0x3 tokens=3 ids=429,5267,785 status=0
mtp_trace verify request=680866350292306 sequence=680866350292306 proposed=2 accepted=2 committed=3 fallback=785 draft_ids=429,5267 verifier_ids=429,5267,785
pp13_trace decode_begin request=680866350292306
pp13_trace decode_end status=15 dur_us=32540
gateway_pump status=0 service_last=0 serving_last=15 live=1 queued=0 prefill=7 decode=181 events=3
gateway_pump status=0 service_last=0 serving_last=3 live=1 queued=0 prefill=7 decode=181 events=0
pp13_trace final_event request=680866350292306 sequence=680866350292306 position=38 kind=4 dispatch_flags=0x400 completion_flags=0x3 tokens=3 ids=11649,374,510 status=0
mtp_trace verify request=680866350292306 sequence=680866350292306 proposed=2 accepted=2 committed=3 fallback=510 draft_ids=11649,374 verifier_ids=11649,374,510
pp13_trace decode_begin request=680866350292306
pp13_trace decode_end status=15 dur_us=42337
gateway_pump status=0 service_last=0 serving_last=15 live=1 queued=0 prefill=7 decode=182 events=3
gateway_pump status=0 service_last=0 serving_last=3 live=1 queued=0 prefill=7 decode=182 events=0
pp13_trace final_event request=680866350292306 sequence=680866350292306 position=41 kind=4 dispatch_flags=0x400 completion_flags=0x3 tokens=3 ids=58,220,60 status=0
mtp_trace verify request=680866350292306 sequence=680866350292306 proposed=2 accepted=1 committed=2 fallback=220 draft_ids=58,16 verifier_ids=58,220,60
pp13_trace decode_begin request=680866350292306
pp13_trace decode_end status=15 dur_us=32245
gateway_pump status=0 service_last=0 serving_last=15 live=1 queued=0 prefill=7 decode=183 events=2
gateway_pump status=0 service_last=0 serving_last=3 live=1 queued=0 prefill=7 decode=183 events=0
pp13_trace final_event request=680866350292306 sequence=680866350292306 position=43 kind=4 dispatch_flags=0x400 completion_flags=0x3 tokens=3 ids=220,21,101663 status=0
mtp_trace verify request=680866350292306 sequence=680866350292306 proposed=2 accepted=2 committed=3 fallback=101663 draft_ids=220,21 verifier_ids=220,21,101663
pp13_trace decode_begin request=680866350292306
pp13_trace decode_end status=15 dur_us=32671
gateway_pump status=0 service_last=0 serving_last=15 live=1 queued=0 prefill=7 decode=184 events=3
gateway_pump status=0 service_last=0 serving_last=3 live=1 queued=0 prefill=7 decode=184 events=0
pp13_trace final_event request=680866350292306 sequence=680866350292306 position=46 kind=4 dispatch_flags=0x400 completion_flags=0x3 tokens=3 ids=13,23,99618 status=0
mtp_trace verify request=680866350292306 sequence=680866350292306 proposed=2 accepted=1 committed=2 fallback=23 draft_ids=13,22 verifier_ids=13,23,99618
pp13_trace decode_begin request=680866350292306
pp13_trace decode_end status=15 dur_us=32240
gateway_pump status=0 service_last=0 serving_last=15 live=1 queued=0 prefill=7 decode=185 events=2
gateway_pump status=0 service_last=0 serving_last=3 live=1 queued=0 prefill=7 decode=185 events=0
pp13_trace final_event request=680866350292306 sequence=680866350292306 position=48 kind=4 dispatch_flags=0x400 completion_flags=0x3 tokens=3 ids=98360,99752,99698 status=0
mtp_trace verify request=680866350292306 sequence=680866350292306 proposed=2 accepted=1 committed=2 fallback=99752 draft_ids=98360,21 verifier_ids=98360,99752,99698
pp13_trace decode_begin request=680866350292306
pp13_trace decode_end status=15 dur_us=32829
gateway_pump status=0 service_last=0 serving_last=15 live=1 queued=0 prefill=7 decode=186 events=2
gateway_pump status=0 service_last=0 serving_last=3 live=1 queued=0 prefill=7 decode=186 events=0
pp13_trace final_event request=680866350292306 sequence=680866350292306 position=50 kind=4 dispatch_flags=0x400 completion_flags=0x3 tokens=3 ids=60,7143,97724 status=0
mtp_trace verify request=680866350292306 sequence=680866350292306 proposed=2 accepted=1 committed=2 fallback=7143 draft_ids=60,508 verifier_ids=60,7143,97724
pp13_trace decode_begin request=680866350292306
pp13_trace decode_end status=15 dur_us=32046
gateway_pump status=0 service_last=0 serving_last=15 live=1 queued=0 prefill=7 decode=187 events=2
gateway_pump status=0 service_last=0 serving_last=3 live=1 queued=0 prefill=7 decode=187 events=0
pp13_trace final_event request=680866350292306 sequence=680866350292306 position=52 kind=4 dispatch_flags=0x400 completion_flags=0x3 tokens=3 ids=27074,510,58 status=0
mtp_trace verify request=680866350292306 sequence=680866350292306 proposed=2 accepted=2 committed=3 fallback=58 draft_ids=27074,510 verifier_ids=27074,510,58
pp13_trace decode_begin request=680866350292306
pp13_trace decode_end status=15 dur_us=32012
gateway_pump status=0 service_last=0 serving_last=15 live=1 queued=0 prefill=7 decode=188 events=3
gateway_pump status=0 service_last=0 serving_last=3 live=1 queued=0 prefill=7 decode=188 events=0
pp13_trace final_event request=680866350292306 sequence=680866350292306 position=55 kind=4 dispatch_flags=0x400 completion_flags=0x3 tokens=3 ids=220,220,101663 status=0
mtp_trace verify request=680866350292306 sequence=680866350292306 proposed=2 accepted=1 committed=2 fallback=220 draft_ids=220,21 verifier_ids=220,220,101663
pp13_trace decode_begin request=680866350292306
pp13_trace decode_end status=15 dur_us=32727
gateway_pump status=0 service_last=0 serving_last=15 live=1 queued=0 prefill=7 decode=189 events=2
gateway_pump status=0 service_last=0 serving_last=3 live=1 queued=0 prefill=7 decode=189 events=0
pp13_trace final_event request=680866350292306 sequence=680866350292306 position=57 kind=4 dispatch_flags=0x400 completion_flags=0x3 tokens=3 ids=21,101663,13 status=0
mtp_trace verify request=680866350292306 sequence=680866350292306 proposed=2 accepted=2 committed=3 fallback=13 draft_ids=21,101663 verifier_ids=21,101663,13
pp13_trace decode_begin request=680866350292306
pp13_trace decode_end status=15 dur_us=31995
gateway_pump status=0 service_last=0 serving_last=15 live=1 queued=0 prefill=7 decode=190 events=3
gateway_pump status=0 service_last=0 serving_last=3 live=1 queued=0 prefill=7 decode=190 events=0
pp13_trace final_event request=680866350292306 sequence=680866350292306 position=60 kind=4 dispatch_flags=0x400 completion_flags=0x3 tokens=3 ids=23,98360,99752 status=0
mtp_trace verify request=680866350292306 sequence=680866350292306 proposed=2 accepted=2 committed=3 fallback=99752 draft_ids=23,98360 verifier_ids=23,98360,99752
pp13_trace decode_begin request=680866350292306
pp13_trace decode_end status=15 dur_us=32607
gateway_pump status=0 service_last=0 serving_last=15 live=1 queued=0 prefill=7 decode=191 events=3
gateway_pump status=0 service_last=0 serving_last=3 live=1 queued=0 prefill=7 decode=191 events=0
pp13_trace final_event request=680866350292306 sequence=680866350292306 position=63 kind=4 dispatch_flags=0x400 completion_flags=0x3 tokens=3 ids=60,220,66737 status=0
mtp_trace verify request=680866350292306 sequence=680866350292306 proposed=2 accepted=2 committed=3 fallback=66737 draft_ids=60,220 verifier_ids=60,220,66737
pp13_trace decode_begin request=680866350292306
pp13_trace decode_end status=15 dur_us=16444
gateway_pump status=0 service_last=0 serving_last=15 live=1 queued=0 prefill=7 decode=192 events=3
gateway_pump status=0 service_last=0 serving_last=3 live=1 queued=0 prefill=7 decode=192 events=0
pp13_trace final_event request=680866350292306 sequence=680866350292306 position=66 kind=4 dispatch_flags=0x400 completion_flags=0x3 tokens=2 ids=66,23 status=0
mtp_trace verify request=680866350292306 sequence=680866350292306 proposed=1 accepted=0 committed=1 fallback=66 draft_ids=53340 verifier_ids=66,23
pp13_trace decode_begin request=680866350292306
pp13_trace decode_end status=15 dur_us=631
gateway_pump status=0 service_last=0 serving_last=15 live=1 queued=0 prefill=7 decode=193 events=1
gateway_pump status=0 service_last=0 serving_last=3 live=1 queued=0 prefill=7 decode=193 events=0
pp13_trace final_event request=680866350292306 sequence=680866350292306 position=67 kind=2 dispatch_flags=0x0 completion_flags=0x1 tokens=1 ids=100286 status=0
gateway_pump status=0 service_last=0 serving_last=3 live=0 queued=0 prefill=7 decode=194 events=2
pp13_trace prefill_begin request=680866350292307 offset=0 count=7
pp13_trace prefill_end status=0 dur_us=95949
pp13_trace decode_begin request=680866350292307
pp13_trace decode_end status=15 dur_us=15344
gateway_pump status=0 service_last=0 serving_last=15 live=1 queued=0 prefill=8 decode=194 events=2
pp13_trace final_event request=680866350292307 sequence=680866350292307 position=6 kind=2 dispatch_flags=0x200 completion_flags=0x1 tokens=2 ids=429,279 status=0
pp13_trace decode_begin request=680866350292307
pp13_trace decode_end status=15 dur_us=16384
gateway_pump status=0 service_last=0 serving_last=15 live=1 queued=0 prefill=8 decode=195 events=1
gateway_pump status=0 service_last=0 serving_last=3 live=1 queued=0 prefill=8 decode=195 events=0
pp13_trace final_event request=680866350292307 sequence=680866350292307 position=7 kind=4 dispatch_flags=0x400 completion_flags=0x3 tokens=2 ids=894,19210 status=0
mtp_trace verify request=680866350292307 sequence=680866350292307 proposed=1 accepted=0 committed=1 fallback=894 draft_ids=279 verifier_ids=894,19210
pp13_trace decode_begin request=680866350292307
pp13_trace decode_end status=15 dur_us=16421
gateway_pump status=0 service_last=0 serving_last=15 live=1 queued=0 prefill=8 decode=196 events=1
gateway_pump status=0 service_last=0 serving_last=3 live=1 queued=0 prefill=8 decode=196 events=0
pp13_trace final_event request=680866350292307 sequence=680866350292307 position=8 kind=4 dispatch_flags=0x400 completion_flags=0x3 tokens=2 ids=1378,922 status=0
mtp_trace verify request=680866350292307 sequence=680866350292307 proposed=1 accepted=1 committed=2 fallback=922 draft_ids=1378 verifier_ids=1378,922
pp13_trace decode_begin request=680866350292307
pp13_trace decode_end status=15 dur_us=40598
gateway_pump status=0 service_last=0 serving_last=15 live=1 queued=0 prefill=8 decode=197 events=2
gateway_pump status=0 service_last=0 serving_last=3 live=1 queued=0 prefill=8 decode=197 events=0
pp13_trace final_event request=680866350292307 sequence=680866350292307 position=10 kind=4 dispatch_flags=0x400 completion_flags=0x3 tokens=3 ids=32849,7289,31663 status=0
mtp_trace verify request=680866350292307 sequence=680866350292307 proposed=2 accepted=1 committed=2 fallback=7289 draft_ids=32849,5942 verifier_ids=32849,7289,31663
pp13_trace decode_begin request=680866350292307
pp13_trace decode_end status=15 dur_us=31751
gateway_pump status=0 service_last=0 serving_last=15 live=1 queued=0 prefill=8 decode=198 events=2
gateway_pump status=0 service_last=0 serving_last=3 live=1 queued=0 prefill=8 decode=198 events=0
pp13_trace final_event request=680866350292307 sequence=680866350292307 position=12 kind=4 dispatch_flags=0x400 completion_flags=0x3 tokens=3 ids=31663,304,258 status=0
mtp_trace verify request=680866350292307 sequence=680866350292307 proposed=2 accepted=1 committed=2 fallback=304 draft_ids=31663,198 verifier_ids=31663,304,258
pp13_trace decode_begin request=680866350292307
pp13_trace decode_end status=15 dur_us=34374
gateway_pump status=0 service_last=0 serving_last=15 live=1 queued=0 prefill=8 decode=199 events=2
gateway_pump status=0 service_last=0 serving_last=3 live=1 queued=0 prefill=8 decode=199 events=0
pp13_trace final_event request=680866350292307 sequence=680866350292307 position=14 kind=4 dispatch_flags=0x400 completion_flags=0x3 tokens=3 ids=518,738,429 status=0
mtp_trace verify request=680866350292307 sequence=680866350292307 proposed=2 accepted=0 committed=1 fallback=518 draft_ids=264,738 verifier_ids=518,738,429
pp13_trace decode_begin request=680866350292307
pp13_trace decode_end status=15 dur_us=16387
gateway_pump status=0 service_last=0 serving_last=15 live=1 queued=0 prefill=8 decode=200 events=1
gateway_pump status=0 service_last=0 serving_last=3 live=1 queued=0 prefill=8 decode=200 events=0
pp13_trace final_event request=680866350292307 sequence=680866350292307 position=15 kind=4 dispatch_flags=0x400 completion_flags=0x3 tokens=2 ids=3245,825 status=0
mtp_trace verify request=680866350292307 sequence=680866350292307 proposed=1 accepted=1 committed=2 fallback=825 draft_ids=3245 verifier_ids=3245,825
pp13_trace decode_begin request=680866350292307
pp13_trace decode_end status=15 dur_us=32650
gateway_pump status=0 service_last=0 serving_last=15 live=1 queued=0 prefill=8 decode=201 events=2
gateway_pump status=0 service_last=0 serving_last=3 live=1 queued=0 prefill=8 decode=201 events=0
pp13_trace final_event request=680866350292307 sequence=680866350292307 position=17 kind=4 dispatch_flags=0x400 completion_flags=0x3 tokens=3 ids=2477,13,1096 status=0
mtp_trace verify request=680866350292307 sequence=680866350292307 proposed=2 accepted=0 committed=1 fallback=2477 draft_ids=2436,13 verifier_ids=2477,13,1096
pp13_trace decode_begin request=680866350292307
pp13_trace decode_end status=15 dur_us=16441
gateway_pump status=0 service_last=0 serving_last=15 live=1 queued=0 prefill=8 decode=202 events=1
gateway_pump status=0 service_last=0 serving_last=3 live=1 queued=0 prefill=8 decode=202 events=0
pp13_trace final_event request=680866350292307 sequence=680866350292307 position=18 kind=4 dispatch_flags=0x400 completion_flags=0x3 tokens=2 ids=2220,88 status=0
mtp_trace verify request=680866350292307 sequence=680866350292307 proposed=1 accepted=0 committed=1 fallback=2220 draft_ids=59158 verifier_ids=2220,88
pp13_trace decode_begin request=680866350292307
pp13_trace decode_end status=15 dur_us=16676
gateway_pump status=0 service_last=0 serving_last=15 live=1 queued=0 prefill=8 decode=203 events=1
gateway_pump status=0 service_last=0 serving_last=3 live=1 queued=0 prefill=8 decode=203 events=0
pp13_trace final_event request=680866350292307 sequence=680866350292307 position=19 kind=4 dispatch_flags=0x400 completion_flags=0x3 tokens=2 ids=945,88 status=0
mtp_trace verify request=680866350292307 sequence=680866350292307 proposed=1 accepted=1 committed=2 fallback=88 draft_ids=945 verifier_ids=945,88
pp13_trace decode_begin request=680866350292307
pp13_trace decode_end status=15 dur_us=32712
gateway_pump status=0 service_last=0 serving_last=15 live=1 queued=0 prefill=8 decode=204 events=2
gateway_pump status=0 service_last=0 serving_last=3 live=1 queued=0 prefill=8 decode=204 events=0
pp13_trace final_event request=680866350292307 sequence=680866350292307 position=21 kind=4 dispatch_flags=0x400 completion_flags=0x3 tokens=3 ids=2436,13,1096 status=0
mtp_trace verify request=680866350292307 sequence=680866350292307 proposed=2 accepted=2 committed=3 fallback=1096 draft_ids=2436,13 verifier_ids=2436,13,1096
pp13_trace decode_begin request=680866350292307
pp13_trace decode_end status=15 dur_us=32412
gateway_pump status=0 service_last=0 serving_last=15 live=1 queued=0 prefill=8 decode=205 events=3
gateway_pump status=0 service_last=0 serving_last=3 live=1 queued=0 prefill=8 decode=205 events=0
pp13_trace final_event request=680866350292307 sequence=680866350292307 position=24 kind=4 dispatch_flags=0x400 completion_flags=0x3 tokens=3 ids=25273,16571,16231 status=0
mtp_trace verify request=680866350292307 sequence=680866350292307 proposed=2 accepted=0 committed=1 fallback=25273 draft_ids=374,264 verifier_ids=25273,16571,16231
pp13_trace decode_begin request=680866350292307
pp13_trace decode_end status=15 dur_us=16123
gateway_pump status=0 service_last=0 serving_last=15 live=1 queued=0 prefill=8 decode=206 events=1
gateway_pump status=0 service_last=0 serving_last=3 live=1 queued=0 prefill=8 decode=206 events=0
pp13_trace final_event request=680866350292307 sequence=680866350292307 position=25 kind=4 dispatch_flags=0x400 completion_flags=0x3 tokens=2 ids=429,50698 status=0
mtp_trace verify request=680866350292307 sequence=680866350292307 proposed=1 accepted=1 committed=2 fallback=50698 draft_ids=429 verifier_ids=429,50698
pp13_trace decode_begin request=680866350292307
pp13_trace decode_end status=15 dur_us=32277
gateway_pump status=0 service_last=0 serving_last=15 live=1 queued=0 prefill=8 decode=207 events=2
gateway_pump status=0 service_last=0 serving_last=3 live=1 queued=0 prefill=8 decode=207 events=0
pp13_trace final_event request=680866350292307 sequence=680866350292307 position=27 kind=4 dispatch_flags=0x400 completion_flags=0x3 tokens=3 ids=8836,4157,537 status=0
mtp_trace verify request=680866350292307 sequence=680866350292307 proposed=2 accepted=0 committed=1 fallback=8836 draft_ids=14122,525 verifier_ids=8836,4157,537
pp13_trace decode_begin request=680866350292307
pp13_trace decode_end status=15 dur_us=16419
gateway_pump status=0 service_last=0 serving_last=15 live=1 queued=0 prefill=8 decode=208 events=1
gateway_pump status=0 service_last=0 serving_last=3 live=1 queued=0 prefill=8 decode=208 events=0
pp13_trace final_event request=680866350292307 sequence=680866350292307 position=28 kind=4 dispatch_flags=0x400 completion_flags=0x3 tokens=2 ids=4157,2176 status=0
mtp_trace verify request=680866350292307 sequence=680866350292307 proposed=1 accepted=1 committed=2 fallback=2176 draft_ids=4157 verifier_ids=4157,2176
pp13_trace decode_begin request=680866350292307
pp13_trace decode_end status=15 dur_us=32541
gateway_pump status=0 service_last=0 serving_last=15 live=1 queued=0 prefill=8 decode=209 events=2
gateway_pump status=0 service_last=0 serving_last=3 live=1 queued=0 prefill=8 decode=209 events=0
pp13_trace final_event request=680866350292307 sequence=680866350292307 position=30 kind=4 dispatch_flags=0x400 completion_flags=0x3 tokens=3 ids=387,11158,11 status=0
mtp_trace verify request=680866350292307 sequence=680866350292307 proposed=2 accepted=1 committed=2 fallback=11158 draft_ids=387,10769 verifier_ids=387,11158,11
pp13_trace decode_begin request=680866350292307
pp13_trace decode_end status=15 dur_us=32076
gateway_pump status=0 service_last=0 serving_last=15 live=1 queued=0 prefill=8 decode=210 events=2
gateway_pump status=0 service_last=0 serving_last=3 live=1 queued=0 prefill=8 decode=210 events=0
pp13_trace final_event request=680866350292307 sequence=680866350292307 position=32 kind=4 dispatch_flags=0x400 completion_flags=0x3 tokens=3 ids=11,438,429 status=0
mtp_trace verify request=680866350292307 sequence=680866350292307 proposed=2 accepted=1 committed=2 fallback=438 draft_ids=11,323 verifier_ids=11,438,429
pp13_trace decode_begin request=680866350292307
pp13_trace decode_end status=15 dur_us=32495
gateway_pump status=0 service_last=0 serving_last=15 live=1 queued=0 prefill=8 decode=211 events=2
gateway_pump status=0 service_last=0 serving_last=3 live=1 queued=0 prefill=8 decode=211 events=0
pp13_trace final_event request=680866350292307 sequence=680866350292307 position=34 kind=4 dispatch_flags=0x400 completion_flags=0x3 tokens=3 ids=279,922,922 status=0
mtp_trace verify request=680866350292307 sequence=680866350292307 proposed=2 accepted=0 committed=1 fallback=279 draft_ids=894,1378 verifier_ids=279,922,922
pp13_trace decode_begin request=680866350292307
pp13_trace decode_end status=15 dur_us=16152
gateway_pump status=0 service_last=0 serving_last=15 live=1 queued=0 prefill=8 decode=212 events=1
gateway_pump status=0 service_last=0 serving_last=3 live=1 queued=0 prefill=8 decode=212 events=0
pp13_trace final_event request=680866350292307 sequence=680866350292307 position=35 kind=4 dispatch_flags=0x400 completion_flags=0x3 tokens=2 ids=2477,2220 status=0
mtp_trace verify request=680866350292307 sequence=680866350292307 proposed=1 accepted=1 committed=2 fallback=2220 draft_ids=2477 verifier_ids=2477,2220
pp13_trace decode_begin request=680866350292307
pp13_trace decode_end status=15 dur_us=41717
gateway_pump status=0 service_last=0 serving_last=15 live=1 queued=0 prefill=8 decode=213 events=2
gateway_pump status=0 service_last=0 serving_last=3 live=1 queued=0 prefill=8 decode=213 events=0
pp13_trace final_event request=680866350292307 sequence=680866350292307 position=37 kind=4 dispatch_flags=0x400 completion_flags=0x3 tokens=3 ids=945,88,2436 status=0
mtp_trace verify request=680866350292307 sequence=680866350292307 proposed=2 accepted=2 committed=3 fallback=2436 draft_ids=945,88 verifier_ids=945,88,2436
pp13_trace decode_begin request=680866350292307
pp13_trace decode_end status=15 dur_us=31838
gateway_pump status=0 service_last=0 serving_last=15 live=1 queued=0 prefill=8 decode=214 events=3
gateway_pump status=0 service_last=0 serving_last=3 live=1 queued=0 prefill=8 decode=214 events=0
pp13_trace final_event request=680866350292307 sequence=680866350292307 position=40 kind=4 dispatch_flags=0x400 completion_flags=0x3 tokens=3 ids=304,279,19210 status=0
mtp_trace verify request=680866350292307 sequence=680866350292307 proposed=2 accepted=2 committed=3 fallback=19210 draft_ids=304,279 verifier_ids=304,279,19210
pp13_trace decode_begin request=680866350292307
pp13_trace decode_end status=15 dur_us=31867
gateway_pump status=0 service_last=0 serving_last=15 live=1 queued=0 prefill=8 decode=215 events=3
gateway_pump status=0 service_last=0 serving_last=3 live=1 queued=0 prefill=8 decode=215 events=0
pp13_trace final_event request=680866350292307 sequence=680866350292307 position=43 kind=4 dispatch_flags=0x400 completion_flags=0x3 tokens=3 ids=1035,24990,949 status=0
mtp_trace verify request=680866350292307 sequence=680866350292307 proposed=2 accepted=1 committed=2 fallback=24990 draft_ids=1035,387 verifier_ids=1035,24990,949
pp13_trace decode_begin request=680866350292307
pp13_trace decode_end status=15 dur_us=32239
gateway_pump status=0 service_last=0 serving_last=15 live=1 queued=0 prefill=8 decode=216 events=2
gateway_pump status=0 service_last=0 serving_last=3 live=1 queued=0 prefill=8 decode=216 events=0
pp13_trace final_event request=680866350292307 sequence=680866350292307 position=45 kind=4 dispatch_flags=0x400 completion_flags=0x3 tokens=3 ids=311,15747,949 status=0
mtp_trace verify request=680866350292307 sequence=680866350292307 proposed=2 accepted=1 committed=2 fallback=15747 draft_ids=311,387 verifier_ids=311,15747,949
pp13_trace decode_begin request=680866350292307
pp13_trace decode_end status=15 dur_us=32800
gateway_pump status=0 service_last=0 serving_last=15 live=1 queued=0 prefill=8 decode=217 events=2
gateway_pump status=0 service_last=0 serving_last=3 live=1 queued=0 prefill=8 decode=217 events=0
pp13_trace final_event request=680866350292307 sequence=680866350292307 position=47 kind=4 dispatch_flags=0x400 completion_flags=0x3 tokens=3 ids=304,2176,13 status=0
mtp_trace verify request=680866350292307 sequence=680866350292307 proposed=2 accepted=2 committed=3 fallback=13 draft_ids=304,2176 verifier_ids=304,2176,13
pp13_trace decode_begin request=680866350292307
pp13_trace decode_end status=15 dur_us=32464
gateway_pump status=0 service_last=0 serving_last=15 live=1 queued=0 prefill=8 decode=218 events=3
gateway_pump status=0 service_last=0 serving_last=3 live=1 queued=0 prefill=8 decode=218 events=0
pp13_trace final_event request=680866350292307 sequence=680866350292307 position=50 kind=4 dispatch_flags=0x400 completion_flags=0x3 tokens=3 ids=576,5297,32849 status=0
mtp_trace verify request=680866350292307 sequence=680866350292307 proposed=2 accepted=1 committed=2 fallback=5297 draft_ids=576,922 verifier_ids=576,5297,32849
pp13_trace decode_begin request=680866350292307
pp13_trace decode_end status=15 dur_us=33316
gateway_pump status=0 service_last=0 serving_last=15 live=1 queued=0 prefill=8 decode=219 events=2
gateway_pump status=0 service_last=0 serving_last=3 live=1 queued=0 prefill=8 decode=219 events=0
pp13_trace final_event request=680866350292307 sequence=680866350292307 position=52 kind=4 dispatch_flags=0x400 completion_flags=0x3 tokens=3 ids=5486,374,311 status=0
mtp_trace verify request=680866350292307 sequence=680866350292307 proposed=2 accepted=2 committed=3 fallback=311 draft_ids=5486,374 verifier_ids=5486,374,311
pp13_trace decode_begin request=680866350292307
pp13_trace decode_end status=15 dur_us=32550
gateway_pump status=0 service_last=0 serving_last=15 live=1 queued=0 prefill=8 decode=220 events=3
gateway_pump status=0 service_last=0 serving_last=3 live=1 queued=0 prefill=8 decode=220 events=0
pp13_trace final_event request=680866350292307 sequence=680866350292307 position=55 kind=4 dispatch_flags=0x400 completion_flags=0x3 tokens=3 ids=990,264,922 status=0
mtp_trace verify request=680866350292307 sequence=680866350292307 proposed=2 accepted=2 committed=3 fallback=922 draft_ids=990,264 verifier_ids=990,264,922
pp13_trace decode_begin request=680866350292307
pp13_trace decode_end status=15 dur_us=32712
gateway_pump status=0 service_last=0 serving_last=15 live=1 queued=0 prefill=8 decode=221 events=3
gateway_pump status=0 service_last=0 serving_last=3 live=1 queued=0 prefill=8 decode=221 events=0
pp13_trace final_event request=680866350292307 sequence=680866350292307 position=58 kind=4 dispatch_flags=0x400 completion_flags=0x3 tokens=3 ids=32849,1379,1379 status=0
mtp_trace verify request=680866350292307 sequence=680866350292307 proposed=2 accepted=1 committed=2 fallback=1379 draft_ids=32849,315 verifier_ids=32849,1379,1379
pp13_trace decode_begin request=680866350292307
pp13_trace decode_end status=15 dur_us=32656
gateway_pump status=0 service_last=0 serving_last=15 live=1 queued=0 prefill=8 decode=222 events=2
gateway_pump status=0 service_last=0 serving_last=3 live=1 queued=0 prefill=8 decode=222 events=0
pp13_trace final_event request=680866350292307 sequence=680866350292307 position=60 kind=4 dispatch_flags=0x400 completion_flags=0x3 tokens=3 ids=315,400,17 status=0
mtp_trace verify request=680866350292307 sequence=680866350292307 proposed=2 accepted=1 committed=2 fallback=400 draft_ids=315,220 verifier_ids=315,400,17
pp13_trace decode_begin request=680866350292307
pp13_trace decode_end status=15 dur_us=31830
gateway_pump status=0 service_last=0 serving_last=15 live=1 queued=0 prefill=8 decode=223 events=2
gateway_pump status=0 service_last=0 serving_last=3 live=1 queued=0 prefill=8 decode=223 events=0
pp13_trace final_event request=680866350292307 sequence=680866350292307 position=62 kind=4 dispatch_flags=0x400 completion_flags=0x3 tokens=3 ids=17,69,488 status=0
mtp_trace verify request=680866350292307 sequence=680866350292307 proposed=2 accepted=2 committed=3 fallback=488 draft_ids=17,69 verifier_ids=17,69,488
pp13_trace decode_begin request=680866350292307
pp13_trace decode_end status=15 dur_us=32425
gateway_pump status=0 service_last=0 serving_last=15 live=1 queued=0 prefill=8 decode=224 events=3
gateway_pump status=0 service_last=0 serving_last=3 live=1 queued=0 prefill=8 decode=224 events=0
pp13_trace final_event request=680866350292307 sequence=680866350292307 position=65 kind=4 dispatch_flags=0x400 completion_flags=0x3 tokens=3 ids=220,16,3 status=0
mtp_trace verify request=680866350292307 sequence=680866350292307 proposed=2 accepted=2 committed=3 fallback=3 draft_ids=220,16 verifier_ids=220,16,3
pp13_trace decode_begin request=680866350292307
pp13_trace decode_end status=15 dur_us=16216
gateway_pump status=0 service_last=0 serving_last=15 live=1 queued=0 prefill=8 decode=225 events=3
gateway_pump status=0 service_last=0 serving_last=3 live=1 queued=0 prefill=8 decode=225 events=0
pp13_trace final_event request=680866350292307 sequence=680866350292307 position=68 kind=4 dispatch_flags=0x400 completion_flags=0x3 tokens=2 ids=700,315 status=0
mtp_trace verify request=680866350292307 sequence=680866350292307 proposed=1 accepted=1 committed=2 fallback=315 draft_ids=700 verifier_ids=700,315
gateway_pump status=0 service_last=0 serving_last=3 live=0 queued=0 prefill=8 decode=226 events=3
pp13_trace prefill_begin request=680866350292308 offset=0 count=5
pp13_trace prefill_end status=0 dur_us=63971
pp13_trace decode_begin request=680866350292308
pp13_trace decode_end status=15 dur_us=15169
gateway_pump status=0 service_last=0 serving_last=15 live=1 queued=0 prefill=9 decode=226 events=2
pp13_trace final_event request=680866350292308 sequence=680866350292308 position=4 kind=2 dispatch_flags=0x200 completion_flags=0x1 tokens=2 ids=400,79 status=0
pp13_trace decode_begin request=680866350292308
pp13_trace decode_end status=15 dur_us=16643
gateway_pump status=0 service_last=0 serving_last=15 live=1 queued=0 prefill=9 decode=227 events=1
gateway_pump status=0 service_last=0 serving_last=3 live=1 queued=0 prefill=9 decode=227 events=0
pp13_trace final_event request=680866350292308 sequence=680866350292308 position=5 kind=4 dispatch_flags=0x400 completion_flags=0x3 tokens=2 ids=79,861 status=0
mtp_trace verify request=680866350292308 sequence=680866350292308 proposed=1 accepted=1 committed=2 fallback=861 draft_ids=79 verifier_ids=79,861
pp13_trace decode_begin request=680866350292308
pp13_trace decode_end status=15 dur_us=32721
gateway_pump status=0 service_last=0 serving_last=15 live=1 queued=0 prefill=9 decode=228 events=2
gateway_pump status=0 service_last=0 serving_last=3 live=1 queued=0 prefill=9 decode=228 events=0
pp13_trace final_event request=680866350292308 sequence=680866350292308 position=7 kind=4 dispatch_flags=0x400 completion_flags=0x3 tokens=3 ids=220,16,3 status=0
mtp_trace verify request=680866350292308 sequence=680866350292308 proposed=2 accepted=1 committed=2 fallback=16 draft_ids=220,15 verifier_ids=220,16,3
pp13_trace decode_begin request=680866350292308
pp13_trace decode_end status=15 dur_us=32941
gateway_pump status=0 service_last=0 serving_last=15 live=1 queued=0 prefill=9 decode=229 events=2
gateway_pump status=0 service_last=0 serving_last=3 live=1 queued=0 prefill=9 decode=229 events=0
pp13_trace final_event request=680866350292308 sequence=680866350292308 position=9 kind=4 dispatch_flags=0x400 completion_flags=0x3 tokens=3 ids=3,323,11279 status=0
mtp_trace verify request=680866350292308 sequence=680866350292308 proposed=2 accepted=1 committed=2 fallback=323 draft_ids=3,320 verifier_ids=3,323,11279
pp13_trace decode_begin request=680866350292308
pp13_trace decode_end status=15 dur_us=32544
gateway_pump status=0 service_last=0 serving_last=15 live=1 queued=0 prefill=9 decode=230 events=2
gateway_pump status=0 service_last=0 serving_last=3 live=1 queued=0 prefill=9 decode=230 events=0
pp13_trace final_event request=680866350292308 sequence=680866350292308 position=11 kind=4 dispatch_flags=0x400 completion_flags=0x3 tokens=3 ids=36157,4188,979 status=0
mtp_trace verify request=680866350292308 sequence=680866350292308 proposed=2 accepted=2 committed=3 fallback=979 draft_ids=36157,4188 verifier_ids=36157,4188,979
pp13_trace decode_begin request=680866350292308
pp13_trace decode_end status=15 dur_us=31702
gateway_pump status=0 service_last=0 serving_last=15 live=1 queued=0 prefill=9 decode=231 events=3
gateway_pump status=0 service_last=0 serving_last=3 live=1 queued=0 prefill=9 decode=231 events=0
pp13_trace final_event request=680866350292308 sequence=680866350292308 position=14 kind=4 dispatch_flags=0x400 completion_flags=0x3 tokens=3 ids=400,79,1124 status=0
mtp_trace verify request=680866350292308 sequence=680866350292308 proposed=2 accepted=2 committed=3 fallback=1124 draft_ids=400,79 verifier_ids=400,79,1124
pp13_trace decode_begin request=680866350292308
pp13_trace decode_end status=15 dur_us=31916
gateway_pump status=0 service_last=0 serving_last=15 live=1 queued=0 prefill=9 decode=232 events=3
gateway_pump status=0 service_last=0 serving_last=3 live=1 queued=0 prefill=9 decode=232 events=0
pp13_trace final_event request=680866350292308 sequence=680866350292308 position=17 kind=4 dispatch_flags=0x400 completion_flags=0x3 tokens=3 ids=273,80,220 status=0
mtp_trace verify request=680866350292308 sequence=680866350292308 proposed=2 accepted=2 committed=3 fallback=220 draft_ids=273,80 verifier_ids=273,80,220
pp13_trace decode_begin request=680866350292308
pp13_trace decode_end status=15 dur_us=31774
gateway_pump status=0 service_last=0 serving_last=15 live=1 queued=0 prefill=9 decode=233 events=3
gateway_pump status=0 service_last=0 serving_last=3 live=1 queued=0 prefill=9 decode=233 events=0
pp13_trace final_event request=680866350292308 sequence=680866350292308 position=20 kind=4 dispatch_flags=0x400 completion_flags=0x3 tokens=3 ids=16,3,624 status=0
mtp_trace verify request=680866350292308 sequence=680866350292308 proposed=2 accepted=2 committed=3 fallback=624 draft_ids=16,3 verifier_ids=16,3,624
pp13_trace decode_begin request=680866350292308
pp13_trace decode_end status=15 dur_us=32656
gateway_pump status=0 service_last=0 serving_last=15 live=1 queued=0 prefill=9 decode=234 events=3
gateway_pump status=0 service_last=0 serving_last=3 live=1 queued=0 prefill=9 decode=234 events=0
pp13_trace final_event request=680866350292308 sequence=680866350292308 position=23 kind=4 dispatch_flags=0x400 completion_flags=0x3 tokens=3 ids=16236,25021,17045 status=0
mtp_trace verify request=680866350292308 sequence=680866350292308 proposed=2 accepted=0 committed=1 fallback=16236 draft_ids=785,3491 verifier_ids=16236,25021,17045
pp13_trace decode_begin request=680866350292308
pp13_trace decode_end status=15 dur_us=16334
gateway_pump status=0 service_last=0 serving_last=15 live=1 queued=0 prefill=9 decode=235 events=1
gateway_pump status=0 service_last=0 serving_last=3 live=1 queued=0 prefill=9 decode=235 events=0
pp13_trace final_event request=680866350292308 sequence=680866350292308 position=24 kind=4 dispatch_flags=0x400 completion_flags=0x3 tokens=2 ids=2685,279 status=0
mtp_trace verify request=680866350292308 sequence=680866350292308 proposed=1 accepted=1 committed=2 fallback=279 draft_ids=2685 verifier_ids=2685,279
pp13_trace decode_begin request=680866350292308
pp13_trace decode_end status=15 dur_us=31725
gateway_pump status=0 service_last=0 serving_last=15 live=1 queued=0 prefill=9 decode=236 events=2
gateway_pump status=0 service_last=0 serving_last=3 live=1 queued=0 prefill=9 decode=236 events=0
pp13_trace final_event request=680866350292308 sequence=680866350292308 position=26 kind=4 dispatch_flags=0x400 completion_flags=0x3 tokens=3 ids=90892,198,785 status=0
mtp_trace verify request=680866350292308 sequence=680866350292308 proposed=2 accepted=2 committed=3 fallback=785 draft_ids=90892,198 verifier_ids=90892,198,785
pp13_trace decode_begin request=680866350292308
pp13_trace decode_end status=15 dur_us=32417
gateway_pump status=0 service_last=0 serving_last=15 live=1 queued=0 prefill=9 decode=237 events=3
gateway_pump status=0 service_last=0 serving_last=3 live=1 queued=0 prefill=9 decode=237 events=0
pp13_trace final_event request=680866350292308 sequence=680866350292308 position=29 kind=4 dispatch_flags=0x400 completion_flags=0x3 tokens=3 ids=2661,2661,11515 status=0
mtp_trace verify request=680866350292308 sequence=680866350292308 proposed=2 accepted=0 committed=1 fallback=2661 draft_ids=25021,1124 verifier_ids=2661,2661,11515
pp13_trace decode_begin request=680866350292308
pp13_trace decode_end status=15 dur_us=16185
gateway_pump status=0 service_last=0 serving_last=15 live=1 queued=0 prefill=9 decode=238 events=1
gateway_pump status=0 service_last=0 serving_last=3 live=1 queued=0 prefill=9 decode=238 events=0
pp13_trace final_event request=680866350292308 sequence=680866350292308 position=30 kind=4 dispatch_flags=0x400 completion_flags=0x3 tokens=2 ids=25021,374 status=0
mtp_trace verify request=680866350292308 sequence=680866350292308 proposed=1 accepted=1 committed=2 fallback=374 draft_ids=25021 verifier_ids=25021,374
pp13_trace decode_begin request=680866350292308
pp13_trace decode_end status=15 dur_us=32668
gateway_pump status=0 service_last=0 serving_last=15 live=1 queued=0 prefill=9 decode=239 events=2
gateway_pump status=0 service_last=0 serving_last=3 live=1 queued=0 prefill=9 decode=239 events=0
pp13_trace final_event request=680866350292308 sequence=680866350292308 position=32 kind=4 dispatch_flags=0x400 completion_flags=0x3 tokens=3 ids=17741,1124,396 status=0
mtp_trace verify request=680866350292308 sequence=680866350292308 proposed=2 accepted=2 committed=3 fallback=396 draft_ids=17741,1124 verifier_ids=17741,1124,396
pp13_trace decode_begin request=680866350292308
pp13_trace decode_end status=15 dur_us=32601
gateway_pump status=0 service_last=0 serving_last=15 live=1 queued=0 prefill=9 decode=240 events=3
gateway_pump status=0 service_last=0 serving_last=3 live=1 queued=0 prefill=9 decode=240 events=0
pp13_trace final_event request=680866350292308 sequence=680866350292308 position=35 kind=4 dispatch_flags=0x400 completion_flags=0x3 tokens=3 ids=15147,16,92 status=0
mtp_trace verify request=680866350292308 sequence=680866350292308 proposed=2 accepted=1 committed=2 fallback=16 draft_ids=15147,15 verifier_ids=15147,16,92
pp13_trace decode_begin request=680866350292308
pp13_trace decode_end status=15 dur_us=32179
gateway_pump status=0 service_last=0 serving_last=15 live=1 queued=0 prefill=9 decode=241 events=2
gateway_pump status=0 service_last=0 serving_last=3 live=1 queued=0 prefill=9 decode=241 events=0
pp13_trace final_event request=680866350292308 sequence=680866350292308 position=37 kind=4 dispatch_flags=0x400 completion_flags=0x3 tokens=3 ids=92,61,35524 status=0
mtp_trace verify request=680866350292308 sequence=680866350292308 proposed=2 accepted=2 committed=3 fallback=35524 draft_ids=92,61 verifier_ids=92,61,35524
pp13_trace decode_begin request=680866350292308
pp13_trace decode_end status=15 dur_us=33325
gateway_pump status=0 service_last=0 serving_last=15 live=1 queued=0 prefill=9 decode=242 events=3
gateway_pump status=0 service_last=0 serving_last=3 live=1 queued=0 prefill=9 decode=242 events=0
pp13_trace final_event request=680866350292308 sequence=680866350292308 position=40 kind=4 dispatch_flags=0x400 completion_flags=0x3 tokens=3 ids=258,36766,92 status=0
mtp_trace verify request=680866350292308 sequence=680866350292308 proposed=2 accepted=2 committed=3 fallback=92 draft_ids=258,36766 verifier_ids=258,36766,92
pp13_trace decode_begin request=680866350292308
pp13_trace decode_end status=15 dur_us=32408
gateway_pump status=0 service_last=0 serving_last=15 live=1 queued=0 prefill=9 decode=243 events=3
gateway_pump status=0 service_last=0 serving_last=3 live=1 queued=0 prefill=9 decode=243 events=0
pp13_trace final_event request=680866350292308 sequence=680866350292308 position=43 kind=4 dispatch_flags=0x400 completion_flags=0x3 tokens=3 ids=1124,36825,90 status=0
mtp_trace verify request=680866350292308 sequence=680866350292308 proposed=2 accepted=2 committed=3 fallback=90 draft_ids=1124,36825 verifier_ids=1124,36825,90
pp13_trace decode_begin request=680866350292308
pp13_trace decode_end status=15 dur_us=32076
gateway_pump status=0 service_last=0 serving_last=15 live=1 queued=0 prefill=9 decode=244 events=3
gateway_pump status=0 service_last=0 serving_last=3 live=1 queued=0 prefill=9 decode=244 events=0
pp13_trace final_event request=680866350292308 sequence=680866350292308 position=46 kind=4 dispatch_flags=0x400 completion_flags=0x3 tokens=3 ids=16,15158,87 status=0
mtp_trace verify request=680866350292308 sequence=680866350292308 proposed=2 accepted=2 committed=3 fallback=87 draft_ids=16,15158 verifier_ids=16,15158,87
pp13_trace decode_begin request=680866350292308
pp13_trace decode_end status=15 dur_us=31930
gateway_pump status=0 service_last=0 serving_last=15 live=1 queued=0 prefill=9 decode=245 events=3
gateway_pump status=0 service_last=0 serving_last=3 live=1 queued=0 prefill=9 decode=245 events=0
pp13_trace final_event request=680866350292308 sequence=680866350292308 position=49 kind=4 dispatch_flags=0x400 completion_flags=0x3 tokens=3 ids=61,79,92 status=0
mtp_trace verify request=680866350292308 sequence=680866350292308 proposed=2 accepted=2 committed=3 fallback=92 draft_ids=61,79 verifier_ids=61,79,92
pp13_trace decode_begin request=680866350292308
pp13_trace decode_end status=15 dur_us=36177
gateway_pump status=0 service_last=0 serving_last=15 live=1 queued=0 prefill=9 decode=246 events=3
gateway_pump status=0 service_last=0 serving_last=3 live=1 queued=0 prefill=9 decode=246 events=0
pp13_trace final_event request=680866350292308 sequence=680866350292308 position=52 kind=4 dispatch_flags=0x400 completion_flags=0x3 tokens=3 ids=1124,11,856 status=0
mtp_trace verify request=680866350292308 sequence=680866350292308 proposed=2 accepted=1 committed=2 fallback=11 draft_ids=1124,2261 verifier_ids=1124,11,856
pp13_trace decode_begin request=680866350292308
pp13_trace decode_end status=15 dur_us=32530
gateway_pump status=0 service_last=0 serving_last=15 live=1 queued=0 prefill=9 decode=247 events=2
gateway_pump status=0 service_last=0 serving_last=3 live=1 queued=0 prefill=9 decode=247 events=0
pp13_trace final_event request=680866350292308 sequence=680866350292308 position=54 kind=4 dispatch_flags=0x400 completion_flags=0x3 tokens=3 ids=13813,1124,568 status=0
mtp_trace verify request=680866350292308 sequence=680866350292308 proposed=2 accepted=2 committed=3 fallback=568 draft_ids=13813,1124 verifier_ids=13813,1124,568
pp13_trace decode_begin request=680866350292308
pp13_trace decode_end status=15 dur_us=32123
gateway_pump status=0 service_last=0 serving_last=15 live=1 queued=0 prefill=9 decode=248 events=3
gateway_pump status=0 service_last=0 serving_last=3 live=1 queued=0 prefill=9 decode=248 events=0
pp13_trace final_event request=680866350292308 sequence=680866350292308 position=57 kind=4 dispatch_flags=0x400 completion_flags=0x3 tokens=3 ids=1096,374,458 status=0
mtp_trace verify request=680866350292308 sequence=680866350292308 proposed=2 accepted=2 committed=3 fallback=458 draft_ids=1096,374 verifier_ids=1096,374,458
pp13_trace decode_begin request=680866350292308
pp13_trace decode_end status=15 dur_us=32075
gateway_pump status=0 service_last=0 serving_last=15 live=1 queued=0 prefill=9 decode=249 events=3
gateway_pump status=0 service_last=0 serving_last=3 live=1 queued=0 prefill=9 decode=249 events=0
pp13_trace final_event request=680866350292308 sequence=680866350292308 position=60 kind=4 dispatch_flags=0x400 completion_flags=0x3 tokens=3 ids=39767,25021,1576 status=0
mtp_trace verify request=680866350292308 sequence=680866350292308 proposed=2 accepted=2 committed=3 fallback=1576 draft_ids=39767,25021 verifier_ids=39767,25021,1576
pp13_trace decode_begin request=680866350292308
pp13_trace decode_end status=15 dur_us=32707
gateway_pump status=0 service_last=0 serving_last=15 live=1 queued=0 prefill=9 decode=250 events=3
gateway_pump status=0 service_last=0 serving_last=3 live=1 queued=0 prefill=9 decode=250 events=0
pp13_trace final_event request=680866350292308 sequence=680866350292308 position=63 kind=4 dispatch_flags=0x400 completion_flags=0x3 tokens=3 ids=279,8415,3930 status=0
mtp_trace verify request=680866350292308 sequence=680866350292308 proposed=2 accepted=2 committed=3 fallback=3930 draft_ids=279,8415 verifier_ids=279,8415,3930
pp13_trace decode_begin request=680866350292308
pp13_trace decode_end status=15 dur_us=16262
gateway_pump status=0 service_last=0 serving_last=15 live=1 queued=0 prefill=9 decode=251 events=3
gateway_pump status=0 service_last=0 serving_last=3 live=1 queued=0 prefill=9 decode=251 events=0
pp13_trace final_event request=680866350292308 sequence=680866350292308 position=66 kind=4 dispatch_flags=0x400 completion_flags=0x3 tokens=2 ids=374,54542 status=0
mtp_trace verify request=680866350292308 sequence=680866350292308 proposed=1 accepted=1 committed=2 fallback=54542 draft_ids=374 verifier_ids=374,54542
gateway_pump status=0 service_last=0 serving_last=3 live=0 queued=0 prefill=9 decode=252 events=3
pp13_trace prefill_begin request=680866350292309 offset=0 count=5
pp13_trace prefill_end status=0 dur_us=64646
pp13_trace decode_begin request=680866350292309
pp13_trace decode_end status=15 dur_us=16129
gateway_pump status=0 service_last=0 serving_last=15 live=1 queued=0 prefill=10 decode=252 events=2
pp13_trace final_event request=680866350292309 sequence=680866350292309 position=4 kind=2 dispatch_flags=0x200 completion_flags=0x1 tokens=2 ids=1667,38816 status=0
pp13_trace decode_begin request=680866350292309
pp13_trace decode_end status=15 dur_us=16342
gateway_pump status=0 service_last=0 serving_last=15 live=1 queued=0 prefill=10 decode=253 events=1
gateway_pump status=0 service_last=0 serving_last=3 live=1 queued=0 prefill=10 decode=253 events=0
pp13_trace final_event request=680866350292309 sequence=680866350292309 position=5 kind=4 dispatch_flags=0x400 completion_flags=0x3 tokens=2 ids=8976,5662 status=0
mtp_trace verify request=680866350292309 sequence=680866350292309 proposed=1 accepted=0 committed=1 fallback=8976 draft_ids=38816 verifier_ids=8976,5662
pp13_trace decode_begin request=680866350292309
pp13_trace decode_end status=15 dur_us=17405
gateway_pump status=0 service_last=0 serving_last=15 live=1 queued=0 prefill=10 decode=254 events=1
gateway_pump status=0 service_last=0 serving_last=3 live=1 queued=0 prefill=10 decode=254 events=0
pp13_trace final_event request=680866350292309 sequence=680866350292309 position=6 kind=4 dispatch_flags=0x400 completion_flags=0x3 tokens=2 ids=41233,647 status=0
mtp_trace verify request=680866350292309 sequence=680866350292309 proposed=1 accepted=1 committed=2 fallback=647 draft_ids=41233 verifier_ids=41233,647
pp13_trace decode_begin request=680866350292309
pp13_trace decode_end status=15 dur_us=32063
gateway_pump status=0 service_last=0 serving_last=15 live=1 queued=0 prefill=10 decode=255 events=2
gateway_pump status=0 service_last=0 serving_last=3 live=1 queued=0 prefill=10 decode=255 events=0
pp13_trace final_event request=680866350292309 sequence=680866350292309 position=8 kind=4 dispatch_flags=0x400 completion_flags=0x3 tokens=3 ids=2210,1096,13245 status=0
mtp_trace verify request=680866350292309 sequence=680866350292309 proposed=2 accepted=1 committed=2 fallback=1096 draft_ids=2210,198 verifier_ids=2210,1096,13245
pp13_trace decode_begin request=680866350292309
pp13_trace decode_end status=15 dur_us=32474
gateway_pump status=0 service_last=0 serving_last=15 live=1 queued=0 prefill=10 decode=256 events=2
gateway_pump status=0 service_last=0 serving_last=3 live=1 queued=0 prefill=10 decode=256 events=0
pp13_trace final_event request=680866350292309 sequence=680866350292309 position=10 kind=4 dispatch_flags=0x400 completion_flags=0x3 tokens=3 ids=36972,30990,264 status=0
mtp_trace verify request=680866350292309 sequence=680866350292309 proposed=2 accepted=1 committed=2 fallback=30990 draft_ids=36972,374 verifier_ids=36972,30990,264
pp13_trace decode_begin request=680866350292309
pp13_trace decode_end status=15 dur_us=32538
gateway_pump status=0 service_last=0 serving_last=15 live=1 queued=0 prefill=10 decode=257 events=2
gateway_pump status=0 service_last=0 serving_last=3 live=1 queued=0 prefill=10 decode=257 events=0
pp13_trace final_event request=680866350292309 sequence=680866350292309 position=12 kind=4 dispatch_flags=0x400 completion_flags=0x3 tokens=3 ids=1246,311,990 status=0
mtp_trace verify request=680866350292309 sequence=680866350292309 proposed=2 accepted=2 committed=3 fallback=990 draft_ids=1246,311 verifier_ids=1246,311,990
pp13_trace decode_begin request=680866350292309
pp13_trace decode_end status=15 dur_us=32100
gateway_pump status=0 service_last=0 serving_last=15 live=1 queued=0 prefill=10 decode=258 events=3
gateway_pump status=0 service_last=0 serving_last=3 live=1 queued=0 prefill=10 decode=258 events=0
pp13_trace final_event request=680866350292309 sequence=680866350292309 position=15 kind=4 dispatch_flags=0x400 completion_flags=0x3 tokens=3 ids=279,8976,13245 status=0
mtp_trace verify request=680866350292309 sequence=680866350292309 proposed=2 accepted=1 committed=2 fallback=8976 draft_ids=279,508 verifier_ids=279,8976,13245
pp13_trace decode_begin request=680866350292309
pp13_trace decode_end status=15 dur_us=32170
gateway_pump status=0 service_last=0 serving_last=15 live=1 queued=0 prefill=10 decode=259 events=2
gateway_pump status=0 service_last=0 serving_last=3 live=1 queued=0 prefill=10 decode=259 events=0
pp13_trace final_event request=680866350292309 sequence=680866350292309 position=17 kind=4 dispatch_flags=0x400 completion_flags=0x3 tokens=3 ids=41233,647,2210 status=0
mtp_trace verify request=680866350292309 sequence=680866350292309 proposed=2 accepted=2 committed=3 fallback=2210 draft_ids=41233,647 verifier_ids=41233,647,2210
pp13_trace decode_begin request=680866350292309
pp13_trace decode_end status=15 dur_us=32404
gateway_pump status=0 service_last=0 serving_last=15 live=1 queued=0 prefill=10 decode=260 events=3
gateway_pump status=0 service_last=0 serving_last=3 live=1 queued=0 prefill=10 decode=260 events=0
pp13_trace final_event request=680866350292309 sequence=680866350292309 position=20 kind=4 dispatch_flags=0x400 completion_flags=0x3 tokens=3 ids=6328,504,730 status=0
mtp_trace verify request=680866350292309 sequence=680866350292309 proposed=2 accepted=0 committed=1 fallback=6328 draft_ids=5392,304 verifier_ids=6328,504,730
pp13_trace decode_begin request=680866350292309
pp13_trace decode_end status=15 dur_us=16823
gateway_pump status=0 service_last=0 serving_last=15 live=1 queued=0 prefill=10 decode=261 events=1
gateway_pump status=0 service_last=0 serving_last=3 live=1 queued=0 prefill=10 decode=261 events=0
pp13_trace final_event request=680866350292309 sequence=680866350292309 position=21 kind=4 dispatch_flags=0x400 completion_flags=0x3 tokens=2 ids=311,7023 status=0
mtp_trace verify request=680866350292309 sequence=680866350292309 proposed=1 accepted=1 committed=2 fallback=7023 draft_ids=311 verifier_ids=311,7023
pp13_trace decode_begin request=680866350292309
pp13_trace decode_end status=15 dur_us=31717
gateway_pump status=0 service_last=0 serving_last=15 live=1 queued=0 prefill=10 decode=262 events=2
gateway_pump status=0 service_last=0 serving_last=3 live=1 queued=0 prefill=10 decode=262 events=0
pp13_trace final_event request=680866350292309 sequence=680866350292309 position=23 kind=4 dispatch_flags=0x400 completion_flags=0x3 tokens=3 ids=279,10965,315 status=0
mtp_trace verify request=680866350292309 sequence=680866350292309 proposed=2 accepted=1 committed=2 fallback=10965 draft_ids=279,50122 verifier_ids=279,10965,315
pp13_trace decode_begin request=680866350292309
pp13_trace decode_end status=15 dur_us=32558
gateway_pump status=0 service_last=0 serving_last=15 live=1 queued=0 prefill=10 decode=263 events=2
gateway_pump status=0 service_last=0 serving_last=3 live=1 queued=0 prefill=10 decode=263 events=0
pp13_trace final_event request=680866350292309 sequence=680866350292309 position=25 kind=4 dispatch_flags=0x400 completion_flags=0x3 tokens=3 ids=50122,315,264 status=0
mtp_trace verify request=680866350292309 sequence=680866350292309 proposed=2 accepted=1 committed=2 fallback=315 draft_ids=50122,1948 verifier_ids=50122,315,264
pp13_trace decode_begin request=680866350292309
pp13_trace decode_end status=15 dur_us=32145
gateway_pump status=0 service_last=0 serving_last=15 live=1 queued=0 prefill=10 decode=264 events=2
gateway_pump status=0 service_last=0 serving_last=3 live=1 queued=0 prefill=10 decode=264 events=0
pp13_trace final_event request=680866350292309 sequence=680866350292309 position=27 kind=4 dispatch_flags=0x400 completion_flags=0x3 tokens=3 ids=264,28215,41694 status=0
mtp_trace verify request=680866350292309 sequence=680866350292309 proposed=2 accepted=1 committed=2 fallback=28215 draft_ids=264,2613 verifier_ids=264,28215,41694
pp13_trace decode_begin request=680866350292309
pp13_trace decode_end status=15 dur_us=31938
gateway_pump status=0 service_last=0 serving_last=15 live=1 queued=0 prefill=10 decode=265 events=2
gateway_pump status=0 service_last=0 serving_last=3 live=1 queued=0 prefill=10 decode=265 events=0
pp13_trace final_event request=680866350292309 sequence=680866350292309 position=29 kind=4 dispatch_flags=0x400 completion_flags=0x3 tokens=3 ids=437,311,264 status=0
mtp_trace verify request=680866350292309 sequence=680866350292309 proposed=2 accepted=1 committed=2 fallback=311 draft_ids=437,323 verifier_ids=437,311,264
pp13_trace decode_begin request=680866350292309
pp13_trace decode_end status=15 dur_us=32628
gateway_pump status=0 service_last=0 serving_last=15 live=1 queued=0 prefill=10 decode=266 events=2
gateway_pump status=0 service_last=0 serving_last=3 live=1 queued=0 prefill=10 decode=266 events=0
pp13_trace final_event request=680866350292309 sequence=680866350292309 position=31 kind=4 dispatch_flags=0x400 completion_flags=0x3 tokens=3 ids=264,34003,12827 status=0
mtp_trace verify request=680866350292309 sequence=680866350292309 proposed=2 accepted=2 committed=3 fallback=12827 draft_ids=264,34003 verifier_ids=264,34003,12827
pp13_trace decode_begin request=680866350292309
pp13_trace decode_end status=15 dur_us=31688
gateway_pump status=0 service_last=0 serving_last=15 live=1 queued=0 prefill=10 decode=267 events=3
gateway_pump status=0 service_last=0 serving_last=3 live=1 queued=0 prefill=10 decode=267 events=0
pp13_trace final_event request=680866350292309 sequence=680866350292309 position=34 kind=4 dispatch_flags=0x400 completion_flags=0x3 tokens=3 ids=13,576,36972 status=0
mtp_trace verify request=680866350292309 sequence=680866350292309 proposed=2 accepted=2 committed=3 fallback=36972 draft_ids=13,576 verifier_ids=13,576,36972
pp13_trace decode_begin request=680866350292309
pp13_trace decode_end status=15 dur_us=32494
gateway_pump status=0 service_last=0 serving_last=15 live=1 queued=0 prefill=10 decode=268 events=3
gateway_pump status=0 service_last=0 serving_last=3 live=1 queued=0 prefill=10 decode=268 events=0
pp13_trace final_event request=680866350292309 sequence=680866350292309 position=37 kind=4 dispatch_flags=0x400 completion_flags=0x3 tokens=3 ids=374,279,6077 status=0
mtp_trace verify request=680866350292309 sequence=680866350292309 proposed=2 accepted=0 committed=1 fallback=374 draft_ids=5711,264 verifier_ids=374,279,6077
pp13_trace decode_begin request=680866350292309
pp13_trace decode_end status=15 dur_us=16448
gateway_pump status=0 service_last=0 serving_last=15 live=1 queued=0 prefill=10 decode=269 events=1
gateway_pump status=0 service_last=0 serving_last=3 live=1 queued=0 prefill=10 decode=269 events=0
pp13_trace final_event request=680866350292309 sequence=680866350292309 position=38 kind=4 dispatch_flags=0x400 completion_flags=0x3 tokens=2 ids=17753,438 status=0
mtp_trace verify request=680866350292309 sequence=680866350292309 proposed=1 accepted=0 committed=1 fallback=17753 draft_ids=32774 verifier_ids=17753,438
pp13_trace decode_begin request=680866350292309
pp13_trace decode_end status=15 dur_us=16528
gateway_pump status=0 service_last=0 serving_last=15 live=1 queued=0 prefill=10 decode=270 events=1
gateway_pump status=0 service_last=0 serving_last=3 live=1 queued=0 prefill=10 decode=270 events=0
pp13_trace final_event request=680866350292309 sequence=680866350292309 position=39 kind=4 dispatch_flags=0x400 completion_flags=0x3 tokens=2 ids=1119,279 status=0
mtp_trace verify request=680866350292309 sequence=680866350292309 proposed=1 accepted=1 committed=2 fallback=279 draft_ids=1119 verifier_ids=1119,279
pp13_trace decode_begin request=680866350292309
pp13_trace decode_end status=15 dur_us=32496
gateway_pump status=0 service_last=0 serving_last=15 live=1 queued=0 prefill=10 decode=271 events=2
gateway_pump status=0 service_last=0 serving_last=3 live=1 queued=0 prefill=10 decode=271 events=0
pp13_trace final_event request=680866350292309 sequence=680866350292309 position=41 kind=4 dispatch_flags=0x400 completion_flags=0x3 tokens=3 ids=2701,14149,25 status=0
mtp_trace verify request=680866350292309 sequence=680866350292309 proposed=2 accepted=1 committed=2 fallback=14149 draft_ids=2701,7354 verifier_ids=2701,14149,25
pp13_trace decode_begin request=680866350292309
pp13_trace decode_end status=15 dur_us=32465
gateway_pump status=0 service_last=0 serving_last=15 live=1 queued=0 prefill=10 decode=272 events=2
gateway_pump status=0 service_last=0 serving_last=3 live=1 queued=0 prefill=10 decode=272 events=0
pp13_trace final_event request=680866350292309 sequence=680866350292309 position=43 kind=4 dispatch_flags=0x400 completion_flags=0x3 tokens=3 ids=25,220,16 status=0
mtp_trace verify request=680866350292309 sequence=680866350292309 proposed=2 accepted=2 committed=3 fallback=16 draft_ids=25,220 verifier_ids=25,220,16
pp13_trace decode_begin request=680866350292309
pp13_trace decode_end status=15 dur_us=32646
gateway_pump status=0 service_last=0 serving_last=15 live=1 queued=0 prefill=10 decode=273 events=3
gateway_pump status=0 service_last=0 serving_last=3 live=1 queued=0 prefill=10 decode=273 events=0
pp13_trace final_event request=680866350292309 sequence=680866350292309 position=46 kind=4 dispatch_flags=0x400 completion_flags=0x3 tokens=3 ids=13,18593,220 status=0
mtp_trace verify request=680866350292309 sequence=680866350292309 proposed=2 accepted=1 committed=2 fallback=18593 draft_ids=13,220 verifier_ids=13,18593,220
pp13_trace decode_begin request=680866350292309
pp13_trace decode_end status=15 dur_us=32959
gateway_pump status=0 service_last=0 serving_last=15 live=1 queued=0 prefill=10 decode=274 events=2
gateway_pump status=0 service_last=0 serving_last=3 live=1 queued=0 prefill=10 decode=274 events=0
pp13_trace final_event request=680866350292309 sequence=680866350292309 position=48 kind=4 dispatch_flags=0x400 completion_flags=0x3 tokens=3 ids=220,17,13 status=0
mtp_trace verify request=680866350292309 sequence=680866350292309 proposed=2 accepted=2 committed=3 fallback=13 draft_ids=220,17 verifier_ids=220,17,13
pp13_trace decode_begin request=680866350292309
pp13_trace decode_end status=15 dur_us=32019
gateway_pump status=0 service_last=0 serving_last=15 live=1 queued=0 prefill=10 decode=275 events=3
gateway_pump status=0 service_last=0 serving_last=3 live=1 queued=0 prefill=10 decode=275 events=0
pp13_trace final_event request=680866350292309 sequence=680866350292309 position=51 kind=4 dispatch_flags=0x400 completion_flags=0x3 tokens=3 ids=2885,279,34003 status=0
mtp_trace verify request=680866350292309 sequence=680866350292309 proposed=2 accepted=0 committed=1 fallback=2885 draft_ids=31038,279 verifier_ids=2885,279,34003
pp13_trace decode_begin request=680866350292309
pp13_trace decode_end status=15 dur_us=16354
gateway_pump status=0 service_last=0 serving_last=15 live=1 queued=0 prefill=10 decode=276 events=1
gateway_pump status=0 service_last=0 serving_last=3 live=1 queued=0 prefill=10 decode=276 events=0
pp13_trace final_event request=680866350292309 sequence=680866350292309 position=52 kind=4 dispatch_flags=0x400 completion_flags=0x3 tokens=2 ids=17948,220 status=0
mtp_trace verify request=680866350292309 sequence=680866350292309 proposed=1 accepted=1 committed=2 fallback=220 draft_ids=17948 verifier_ids=17948,220
pp13_trace decode_begin request=680866350292309
pp13_trace decode_end status=15 dur_us=32233
gateway_pump status=0 service_last=0 serving_last=15 live=1 queued=0 prefill=10 decode=277 events=2
gateway_pump status=0 service_last=0 serving_last=3 live=1 queued=0 prefill=10 decode=277 events=0
pp13_trace final_event request=680866350292309 sequence=680866350292309 position=54 kind=4 dispatch_flags=0x400 completion_flags=0x3 tokens=3 ids=18,13,43846 status=0
mtp_trace verify request=680866350292309 sequence=680866350292309 proposed=2 accepted=2 committed=3 fallback=43846 draft_ids=18,13 verifier_ids=18,13,43846
pp13_trace decode_begin request=680866350292309
pp13_trace decode_end status=15 dur_us=32181
gateway_pump status=0 service_last=0 serving_last=15 live=1 queued=0 prefill=10 decode=278 events=3
gateway_pump status=0 service_last=0 serving_last=3 live=1 queued=0 prefill=10 decode=278 events=0
pp13_trace final_event request=680866350292309 sequence=680866350292309 position=57 kind=4 dispatch_flags=0x400 completion_flags=0x3 tokens=3 ids=287,220,19 status=0
mtp_trace verify request=680866350292309 sequence=680866350292309 proposed=2 accepted=2 committed=3 fallback=19 draft_ids=287,220 verifier_ids=287,220,19
pp13_trace decode_begin request=680866350292309
pp13_trace decode_end status=15 dur_us=32185
gateway_pump status=0 service_last=0 serving_last=15 live=1 queued=0 prefill=10 decode=279 events=3
gateway_pump status=0 service_last=0 serving_last=3 live=1 queued=0 prefill=10 decode=279 events=0
pp13_trace final_event request=680866350292309 sequence=680866350292309 position=60 kind=4 dispatch_flags=0x400 completion_flags=0x3 tokens=3 ids=13,18291,271 status=0
mtp_trace verify request=680866350292309 sequence=680866350292309 proposed=2 accepted=1 committed=2 fallback=18291 draft_ids=13,18593 verifier_ids=13,18291,271
pp13_trace decode_begin request=680866350292309
pp13_trace decode_end status=15 dur_us=32652
gateway_pump status=0 service_last=0 serving_last=15 live=1 queued=0 prefill=10 decode=280 events=2
gateway_pump status=0 service_last=0 serving_last=3 live=1 queued=0 prefill=10 decode=280 events=0
pp13_trace final_event request=680866350292309 sequence=680866350292309 position=62 kind=4 dispatch_flags=0x400 completion_flags=0x3 tokens=3 ids=220,20,13 status=0
mtp_trace verify request=680866350292309 sequence=680866350292309 proposed=2 accepted=2 committed=3 fallback=13 draft_ids=220,20 verifier_ids=220,20,13
pp13_trace decode_begin request=680866350292309
pp13_trace decode_end status=15 dur_us=32379
gateway_pump status=0 service_last=0 serving_last=15 live=1 queued=0 prefill=10 decode=281 events=3
gateway_pump status=0 service_last=0 serving_last=3 live=1 queued=0 prefill=10 decode=281 events=0
pp13_trace final_event request=680866350292309 sequence=680866350292309 position=65 kind=4 dispatch_flags=0x400 completion_flags=0x3 tokens=3 ids=90009,220,21 status=0
mtp_trace verify request=680866350292309 sequence=680866350292309 proposed=2 accepted=2 committed=3 fallback=21 draft_ids=90009,220 verifier_ids=90009,220,21
gateway_pump status=0 service_last=0 serving_last=3 live=0 queued=0 prefill=10 decode=282 events=4
pp13_trace prefill_begin request=680866350292310 offset=0 count=5
pp13_trace prefill_end status=0 dur_us=65100
pp13_trace decode_begin request=680866350292310
pp13_trace decode_end status=15 dur_us=15513
gateway_pump status=0 service_last=0 serving_last=15 live=1 queued=0 prefill=11 decode=282 events=2
pp13_trace final_event request=680866350292310 sequence=680866350292310 position=4 kind=2 dispatch_flags=0x200 completion_flags=0x1 tokens=2 ids=264,6500 status=0
pp13_trace decode_begin request=680866350292310
pp13_trace decode_end status=15 dur_us=16642
gateway_pump status=0 service_last=0 serving_last=15 live=1 queued=0 prefill=11 decode=283 events=1
gateway_pump status=0 service_last=0 serving_last=3 live=1 queued=0 prefill=11 decode=283 events=0
pp13_trace final_event request=680866350292310 sequence=680866350292310 position=5 kind=4 dispatch_flags=0x400 completion_flags=0x3 tokens=2 ids=6500,1376 status=0
mtp_trace verify request=680866350292310 sequence=680866350292310 proposed=1 accepted=1 committed=2 fallback=1376 draft_ids=6500 verifier_ids=6500,1376
pp13_trace decode_begin request=680866350292310
pp13_trace decode_end status=15 dur_us=34442
gateway_pump status=0 service_last=0 serving_last=15 live=1 queued=0 prefill=11 decode=284 events=2
gateway_pump status=0 service_last=0 serving_last=3 live=1 queued=0 prefill=11 decode=284 events=0
pp13_trace final_event request=680866350292310 sequence=680866350292310 position=7 kind=4 dispatch_flags=0x400 completion_flags=0x3 tokens=3 ids=13,576,6500 status=0
mtp_trace verify request=680866350292310 sequence=680866350292310 proposed=2 accepted=2 committed=3 fallback=6500 draft_ids=13,576 verifier_ids=13,576,6500
pp13_trace decode_begin request=680866350292310
pp13_trace decode_end status=15 dur_us=32352
gateway_pump status=0 service_last=0 serving_last=15 live=1 queued=0 prefill=11 decode=285 events=3
gateway_pump status=0 service_last=0 serving_last=3 live=1 queued=0 prefill=11 decode=285 events=0
pp13_trace final_event request=680866350292310 sequence=680866350292310 position=10 kind=4 dispatch_flags=0x400 completion_flags=0x3 tokens=3 ids=1376,374,269 status=0
mtp_trace verify request=680866350292310 sequence=680866350292310 proposed=2 accepted=1 committed=2 fallback=374 draft_ids=1376,320 verifier_ids=1376,374,269
pp13_trace decode_begin request=680866350292310
pp13_trace decode_end status=15 dur_us=32948
gateway_pump status=0 service_last=0 serving_last=15 live=1 queued=0 prefill=11 decode=286 events=2
gateway_pump status=0 service_last=0 serving_last=3 live=1 queued=0 prefill=11 decode=286 events=0
pp13_trace final_event request=680866350292310 sequence=680866350292310 position=12 kind=4 dispatch_flags=0x400 completion_flags=0x3 tokens=3 ids=279,5548,2989 status=0
mtp_trace verify request=680866350292310 sequence=680866350292310 proposed=2 accepted=1 committed=2 fallback=5548 draft_ids=279,1429 verifier_ids=279,5548,2989
pp13_trace decode_begin request=680866350292310
pp13_trace decode_end status=15 dur_us=33655
gateway_pump status=0 service_last=0 serving_last=15 live=1 queued=0 prefill=11 decode=287 events=2
gateway_pump status=0 service_last=0 serving_last=3 live=1 queued=0 prefill=11 decode=287 events=0
pp13_trace final_event request=680866350292310 sequence=680866350292310 position=14 kind=4 dispatch_flags=0x400 completion_flags=0x3 tokens=3 ids=315,279,5101 status=0
mtp_trace verify request=680866350292310 sequence=680866350292310 proposed=2 accepted=2 committed=3 fallback=5101 draft_ids=315,279 verifier_ids=315,279,5101
pp13_trace decode_begin request=680866350292310
pp13_trace decode_end status=15 dur_us=33298
gateway_pump status=0 service_last=0 serving_last=15 live=1 queued=0 prefill=11 decode=288 events=3
gateway_pump status=0 service_last=0 serving_last=3 live=1 queued=0 prefill=11 decode=288 events=0
pp13_trace final_event request=680866350292310 sequence=680866350292310 position=17 kind=4 dispatch_flags=0x400 completion_flags=0x3 tokens=3 ids=13,576,6500 status=0
mtp_trace verify request=680866350292310 sequence=680866350292310 proposed=2 accepted=2 committed=3 fallback=6500 draft_ids=13,576 verifier_ids=13,576,6500
pp13_trace decode_begin request=680866350292310
pp13_trace decode_end status=15 dur_us=32535
gateway_pump status=0 service_last=0 serving_last=15 live=1 queued=0 prefill=11 decode=289 events=3
gateway_pump status=0 service_last=0 serving_last=3 live=1 queued=0 prefill=11 decode=289 events=0
pp13_trace final_event request=680866350292310 sequence=680866350292310 position=20 kind=4 dispatch_flags=0x400 completion_flags=0x3 tokens=3 ids=1376,374,1483 status=0
mtp_trace verify request=680866350292310 sequence=680866350292310 proposed=2 accepted=2 committed=3 fallback=1483 draft_ids=1376,374 verifier_ids=1376,374,1483
pp13_trace decode_begin request=680866350292310
pp13_trace decode_end status=15 dur_us=32396
gateway_pump status=0 service_last=0 serving_last=15 live=1 queued=0 prefill=11 decode=290 events=3
gateway_pump status=0 service_last=0 serving_last=3 live=1 queued=0 prefill=11 decode=290 events=0
pp13_trace final_event request=680866350292310 sequence=680866350292310 position=23 kind=4 dispatch_flags=0x400 completion_flags=0x3 tokens=3 ids=311,10537,279 status=0
mtp_trace verify request=680866350292310 sequence=680866350292310 proposed=2 accepted=2 committed=3 fallback=279 draft_ids=311,10537 verifier_ids=311,10537,279
pp13_trace decode_begin request=680866350292310
pp13_trace decode_end status=15 dur_us=32922
gateway_pump status=0 service_last=0 serving_last=15 live=1 queued=0 prefill=11 decode=291 events=3
gateway_pump status=0 service_last=0 serving_last=3 live=1 queued=0 prefill=11 decode=291 events=0
pp13_trace final_event request=680866350292310 sequence=680866350292310 position=26 kind=4 dispatch_flags=0x400 completion_flags=0x3 tokens=3 ids=5101,304,279 status=0
mtp_trace verify request=680866350292310 sequence=680866350292310 proposed=2 accepted=2 committed=3 fallback=279 draft_ids=5101,304 verifier_ids=5101,304,279
pp13_trace decode_begin request=680866350292310
pp13_trace decode_end status=15 dur_us=31797
gateway_pump status=0 service_last=0 serving_last=15 live=1 queued=0 prefill=11 decode=292 events=3
gateway_pump status=0 service_last=0 serving_last=3 live=1 queued=0 prefill=11 decode=292 events=0
pp13_trace final_event request=680866350292310 sequence=680866350292310 position=29 kind=4 dispatch_flags=0x400 completion_flags=0x3 tokens=3 ids=6500,13,576 status=0
mtp_trace verify request=680866350292310 sequence=680866350292310 proposed=2 accepted=2 committed=3 fallback=576 draft_ids=6500,13 verifier_ids=6500,13,576
pp13_trace decode_begin request=680866350292310
pp13_trace decode_end status=15 dur_us=32277
gateway_pump status=0 service_last=0 serving_last=15 live=1 queued=0 prefill=11 decode=293 events=3
gateway_pump status=0 service_last=0 serving_last=3 live=1 queued=0 prefill=11 decode=293 events=0
pp13_trace final_event request=680866350292310 sequence=680866350292310 position=32 kind=4 dispatch_flags=0x400 completion_flags=0x3 tokens=3 ids=6500,1376,367 status=0
mtp_trace verify request=680866350292310 sequence=680866350292310 proposed=2 accepted=1 committed=2 fallback=1376 draft_ids=6500,8317 verifier_ids=6500,1376,367
pp13_trace decode_begin request=680866350292310
pp13_trace decode_end status=15 dur_us=32695
gateway_pump status=0 service_last=0 serving_last=15 live=1 queued=0 prefill=11 decode=294 events=2
gateway_pump status=0 service_last=0 serving_last=3 live=1 queued=0 prefill=11 decode=294 events=0
pp13_trace final_event request=680866350292310 sequence=680866350292310 position=34 kind=4 dispatch_flags=0x400 completion_flags=0x3 tokens=3 ids=374,1483,279 status=0
mtp_trace verify request=680866350292310 sequence=680866350292310 proposed=2 accepted=1 committed=2 fallback=1483 draft_ids=374,5990 verifier_ids=374,1483,279
pp13_trace decode_begin request=680866350292310
pp13_trace decode_end status=15 dur_us=32953
gateway_pump status=0 service_last=0 serving_last=15 live=1 queued=0 prefill=11 decode=295 events=2
gateway_pump status=0 service_last=0 serving_last=3 live=1 queued=0 prefill=11 decode=295 events=0
pp13_trace final_event request=680866350292310 sequence=680866350292310 position=36 kind=4 dispatch_flags=0x400 completion_flags=0x3 tokens=3 ids=311,39726,279 status=0
mtp_trace verify request=680866350292310 sequence=680866350292310 proposed=2 accepted=1 committed=2 fallback=39726 draft_ids=311,10537 verifier_ids=311,39726,279
pp13_trace decode_begin request=680866350292310
pp13_trace decode_end status=15 dur_us=32278
gateway_pump status=0 service_last=0 serving_last=15 live=1 queued=0 prefill=11 decode=296 events=2
gateway_pump status=0 service_last=0 serving_last=3 live=1 queued=0 prefill=11 decode=296 events=0
pp13_trace final_event request=680866350292310 sequence=680866350292310 position=38 kind=4 dispatch_flags=0x400 completion_flags=0x3 tokens=3 ids=279,5101,13 status=0
mtp_trace verify request=680866350292310 sequence=680866350292310 proposed=2 accepted=1 committed=2 fallback=5101 draft_ids=279,6500 verifier_ids=279,5101,13
pp13_trace decode_begin request=680866350292310
pp13_trace decode_end status=15 dur_us=31924
gateway_pump status=0 service_last=0 serving_last=15 live=1 queued=0 prefill=11 decode=297 events=2
gateway_pump status=0 service_last=0 serving_last=3 live=1 queued=0 prefill=11 decode=297 events=0
pp13_trace final_event request=680866350292310 sequence=680866350292310 position=40 kind=4 dispatch_flags=0x400 completion_flags=0x3 tokens=3 ids=304,576,6500 status=0
mtp_trace verify request=680866350292310 sequence=680866350292310 proposed=2 accepted=0 committed=1 fallback=304 draft_ids=13,576 verifier_ids=304,576,6500
pp13_trace decode_begin request=680866350292310
pp13_trace decode_end status=15 dur_us=16233
gateway_pump status=0 service_last=0 serving_last=15 live=1 queued=0 prefill=11 decode=298 events=1
gateway_pump status=0 service_last=0 serving_last=3 live=1 queued=0 prefill=11 decode=298 events=0
pp13_trace final_event request=680866350292310 sequence=680866350292310 position=41 kind=4 dispatch_flags=0x400 completion_flags=0x3 tokens=2 ids=279,6500 status=0
mtp_trace verify request=680866350292310 sequence=680866350292310 proposed=1 accepted=1 committed=2 fallback=6500 draft_ids=279 verifier_ids=279,6500
pp13_trace decode_begin request=680866350292310
pp13_trace decode_end status=15 dur_us=33793
gateway_pump status=0 service_last=0 serving_last=15 live=1 queued=0 prefill=11 decode=299 events=2
gateway_pump status=0 service_last=0 serving_last=3 live=1 queued=0 prefill=11 decode=299 events=0
pp13_trace final_event request=680866350292310 sequence=680866350292310 position=43 kind=4 dispatch_flags=0x400 completion_flags=0x3 tokens=3 ids=624,576,6500 status=0
mtp_trace verify request=680866350292310 sequence=680866350292310 proposed=2 accepted=0 committed=1 fallback=624 draft_ids=13,576 verifier_ids=624,576,6500
pp13_trace decode_begin request=680866350292310
pp13_trace decode_end status=15 dur_us=16978
gateway_pump status=0 service_last=0 serving_last=15 live=1 queued=0 prefill=11 decode=300 events=1
gateway_pump status=0 service_last=0 serving_last=3 live=1 queued=0 prefill=11 decode=300 events=0
pp13_trace final_event request=680866350292310 sequence=680866350292310 position=44 kind=4 dispatch_flags=0x400 completion_flags=0x3 tokens=2 ids=785,6500 status=0
mtp_trace verify request=680866350292310 sequence=680866350292310 proposed=1 accepted=1 committed=2 fallback=6500 draft_ids=785 verifier_ids=785,6500
pp13_trace decode_begin request=680866350292310
pp13_trace decode_end status=15 dur_us=34464
gateway_pump status=0 service_last=0 serving_last=15 live=1 queued=0 prefill=11 decode=301 events=2
gateway_pump status=0 service_last=0 serving_last=3 live=1 queued=0 prefill=11 decode=301 events=0
pp13_trace final_event request=680866350292310 sequence=680866350292310 position=46 kind=4 dispatch_flags=0x400 completion_flags=0x3 tokens=3 ids=1376,374,279 status=0
mtp_trace verify request=680866350292310 sequence=680866350292310 proposed=2 accepted=2 committed=3 fallback=279 draft_ids=1376,374 verifier_ids=1376,374,279
pp13_trace decode_begin request=680866350292310
pp13_trace decode_end status=15 dur_us=32592
gateway_pump status=0 service_last=0 serving_last=15 live=1 queued=0 prefill=11 decode=302 events=3
gateway_pump status=0 service_last=0 serving_last=3 live=1 queued=0 prefill=11 decode=302 events=0
pp13_trace final_event request=680866350292310 sequence=680866350292310 position=49 kind=4 dispatch_flags=0x400 completion_flags=0x3 tokens=3 ids=5548,315,279 status=0
mtp_trace verify request=680866350292310 sequence=680866350292310 proposed=2 accepted=2 committed=3 fallback=279 draft_ids=5548,315 verifier_ids=5548,315,279
pp13_trace decode_begin request=680866350292310
pp13_trace decode_end status=15 dur_us=32563
gateway_pump status=0 service_last=0 serving_last=15 live=1 queued=0 prefill=11 decode=303 events=3
gateway_pump status=0 service_last=0 serving_last=3 live=1 queued=0 prefill=11 decode=303 events=0
pp13_trace final_event request=680866350292310 sequence=680866350292310 position=52 kind=4 dispatch_flags=0x400 completion_flags=0x3 tokens=3 ids=5101,13,576 status=0
mtp_trace verify request=680866350292310 sequence=680866350292310 proposed=2 accepted=2 committed=3 fallback=576 draft_ids=5101,13 verifier_ids=5101,13,576
pp13_trace decode_begin request=680866350292310
pp13_trace decode_end status=15 dur_us=32111
gateway_pump status=0 service_last=0 serving_last=15 live=1 queued=0 prefill=11 decode=304 events=3
gateway_pump status=0 service_last=0 serving_last=3 live=1 queued=0 prefill=11 decode=304 events=0
pp13_trace final_event request=680866350292310 sequence=680866350292310 position=55 kind=4 dispatch_flags=0x400 completion_flags=0x3 tokens=3 ids=6500,1376,264 status=0
mtp_trace verify request=680866350292310 sequence=680866350292310 proposed=2 accepted=1 committed=2 fallback=1376 draft_ids=6500,374 verifier_ids=6500,1376,264
pp13_trace decode_begin request=680866350292310
pp13_trace decode_end status=15 dur_us=33592
gateway_pump status=0 service_last=0 serving_last=15 live=1 queued=0 prefill=11 decode=305 events=2
gateway_pump status=0 service_last=0 serving_last=3 live=1 queued=0 prefill=11 decode=305 events=0
pp13_trace final_event request=680866350292310 sequence=680866350292310 position=57 kind=4 dispatch_flags=0x400 completion_flags=0x3 tokens=3 ids=374,1483,5548 status=0
mtp_trace verify request=680866350292310 sequence=680866350292310 proposed=2 accepted=1 committed=2 fallback=1483 draft_ids=374,279 verifier_ids=374,1483,5548
pp13_trace decode_begin request=680866350292310
pp13_trace decode_end status=15 dur_us=31847
gateway_pump status=0 service_last=0 serving_last=15 live=1 queued=0 prefill=11 decode=306 events=2
gateway_pump status=0 service_last=0 serving_last=3 live=1 queued=0 prefill=11 decode=306 events=0
pp13_trace final_event request=680866350292310 sequence=680866350292310 position=59 kind=4 dispatch_flags=0x400 completion_flags=0x3 tokens=3 ids=311,10537,279 status=0
mtp_trace verify request=680866350292310 sequence=680866350292310 proposed=2 accepted=2 committed=3 fallback=279 draft_ids=311,10537 verifier_ids=311,10537,279
pp13_trace decode_begin request=680866350292310
pp13_trace decode_end status=15 dur_us=32831
gateway_pump status=0 service_last=0 serving_last=15 live=1 queued=0 prefill=11 decode=307 events=3
gateway_pump status=0 service_last=0 serving_last=3 live=1 queued=0 prefill=11 decode=307 events=0
pp13_trace final_event request=680866350292310 sequence=680866350292310 position=62 kind=4 dispatch_flags=0x400 completion_flags=0x3 tokens=3 ids=5101,304,279 status=0
mtp_trace verify request=680866350292310 sequence=680866350292310 proposed=2 accepted=2 committed=3 fallback=279 draft_ids=5101,304 verifier_ids=5101,304,279
pp13_trace decode_begin request=680866350292310
pp13_trace decode_end status=15 dur_us=32530
gateway_pump status=0 service_last=0 serving_last=15 live=1 queued=0 prefill=11 decode=308 events=3
gateway_pump status=0 service_last=0 serving_last=3 live=1 queued=0 prefill=11 decode=308 events=0
pp13_trace final_event request=680866350292310 sequence=680866350292310 position=65 kind=4 dispatch_flags=0x400 completion_flags=0x3 tokens=3 ids=6500,13,576 status=0
mtp_trace verify request=680866350292310 sequence=680866350292310 proposed=2 accepted=2 committed=3 fallback=576 draft_ids=6500,13 verifier_ids=6500,13,576
gateway_pump status=0 service_last=0 serving_last=3 live=0 queued=0 prefill=11 decode=309 events=4
