glm52_cuda_residentd=1
rank=10
host=10.10.100.20
socket=/home/sparka/sparkpipe_state/cuda_resident_rank10.sock
stage=60:6
fp8_pack_root=/home/sparka/models/sparkpipe/glm52_fp8_pp13_stage_payload_v1
transport_so=/home/sparka/sparkpipe_runtime/lib/libhidden_transport_tcp_cuda.so
driver_so=/home/sparka/sparkpipe_runtime/lib/model_driver.so
node_context_builder_so=/home/sparka/sparkpipe_runtime/lib/libglm52_pp13_node_context_builder.so
state=ready
tcp_send_connected fd=36 sink=10.10.100.21
tcp_recv_accept fd=35
resident_stage_execute_reject step=input_transport status=15 slot=0 flags=0x00000003
production_runner_submit_failed status=15 frame_flags=0x00000003 active=1 tokens=1 slot=0 position=0 frame_context=0xffffcf503c18
cuda_residentd_submit_result_error rank=10 submit_work_failed status=15
resident_stage_execute_reject step=input_transport status=15 slot=0 flags=0x00000003
production_runner_submit_failed status=15 frame_flags=0x00000003 active=1 tokens=1 slot=0 position=0 frame_context=0xffffcf503c18
cuda_residentd_submit_result_error rank=10 submit_work_failed status=15
resident_stage_execute_reject step=input_transport status=15 slot=0 flags=0x00000003
production_runner_submit_failed status=15 frame_flags=0x00000003 active=1 tokens=1 slot=0 position=0 frame_context=0xffffcf503c18
cuda_residentd_submit_result_error rank=10 submit_work_failed status=15
resident_stage_execute_reject step=input_transport status=15 slot=0 flags=0x00000003
production_runner_submit_failed status=15 frame_flags=0x00000003 active=1 tokens=1 slot=0 position=0 frame_context=0xffffcf503c18
cuda_residentd_submit_result_error rank=10 submit_work_failed status=15
resident_stage_execute_reject step=input_transport status=15 slot=0 flags=0x00000003
production_runner_submit_failed status=15 frame_flags=0x00000003 active=1 tokens=1 slot=0 position=0 frame_context=0xffffcf503c18
cuda_residentd_submit_result_error rank=10 submit_work_failed status=15
resident_stage_execute_reject step=input_transport status=15 slot=0 flags=0x00000003
production_runner_submit_failed status=15 frame_flags=0x00000003 active=1 tokens=1 slot=0 position=0 frame_context=0xffffcf503c18
cuda_residentd_submit_result_error rank=10 submit_work_failed status=15
resident_stage_execute_reject step=input_transport status=15 slot=0 flags=0x00000003
production_runner_submit_failed status=15 frame_flags=0x00000003 active=1 tokens=1 slot=0 position=0 frame_context=0xffffcf503c18
cuda_residentd_submit_result_error rank=10 submit_work_failed status=15
resident_stage_execute_reject step=input_transport status=15 slot=0 flags=0x00000003
production_runner_submit_failed status=15 frame_flags=0x00000003 active=1 tokens=1 slot=0 position=0 frame_context=0xffffcf503c18
cuda_residentd_submit_result_error rank=10 submit_work_failed status=15
resident_stage_execute_reject step=input_transport status=15 slot=0 flags=0x00000003
production_runner_submit_failed status=15 frame_flags=0x00000003 active=1 tokens=1 slot=0 position=0 frame_context=0xffffcf503c18
cuda_residentd_submit_result_error rank=10 submit_work_failed status=15
resident_stage_execute_reject step=input_transport status=15 slot=0 flags=0x00000003
production_runner_submit_failed status=15 frame_flags=0x00000003 active=1 tokens=1 slot=0 position=0 frame_context=0xffffcf503c18
cuda_residentd_submit_result_error rank=10 submit_work_failed status=15
resident_stage_execute_reject step=input_transport status=15 slot=0 flags=0x00000003
production_runner_submit_failed status=15 frame_flags=0x00000003 active=1 tokens=1 slot=0 position=0 frame_context=0xffffcf503c18
cuda_residentd_submit_result_error rank=10 submit_work_failed status=15
resident_stage_execute_reject step=input_transport status=15 slot=0 flags=0x00000003
production_runner_submit_failed status=15 frame_flags=0x00000003 active=1 tokens=1 slot=0 position=0 frame_context=0xffffcf503c18
cuda_residentd_submit_result_error rank=10 submit_work_failed status=15
resident_stage_execute_reject step=input_transport status=15 slot=0 flags=0x00000003
production_runner_submit_failed status=15 frame_flags=0x00000003 active=1 tokens=1 slot=0 position=0 frame_context=0xffffcf503c18
cuda_residentd_submit_result_error rank=10 submit_work_failed status=15
resident_stage_execute_reject step=input_transport status=15 slot=0 flags=0x00000003
production_runner_submit_failed status=15 frame_flags=0x00000003 active=1 tokens=1 slot=0 position=0 frame_context=0xffffcf503c18
cuda_residentd_submit_result_error rank=10 submit_work_failed status=15
resident_stage_execute_reject step=input_transport status=15 slot=0 flags=0x00000003
production_runner_submit_failed status=15 frame_flags=0x00000003 active=1 tokens=1 slot=0 position=0 frame_context=0xffffcf503c18
cuda_residentd_submit_result_error rank=10 submit_work_failed status=15
resident_stage_execute_reject step=input_transport status=15 slot=0 flags=0x00000003
production_runner_submit_failed status=15 frame_flags=0x00000003 active=1 tokens=1 slot=0 position=0 frame_context=0xffffcf503c18
cuda_residentd_submit_result_error rank=10 submit_work_failed status=15
resident_stage_execute_reject step=input_transport status=15 slot=0 flags=0x00000003
production_runner_submit_failed status=15 frame_flags=0x00000003 active=1 tokens=1 slot=0 position=0 frame_context=0xffffcf503c18
cuda_residentd_submit_result_error rank=10 submit_work_failed status=15
resident_stage_execute_reject step=input_transport status=15 slot=0 flags=0x00000003
production_runner_submit_failed status=15 frame_flags=0x00000003 active=1 tokens=1 slot=0 position=0 frame_context=0xffffcf503c18
cuda_residentd_submit_result_error rank=10 submit_work_failed status=15
resident_stage_execute_reject step=input_transport status=15 slot=0 flags=0x00000003
production_runner_submit_failed status=15 frame_flags=0x00000003 active=1 tokens=1 slot=0 position=0 frame_context=0xffffcf503c18
cuda_residentd_submit_result_error rank=10 submit_work_failed status=15
resident_stage_execute_reject step=input_transport status=15 slot=0 flags=0x00000003
production_runner_submit_failed status=15 frame_flags=0x00000003 active=1 tokens=1 slot=0 position=0 frame_context=0xffffcf503c18
cuda_residentd_submit_result_error rank=10 submit_work_failed status=15
resident_stage_execute_reject step=input_transport status=15 slot=0 flags=0x00000003
production_runner_submit_failed status=15 frame_flags=0x00000003 active=1 tokens=1 slot=0 position=0 frame_context=0xffffcf503c18
cuda_residentd_submit_result_error rank=10 submit_work_failed status=15
resident_stage_execute_reject step=input_transport status=15 slot=0 flags=0x00000003
production_runner_submit_failed status=15 frame_flags=0x00000003 active=1 tokens=1 slot=0 position=0 frame_context=0xffffcf503c18
cuda_residentd_submit_result_error rank=10 submit_work_failed status=15
resident_stage_execute_reject step=input_transport status=15 slot=0 flags=0x00000003
production_runner_submit_failed status=15 frame_flags=0x00000003 active=1 tokens=1 slot=0 position=0 frame_context=0xffffcf503c18
cuda_residentd_submit_result_error rank=10 submit_work_failed status=15
resident_stage_execute_reject step=input_transport status=15 slot=0 flags=0x00000003
production_runner_submit_failed status=15 frame_flags=0x00000003 active=1 tokens=1 slot=0 position=0 frame_context=0xffffcf503c18
cuda_residentd_submit_result_error rank=10 submit_work_failed status=15
resident_stage_execute_reject step=input_transport status=15 slot=0 flags=0x00000003
production_runner_submit_failed status=15 frame_flags=0x00000003 active=1 tokens=1 slot=0 position=0 frame_context=0xffffcf503c18
cuda_residentd_submit_result_error rank=10 submit_work_failed status=15
resident_stage_execute_reject step=input_transport status=15 slot=0 flags=0x00000003
production_runner_submit_failed status=15 frame_flags=0x00000003 active=1 tokens=1 slot=0 position=0 frame_context=0xffffcf503c18
cuda_residentd_submit_result_error rank=10 submit_work_failed status=15
resident_stage_execute_reject step=input_transport status=15 slot=0 flags=0x00000003
production_runner_submit_failed status=15 frame_flags=0x00000003 active=1 tokens=1 slot=0 position=0 frame_context=0xffffcf503c18
cuda_residentd_submit_result_error rank=10 submit_work_failed status=15
resident_stage_execute_reject step=input_transport status=15 slot=0 flags=0x00000003
production_runner_submit_failed status=15 frame_flags=0x00000003 active=1 tokens=1 slot=0 position=0 frame_context=0xffffcf503c18
cuda_residentd_submit_result_error rank=10 submit_work_failed status=15
resident_stage_execute_reject step=input_transport status=15 slot=0 flags=0x00000003
production_runner_submit_failed status=15 frame_flags=0x00000003 active=1 tokens=1 slot=0 position=0 frame_context=0xffffcf503c18
cuda_residentd_submit_result_error rank=10 submit_work_failed status=15
resident_stage_execute_reject step=input_transport status=15 slot=0 flags=0x00000003
production_runner_submit_failed status=15 frame_flags=0x00000003 active=1 tokens=1 slot=0 position=0 frame_context=0xffffcf503c18
cuda_residentd_submit_result_error rank=10 submit_work_failed status=15
resident_stage_execute_reject step=input_transport status=15 slot=0 flags=0x00000003
production_runner_submit_failed status=15 frame_flags=0x00000003 active=1 tokens=1 slot=0 position=0 frame_context=0xffffcf503c18
cuda_residentd_submit_result_error rank=10 submit_work_failed status=15
resident_stage_execute_reject step=input_transport status=15 slot=0 flags=0x00000003
production_runner_submit_failed status=15 frame_flags=0x00000003 active=1 tokens=1 slot=0 position=0 frame_context=0xffffcf503c18
cuda_residentd_submit_result_error rank=10 submit_work_failed status=15
resident_stage_execute_reject step=input_transport status=15 slot=0 flags=0x00000003
production_runner_submit_failed status=15 frame_flags=0x00000003 active=1 tokens=1 slot=0 position=0 frame_context=0xffffcf503c18
cuda_residentd_submit_result_error rank=10 submit_work_failed status=15
resident_stage_execute_reject step=input_transport status=15 slot=0 flags=0x00000003
production_runner_submit_failed status=15 frame_flags=0x00000003 active=1 tokens=1 slot=0 position=0 frame_context=0xffffcf503c18
cuda_residentd_submit_result_error rank=10 submit_work_failed status=15
resident_stage_execute_reject step=input_transport status=15 slot=0 flags=0x00000003
production_runner_submit_failed status=15 frame_flags=0x00000003 active=1 tokens=1 slot=0 position=0 frame_context=0xffffcf503c18
cuda_residentd_submit_result_error rank=10 submit_work_failed status=15
resident_stage_execute_reject step=input_transport status=15 slot=0 flags=0x00000003
production_runner_submit_failed status=15 frame_flags=0x00000003 active=1 tokens=1 slot=0 position=0 frame_context=0xffffcf503c18
cuda_residentd_submit_result_error rank=10 submit_work_failed status=15
resident_stage_execute_reject step=input_transport status=15 slot=0 flags=0x00000003
production_runner_submit_failed status=15 frame_flags=0x00000003 active=1 tokens=1 slot=0 position=1 frame_context=0xffffcf503c18
cuda_residentd_submit_result_error rank=10 submit_work_failed status=15
resident_stage_execute_reject step=input_transport status=15 slot=0 flags=0x00000003
production_runner_submit_failed status=15 frame_flags=0x00000003 active=1 tokens=1 slot=0 position=0 frame_context=0xffffcf503c18
cuda_residentd_submit_result_error rank=10 submit_work_failed status=15
resident_stage_execute_reject step=input_transport status=15 slot=0 flags=0x00000003
production_runner_submit_failed status=15 frame_flags=0x00000003 active=1 tokens=1 slot=0 position=1 frame_context=0xffffcf503c18
cuda_residentd_submit_result_error rank=10 submit_work_failed status=15
resident_stage_execute_reject step=input_transport status=15 slot=0 flags=0x00000003
production_runner_submit_failed status=15 frame_flags=0x00000003 active=1 tokens=1 slot=0 position=0 frame_context=0xffffcf503c18
cuda_residentd_submit_result_error rank=10 submit_work_failed status=15
resident_stage_execute_reject step=input_transport status=15 slot=0 flags=0x00000003
production_runner_submit_failed status=15 frame_flags=0x00000003 active=1 tokens=1 slot=0 position=1 frame_context=0xffffcf503c18
cuda_residentd_submit_result_error rank=10 submit_work_failed status=15
resident_stage_execute_reject step=input_transport status=15 slot=0 flags=0x00000003
production_runner_submit_failed status=15 frame_flags=0x00000003 active=1 tokens=1 slot=0 position=0 frame_context=0xffffcf503c18
cuda_residentd_submit_result_error rank=10 submit_work_failed status=15
resident_stage_execute_reject step=input_transport status=15 slot=0 flags=0x00000003
production_runner_submit_failed status=15 frame_flags=0x00000003 active=1 tokens=1 slot=0 position=1 frame_context=0xffffcf503c18
cuda_residentd_submit_result_error rank=10 submit_work_failed status=15
resident_stage_execute_reject step=input_transport status=15 slot=0 flags=0x00000003
production_runner_submit_failed status=15 frame_flags=0x00000003 active=1 tokens=1 slot=0 position=0 frame_context=0xffffcf503c18
cuda_residentd_submit_result_error rank=10 submit_work_failed status=15
resident_stage_execute_reject step=input_transport status=15 slot=0 flags=0x00000003
production_runner_submit_failed status=15 frame_flags=0x00000003 active=1 tokens=1 slot=0 position=1 frame_context=0xffffcf503c18
cuda_residentd_submit_result_error rank=10 submit_work_failed status=15
resident_stage_execute_reject step=input_transport status=15 slot=0 flags=0x00000003
production_runner_submit_failed status=15 frame_flags=0x00000003 active=1 tokens=1 slot=0 position=0 frame_context=0xffffcf503c18
cuda_residentd_submit_result_error rank=10 submit_work_failed status=15
resident_stage_execute_reject step=input_transport status=15 slot=0 flags=0x00000003
production_runner_submit_failed status=15 frame_flags=0x00000003 active=1 tokens=1 slot=0 position=1 frame_context=0xffffcf503c18
cuda_residentd_submit_result_error rank=10 submit_work_failed status=15
resident_stage_execute_reject step=input_transport status=15 slot=0 flags=0x00000003
production_runner_submit_failed status=15 frame_flags=0x00000003 active=1 tokens=1 slot=0 position=0 frame_context=0xffffcf503c18
cuda_residentd_submit_result_error rank=10 submit_work_failed status=15
resident_stage_execute_reject step=input_transport status=15 slot=0 flags=0x00000003
production_runner_submit_failed status=15 frame_flags=0x00000003 active=1 tokens=1 slot=0 position=1 frame_context=0xffffcf503c18
cuda_residentd_submit_result_error rank=10 submit_work_failed status=15
resident_stage_execute_reject step=input_transport status=15 slot=0 flags=0x00000003
production_runner_submit_failed status=15 frame_flags=0x00000003 active=1 tokens=1 slot=0 position=0 frame_context=0xffffcf503c18
cuda_residentd_submit_result_error rank=10 submit_work_failed status=15
resident_stage_execute_reject step=input_transport status=15 slot=0 flags=0x00000003
production_runner_submit_failed status=15 frame_flags=0x00000003 active=1 tokens=1 slot=0 position=1 frame_context=0xffffcf503c18
cuda_residentd_submit_result_error rank=10 submit_work_failed status=15
resident_stage_execute_reject step=input_transport status=15 slot=0 flags=0x00000003
production_runner_submit_failed status=15 frame_flags=0x00000003 active=1 tokens=1 slot=0 position=0 frame_context=0xffffcf503c18
cuda_residentd_submit_result_error rank=10 submit_work_failed status=15
resident_stage_execute_reject step=input_transport status=15 slot=0 flags=0x00000003
production_runner_submit_failed status=15 frame_flags=0x00000003 active=1 tokens=1 slot=0 position=1 frame_context=0xffffcf503c18
cuda_residentd_submit_result_error rank=10 submit_work_failed status=15
resident_stage_execute_reject step=input_transport status=15 slot=0 flags=0x00000003
production_runner_submit_failed status=15 frame_flags=0x00000003 active=1 tokens=1 slot=0 position=0 frame_context=0xffffcf503c18
cuda_residentd_submit_result_error rank=10 submit_work_failed status=15
resident_stage_execute_reject step=input_transport status=15 slot=0 flags=0x00000003
production_runner_submit_failed status=15 frame_flags=0x00000003 active=1 tokens=1 slot=0 position=1 frame_context=0xffffcf503c18
cuda_residentd_submit_result_error rank=10 submit_work_failed status=15
resident_stage_execute_reject step=input_transport status=15 slot=0 flags=0x00000003
production_runner_submit_failed status=15 frame_flags=0x00000003 active=1 tokens=1 slot=0 position=0 frame_context=0xffffcf503c18
cuda_residentd_submit_result_error rank=10 submit_work_failed status=15
resident_stage_execute_reject step=input_transport status=15 slot=0 flags=0x00000003
production_runner_submit_failed status=15 frame_flags=0x00000003 active=1 tokens=1 slot=0 position=1 frame_context=0xffffcf503c18
cuda_residentd_submit_result_error rank=10 submit_work_failed status=15
resident_stage_execute_reject step=input_transport status=15 slot=0 flags=0x00000003
production_runner_submit_failed status=15 frame_flags=0x00000003 active=1 tokens=1 slot=0 position=0 frame_context=0xffffcf503c18
cuda_residentd_submit_result_error rank=10 submit_work_failed status=15
resident_stage_execute_reject step=input_transport status=15 slot=0 flags=0x00000003
production_runner_submit_failed status=15 frame_flags=0x00000003 active=1 tokens=1 slot=0 position=1 frame_context=0xffffcf503c18
cuda_residentd_submit_result_error rank=10 submit_work_failed status=15
resident_stage_execute_reject step=input_transport status=15 slot=0 flags=0x00000003
production_runner_submit_failed status=15 frame_flags=0x00000003 active=1 tokens=1 slot=0 position=0 frame_context=0xffffcf503c18
cuda_residentd_submit_result_error rank=10 submit_work_failed status=15
resident_stage_execute_reject step=input_transport status=15 slot=0 flags=0x00000003
production_runner_submit_failed status=15 frame_flags=0x00000003 active=1 tokens=1 slot=0 position=1 frame_context=0xffffcf503c18
cuda_residentd_submit_result_error rank=10 submit_work_failed status=15
resident_stage_execute_reject step=input_transport status=15 slot=0 flags=0x00000003
production_runner_submit_failed status=15 frame_flags=0x00000003 active=1 tokens=1 slot=0 position=0 frame_context=0xffffcf503c18
cuda_residentd_submit_result_error rank=10 submit_work_failed status=15
resident_stage_execute_reject step=input_transport status=15 slot=0 flags=0x00000003
production_runner_submit_failed status=15 frame_flags=0x00000003 active=1 tokens=1 slot=0 position=1 frame_context=0xffffcf503c18
cuda_residentd_submit_result_error rank=10 submit_work_failed status=15
resident_stage_execute_reject step=input_transport status=15 slot=0 flags=0x00000003
production_runner_submit_failed status=15 frame_flags=0x00000003 active=1 tokens=1 slot=0 position=0 frame_context=0xffffcf503c18
cuda_residentd_submit_result_error rank=10 submit_work_failed status=15
resident_stage_execute_reject step=input_transport status=15 slot=0 flags=0x00000003
production_runner_submit_failed status=15 frame_flags=0x00000003 active=1 tokens=1 slot=0 position=1 frame_context=0xffffcf503c18
cuda_residentd_submit_result_error rank=10 submit_work_failed status=15
resident_stage_execute_reject step=input_transport status=15 slot=0 flags=0x00000003
production_runner_submit_failed status=15 frame_flags=0x00000003 active=1 tokens=1 slot=0 position=0 frame_context=0xffffcf503c18
cuda_residentd_submit_result_error rank=10 submit_work_failed status=15
resident_stage_execute_reject step=input_transport status=15 slot=0 flags=0x00000003
production_runner_submit_failed status=15 frame_flags=0x00000003 active=1 tokens=1 slot=0 position=1 frame_context=0xffffcf503c18
cuda_residentd_submit_result_error rank=10 submit_work_failed status=15
resident_stage_execute_reject step=input_transport status=15 slot=0 flags=0x00000003
production_runner_submit_failed status=15 frame_flags=0x00000003 active=1 tokens=1 slot=0 position=0 frame_context=0xffffcf503c18
cuda_residentd_submit_result_error rank=10 submit_work_failed status=15
resident_stage_execute_reject step=input_transport status=15 slot=0 flags=0x00000003
production_runner_submit_failed status=15 frame_flags=0x00000003 active=1 tokens=1 slot=0 position=1 frame_context=0xffffcf503c18
cuda_residentd_submit_result_error rank=10 submit_work_failed status=15
resident_stage_execute_reject step=input_transport status=15 slot=0 flags=0x00000003
production_runner_submit_failed status=15 frame_flags=0x00000003 active=1 tokens=1 slot=0 position=0 frame_context=0xffffcf503c18
cuda_residentd_submit_result_error rank=10 submit_work_failed status=15
resident_stage_execute_reject step=input_transport status=15 slot=0 flags=0x00000003
production_runner_submit_failed status=15 frame_flags=0x00000003 active=1 tokens=1 slot=0 position=1 frame_context=0xffffcf503c18
cuda_residentd_submit_result_error rank=10 submit_work_failed status=15
resident_stage_execute_reject step=input_transport status=15 slot=0 flags=0x00000003
production_runner_submit_failed status=15 frame_flags=0x00000003 active=1 tokens=1 slot=0 position=0 frame_context=0xffffcf503c18
cuda_residentd_submit_result_error rank=10 submit_work_failed status=15
resident_stage_execute_reject step=input_transport status=15 slot=0 flags=0x00000003
production_runner_submit_failed status=15 frame_flags=0x00000003 active=1 tokens=1 slot=0 position=1 frame_context=0xffffcf503c18
cuda_residentd_submit_result_error rank=10 submit_work_failed status=15
resident_stage_execute_reject step=input_transport status=15 slot=0 flags=0x00000003
production_runner_submit_failed status=15 frame_flags=0x00000003 active=1 tokens=1 slot=0 position=0 frame_context=0xffffcf503c18
cuda_residentd_submit_result_error rank=10 submit_work_failed status=15
resident_stage_execute_reject step=input_transport status=15 slot=0 flags=0x00000003
production_runner_submit_failed status=15 frame_flags=0x00000003 active=1 tokens=1 slot=0 position=1 frame_context=0xffffcf503c18
cuda_residentd_submit_result_error rank=10 submit_work_failed status=15
resident_stage_execute_reject step=input_transport status=15 slot=0 flags=0x00000003
production_runner_submit_failed status=15 frame_flags=0x00000003 active=1 tokens=1 slot=0 position=0 frame_context=0xffffcf503c18
cuda_residentd_submit_result_error rank=10 submit_work_failed status=15
resident_stage_execute_reject step=input_transport status=15 slot=0 flags=0x00000003
production_runner_submit_failed status=15 frame_flags=0x00000003 active=1 tokens=1 slot=0 position=1 frame_context=0xffffcf503c18
cuda_residentd_submit_result_error rank=10 submit_work_failed status=15
resident_stage_execute_reject step=input_transport status=15 slot=0 flags=0x00000003
production_runner_submit_failed status=15 frame_flags=0x00000003 active=1 tokens=1 slot=0 position=0 frame_context=0xffffcf503c18
cuda_residentd_submit_result_error rank=10 submit_work_failed status=15
resident_stage_execute_reject step=input_transport status=15 slot=0 flags=0x00000003
production_runner_submit_failed status=15 frame_flags=0x00000003 active=1 tokens=1 slot=0 position=1 frame_context=0xffffcf503c18
cuda_residentd_submit_result_error rank=10 submit_work_failed status=15
resident_stage_execute_reject step=input_transport status=15 slot=0 flags=0x00000003
production_runner_submit_failed status=15 frame_flags=0x00000003 active=1 tokens=1 slot=0 position=0 frame_context=0xffffcf503c18
cuda_residentd_submit_result_error rank=10 submit_work_failed status=15
resident_stage_execute_reject step=input_transport status=15 slot=0 flags=0x00000003
production_runner_submit_failed status=15 frame_flags=0x00000003 active=1 tokens=1 slot=0 position=1 frame_context=0xffffcf503c18
cuda_residentd_submit_result_error rank=10 submit_work_failed status=15
resident_stage_execute_reject step=input_transport status=15 slot=0 flags=0x00000003
production_runner_submit_failed status=15 frame_flags=0x00000003 active=1 tokens=1 slot=0 position=0 frame_context=0xffffcf503c18
cuda_residentd_submit_result_error rank=10 submit_work_failed status=15
resident_stage_execute_reject step=input_transport status=15 slot=0 flags=0x00000003
production_runner_submit_failed status=15 frame_flags=0x00000003 active=1 tokens=1 slot=0 position=1 frame_context=0xffffcf503c18
cuda_residentd_submit_result_error rank=10 submit_work_failed status=15
resident_stage_execute_reject step=input_transport status=15 slot=0 flags=0x00000003
production_runner_submit_failed status=15 frame_flags=0x00000003 active=1 tokens=1 slot=0 position=0 frame_context=0xffffcf503c18
cuda_residentd_submit_result_error rank=10 submit_work_failed status=15
resident_stage_execute_reject step=input_transport status=15 slot=0 flags=0x00000003
production_runner_submit_failed status=15 frame_flags=0x00000003 active=1 tokens=1 slot=0 position=1 frame_context=0xffffcf503c18
cuda_residentd_submit_result_error rank=10 submit_work_failed status=15
resident_stage_execute_reject step=input_transport status=15 slot=0 flags=0x00000003
production_runner_submit_failed status=15 frame_flags=0x00000003 active=1 tokens=1 slot=0 position=0 frame_context=0xffffcf503c18
cuda_residentd_submit_result_error rank=10 submit_work_failed status=15
resident_stage_execute_reject step=input_transport status=15 slot=0 flags=0x00000003
production_runner_submit_failed status=15 frame_flags=0x00000003 active=1 tokens=1 slot=0 position=1 frame_context=0xffffcf503c18
cuda_residentd_submit_result_error rank=10 submit_work_failed status=15
resident_stage_execute_reject step=input_transport status=15 slot=0 flags=0x00000003
production_runner_submit_failed status=15 frame_flags=0x00000003 active=1 tokens=1 slot=0 position=0 frame_context=0xffffcf503c18
cuda_residentd_submit_result_error rank=10 submit_work_failed status=15
resident_stage_execute_reject step=input_transport status=15 slot=0 flags=0x00000003
production_runner_submit_failed status=15 frame_flags=0x00000003 active=1 tokens=1 slot=0 position=1 frame_context=0xffffcf503c18
cuda_residentd_submit_result_error rank=10 submit_work_failed status=15
resident_stage_execute_reject step=input_transport status=15 slot=0 flags=0x00000003
production_runner_submit_failed status=15 frame_flags=0x00000003 active=1 tokens=1 slot=0 position=0 frame_context=0xffffcf503c18
cuda_residentd_submit_result_error rank=10 submit_work_failed status=15
resident_stage_execute_reject step=input_transport status=15 slot=0 flags=0x00000003
production_runner_submit_failed status=15 frame_flags=0x00000003 active=1 tokens=1 slot=0 position=1 frame_context=0xffffcf503c18
cuda_residentd_submit_result_error rank=10 submit_work_failed status=15
resident_stage_execute_reject step=input_transport status=15 slot=0 flags=0x00000003
production_runner_submit_failed status=15 frame_flags=0x00000003 active=1 tokens=1 slot=0 position=0 frame_context=0xffffcf503c18
cuda_residentd_submit_result_error rank=10 submit_work_failed status=15
resident_stage_execute_reject step=input_transport status=15 slot=0 flags=0x00000003
production_runner_submit_failed status=15 frame_flags=0x00000003 active=1 tokens=1 slot=0 position=1 frame_context=0xffffcf503c18
cuda_residentd_submit_result_error rank=10 submit_work_failed status=15
resident_stage_execute_reject step=input_transport status=15 slot=0 flags=0x00000003
production_runner_submit_failed status=15 frame_flags=0x00000003 active=1 tokens=1 slot=0 position=0 frame_context=0xffffcf503c18
cuda_residentd_submit_result_error rank=10 submit_work_failed status=15
resident_stage_execute_reject step=input_transport status=15 slot=0 flags=0x00000003
production_runner_submit_failed status=15 frame_flags=0x00000003 active=1 tokens=1 slot=0 position=1 frame_context=0xffffcf503c18
cuda_residentd_submit_result_error rank=10 submit_work_failed status=15
resident_stage_execute_reject step=input_transport status=15 slot=0 flags=0x00000003
production_runner_submit_failed status=15 frame_flags=0x00000003 active=1 tokens=1 slot=0 position=0 frame_context=0xffffcf503c18
cuda_residentd_submit_result_error rank=10 submit_work_failed status=15
resident_stage_execute_reject step=input_transport status=15 slot=0 flags=0x00000003
production_runner_submit_failed status=15 frame_flags=0x00000003 active=1 tokens=1 slot=0 position=1 frame_context=0xffffcf503c18
cuda_residentd_submit_result_error rank=10 submit_work_failed status=15
resident_stage_execute_reject step=input_transport status=15 slot=0 flags=0x00000003
production_runner_submit_failed status=15 frame_flags=0x00000003 active=1 tokens=1 slot=0 position=0 frame_context=0xffffcf503c18
cuda_residentd_submit_result_error rank=10 submit_work_failed status=15
resident_stage_execute_reject step=input_transport status=15 slot=0 flags=0x00000003
production_runner_submit_failed status=15 frame_flags=0x00000003 active=1 tokens=1 slot=0 position=1 frame_context=0xffffcf503c18
cuda_residentd_submit_result_error rank=10 submit_work_failed status=15
resident_stage_execute_reject step=input_transport status=15 slot=0 flags=0x00000003
production_runner_submit_failed status=15 frame_flags=0x00000003 active=1 tokens=1 slot=0 position=0 frame_context=0xffffcf503c18
cuda_residentd_submit_result_error rank=10 submit_work_failed status=15
resident_stage_execute_reject step=input_transport status=15 slot=0 flags=0x00000003
production_runner_submit_failed status=15 frame_flags=0x00000003 active=1 tokens=1 slot=0 position=1 frame_context=0xffffcf503c18
cuda_residentd_submit_result_error rank=10 submit_work_failed status=15
resident_stage_execute_reject step=input_transport status=15 slot=0 flags=0x00000003
production_runner_submit_failed status=15 frame_flags=0x00000003 active=1 tokens=1 slot=0 position=0 frame_context=0xffffcf503c18
cuda_residentd_submit_result_error rank=10 submit_work_failed status=15
resident_stage_execute_reject step=input_transport status=15 slot=0 flags=0x00000003
production_runner_submit_failed status=15 frame_flags=0x00000003 active=1 tokens=1 slot=0 position=1 frame_context=0xffffcf503c18
cuda_residentd_submit_result_error rank=10 submit_work_failed status=15
resident_stage_execute_reject step=input_transport status=15 slot=0 flags=0x00000003
production_runner_submit_failed status=15 frame_flags=0x00000003 active=1 tokens=1 slot=0 position=0 frame_context=0xffffcf503c18
cuda_residentd_submit_result_error rank=10 submit_work_failed status=15
resident_stage_execute_reject step=input_transport status=15 slot=0 flags=0x00000003
production_runner_submit_failed status=15 frame_flags=0x00000003 active=1 tokens=1 slot=0 position=1 frame_context=0xffffcf503c18
cuda_residentd_submit_result_error rank=10 submit_work_failed status=15
resident_stage_execute_reject step=input_transport status=15 slot=0 flags=0x00000003
production_runner_submit_failed status=15 frame_flags=0x00000003 active=1 tokens=1 slot=0 position=0 frame_context=0xffffcf503c18
cuda_residentd_submit_result_error rank=10 submit_work_failed status=15
resident_stage_execute_reject step=input_transport status=15 slot=0 flags=0x00000003
production_runner_submit_failed status=15 frame_flags=0x00000003 active=1 tokens=1 slot=0 position=1 frame_context=0xffffcf503c18
cuda_residentd_submit_result_error rank=10 submit_work_failed status=15
resident_stage_execute_reject step=input_transport status=15 slot=0 flags=0x00000003
production_runner_submit_failed status=15 frame_flags=0x00000003 active=1 tokens=1 slot=0 position=0 frame_context=0xffffcf503c18
cuda_residentd_submit_result_error rank=10 submit_work_failed status=15
resident_stage_execute_reject step=input_transport status=15 slot=0 flags=0x00000003
production_runner_submit_failed status=15 frame_flags=0x00000003 active=1 tokens=1 slot=0 position=1 frame_context=0xffffcf503c18
cuda_residentd_submit_result_error rank=10 submit_work_failed status=15
resident_stage_execute_reject step=input_transport status=15 slot=0 flags=0x00000003
production_runner_submit_failed status=15 frame_flags=0x00000003 active=1 tokens=1 slot=0 position=0 frame_context=0xffffcf503c18
cuda_residentd_submit_result_error rank=10 submit_work_failed status=15
resident_stage_execute_reject step=input_transport status=15 slot=0 flags=0x00000003
production_runner_submit_failed status=15 frame_flags=0x00000003 active=1 tokens=1 slot=0 position=1 frame_context=0xffffcf503c18
cuda_residentd_submit_result_error rank=10 submit_work_failed status=15
resident_stage_execute_reject step=input_transport status=15 slot=0 flags=0x00000003
production_runner_submit_failed status=15 frame_flags=0x00000003 active=1 tokens=1 slot=0 position=0 frame_context=0xffffcf503c18
cuda_residentd_submit_result_error rank=10 submit_work_failed status=15
resident_stage_execute_reject step=input_transport status=15 slot=0 flags=0x00000003
production_runner_submit_failed status=15 frame_flags=0x00000003 active=1 tokens=1 slot=0 position=1 frame_context=0xffffcf503c18
cuda_residentd_submit_result_error rank=10 submit_work_failed status=15
resident_stage_execute_reject step=input_transport status=15 slot=0 flags=0x00000003
production_runner_submit_failed status=15 frame_flags=0x00000003 active=1 tokens=1 slot=0 position=0 frame_context=0xffffcf503c18
cuda_residentd_submit_result_error rank=10 submit_work_failed status=15
resident_stage_execute_reject step=input_transport status=15 slot=0 flags=0x00000003
production_runner_submit_failed status=15 frame_flags=0x00000003 active=1 tokens=1 slot=0 position=1 frame_context=0xffffcf503c18
cuda_residentd_submit_result_error rank=10 submit_work_failed status=15
resident_stage_execute_reject step=input_transport status=15 slot=0 flags=0x00000003
production_runner_submit_failed status=15 frame_flags=0x00000003 active=1 tokens=1 slot=0 position=0 frame_context=0xffffcf503c18
cuda_residentd_submit_result_error rank=10 submit_work_failed status=15
resident_stage_execute_reject step=input_transport status=15 slot=0 flags=0x00000003
production_runner_submit_failed status=15 frame_flags=0x00000003 active=1 tokens=1 slot=0 position=1 frame_context=0xffffcf503c18
cuda_residentd_submit_result_error rank=10 submit_work_failed status=15
resident_stage_execute_reject step=input_transport status=15 slot=0 flags=0x00000003
production_runner_submit_failed status=15 frame_flags=0x00000003 active=1 tokens=1 slot=0 position=0 frame_context=0xffffcf503c18
cuda_residentd_submit_result_error rank=10 submit_work_failed status=15
resident_stage_execute_reject step=input_transport status=15 slot=0 flags=0x00000003
production_runner_submit_failed status=15 frame_flags=0x00000003 active=1 tokens=1 slot=0 position=1 frame_context=0xffffcf503c18
cuda_residentd_submit_result_error rank=10 submit_work_failed status=15
resident_stage_execute_reject step=input_transport status=15 slot=0 flags=0x00000003
production_runner_submit_failed status=15 frame_flags=0x00000003 active=1 tokens=1 slot=0 position=0 frame_context=0xffffcf503c18
cuda_residentd_submit_result_error rank=10 submit_work_failed status=15
resident_stage_execute_reject step=input_transport status=15 slot=0 flags=0x00000003
production_runner_submit_failed status=15 frame_flags=0x00000003 active=1 tokens=1 slot=0 position=1 frame_context=0xffffcf503c18
cuda_residentd_submit_result_error rank=10 submit_work_failed status=15
resident_stage_execute_reject step=input_transport status=15 slot=0 flags=0x00000003
production_runner_submit_failed status=15 frame_flags=0x00000003 active=1 tokens=1 slot=0 position=0 frame_context=0xffffcf503c18
cuda_residentd_submit_result_error rank=10 submit_work_failed status=15
resident_stage_execute_reject step=input_transport status=15 slot=0 flags=0x00000003
production_runner_submit_failed status=15 frame_flags=0x00000003 active=1 tokens=1 slot=0 position=1 frame_context=0xffffcf503c18
cuda_residentd_submit_result_error rank=10 submit_work_failed status=15
resident_stage_execute_reject step=input_transport status=15 slot=0 flags=0x00000003
production_runner_submit_failed status=15 frame_flags=0x00000003 active=1 tokens=1 slot=0 position=0 frame_context=0xffffcf503c18
cuda_residentd_submit_result_error rank=10 submit_work_failed status=15
resident_stage_execute_reject step=input_transport status=15 slot=0 flags=0x00000003
production_runner_submit_failed status=15 frame_flags=0x00000003 active=1 tokens=1 slot=0 position=1 frame_context=0xffffcf503c18
cuda_residentd_submit_result_error rank=10 submit_work_failed status=15
resident_stage_execute_reject step=input_transport status=15 slot=0 flags=0x00000003
production_runner_submit_failed status=15 frame_flags=0x00000003 active=1 tokens=1 slot=0 position=0 frame_context=0xffffcf503c18
cuda_residentd_submit_result_error rank=10 submit_work_failed status=15
resident_stage_execute_reject step=input_transport status=15 slot=0 flags=0x00000003
production_runner_submit_failed status=15 frame_flags=0x00000003 active=1 tokens=1 slot=0 position=1 frame_context=0xffffcf503c18
cuda_residentd_submit_result_error rank=10 submit_work_failed status=15
resident_stage_execute_reject step=input_transport status=15 slot=0 flags=0x00000003
production_runner_submit_failed status=15 frame_flags=0x00000003 active=1 tokens=1 slot=0 position=0 frame_context=0xffffcf503c18
cuda_residentd_submit_result_error rank=10 submit_work_failed status=15
resident_stage_execute_reject step=input_transport status=15 slot=0 flags=0x00000003
production_runner_submit_failed status=15 frame_flags=0x00000003 active=1 tokens=1 slot=0 position=1 frame_context=0xffffcf503c18
cuda_residentd_submit_result_error rank=10 submit_work_failed status=15
resident_stage_execute_reject step=input_transport status=15 slot=0 flags=0x00000003
production_runner_submit_failed status=15 frame_flags=0x00000003 active=1 tokens=1 slot=0 position=0 frame_context=0xffffcf503c18
cuda_residentd_submit_result_error rank=10 submit_work_failed status=15
resident_stage_execute_reject step=input_transport status=15 slot=0 flags=0x00000003
production_runner_submit_failed status=15 frame_flags=0x00000003 active=1 tokens=1 slot=0 position=1 frame_context=0xffffcf503c18
cuda_residentd_submit_result_error rank=10 submit_work_failed status=15
resident_stage_execute_reject step=input_transport status=15 slot=0 flags=0x00000003
production_runner_submit_failed status=15 frame_flags=0x00000003 active=1 tokens=1 slot=0 position=0 frame_context=0xffffcf503c18
cuda_residentd_submit_result_error rank=10 submit_work_failed status=15
resident_stage_execute_reject step=input_transport status=15 slot=0 flags=0x00000003
production_runner_submit_failed status=15 frame_flags=0x00000003 active=1 tokens=1 slot=0 position=1 frame_context=0xffffcf503c18
cuda_residentd_submit_result_error rank=10 submit_work_failed status=15
resident_stage_execute_reject step=input_transport status=15 slot=0 flags=0x00000003
production_runner_submit_failed status=15 frame_flags=0x00000003 active=1 tokens=1 slot=0 position=0 frame_context=0xffffcf503c18
cuda_residentd_submit_result_error rank=10 submit_work_failed status=15
resident_stage_execute_reject step=input_transport status=15 slot=0 flags=0x00000003
production_runner_submit_failed status=15 frame_flags=0x00000003 active=1 tokens=1 slot=0 position=1 frame_context=0xffffcf503c18
cuda_residentd_submit_result_error rank=10 submit_work_failed status=15
resident_stage_execute_reject step=input_transport status=15 slot=0 flags=0x00000003
production_runner_submit_failed status=15 frame_flags=0x00000003 active=1 tokens=1 slot=0 position=0 frame_context=0xffffcf503c18
cuda_residentd_submit_result_error rank=10 submit_work_failed status=15
resident_stage_execute_reject step=input_transport status=15 slot=0 flags=0x00000003
production_runner_submit_failed status=15 frame_flags=0x00000003 active=1 tokens=1 slot=0 position=1 frame_context=0xffffcf503c18
cuda_residentd_submit_result_error rank=10 submit_work_failed status=15
resident_stage_execute_reject step=input_transport status=15 slot=0 flags=0x00000003
production_runner_submit_failed status=15 frame_flags=0x00000003 active=1 tokens=1 slot=0 position=0 frame_context=0xffffcf503c18
cuda_residentd_submit_result_error rank=10 submit_work_failed status=15
resident_stage_execute_reject step=input_transport status=15 slot=0 flags=0x00000003
production_runner_submit_failed status=15 frame_flags=0x00000003 active=1 tokens=1 slot=0 position=1 frame_context=0xffffcf503c18
cuda_residentd_submit_result_error rank=10 submit_work_failed status=15
resident_stage_execute_reject step=input_transport status=15 slot=0 flags=0x00000003
production_runner_submit_failed status=15 frame_flags=0x00000003 active=1 tokens=1 slot=0 position=0 frame_context=0xffffcf503c18
cuda_residentd_submit_result_error rank=10 submit_work_failed status=15
resident_stage_execute_reject step=input_transport status=15 slot=0 flags=0x00000003
production_runner_submit_failed status=15 frame_flags=0x00000003 active=1 tokens=1 slot=0 position=1 frame_context=0xffffcf503c18
cuda_residentd_submit_result_error rank=10 submit_work_failed status=15
resident_stage_execute_reject step=input_transport status=15 slot=0 flags=0x00000003
production_runner_submit_failed status=15 frame_flags=0x00000003 active=1 tokens=1 slot=0 position=0 frame_context=0xffffcf503c18
cuda_residentd_submit_result_error rank=10 submit_work_failed status=15
resident_stage_execute_reject step=input_transport status=15 slot=0 flags=0x00000003
production_runner_submit_failed status=15 frame_flags=0x00000003 active=1 tokens=1 slot=0 position=1 frame_context=0xffffcf503c18
cuda_residentd_submit_result_error rank=10 submit_work_failed status=15
resident_stage_execute_reject step=input_transport status=15 slot=0 flags=0x00000003
production_runner_submit_failed status=15 frame_flags=0x00000003 active=1 tokens=1 slot=0 position=0 frame_context=0xffffcf503c18
cuda_residentd_submit_result_error rank=10 submit_work_failed status=15
resident_stage_execute_reject step=input_transport status=15 slot=0 flags=0x00000003
production_runner_submit_failed status=15 frame_flags=0x00000003 active=1 tokens=1 slot=0 position=1 frame_context=0xffffcf503c18
cuda_residentd_submit_result_error rank=10 submit_work_failed status=15
resident_stage_execute_reject step=input_transport status=15 slot=0 flags=0x00000003
production_runner_submit_failed status=15 frame_flags=0x00000003 active=1 tokens=1 slot=0 position=0 frame_context=0xffffcf503c18
cuda_residentd_submit_result_error rank=10 submit_work_failed status=15
resident_stage_execute_reject step=input_transport status=15 slot=0 flags=0x00000003
production_runner_submit_failed status=15 frame_flags=0x00000003 active=1 tokens=1 slot=0 position=1 frame_context=0xffffcf503c18
cuda_residentd_submit_result_error rank=10 submit_work_failed status=15
resident_stage_execute_reject step=input_transport status=15 slot=0 flags=0x00000003
production_runner_submit_failed status=15 frame_flags=0x00000003 active=1 tokens=1 slot=0 position=0 frame_context=0xffffcf503c18
cuda_residentd_submit_result_error rank=10 submit_work_failed status=15
resident_stage_execute_reject step=input_transport status=15 slot=0 flags=0x00000003
production_runner_submit_failed status=15 frame_flags=0x00000003 active=1 tokens=1 slot=0 position=1 frame_context=0xffffcf503c18
cuda_residentd_submit_result_error rank=10 submit_work_failed status=15
resident_stage_execute_reject step=input_transport status=15 slot=0 flags=0x00000003
production_runner_submit_failed status=15 frame_flags=0x00000003 active=1 tokens=1 slot=0 position=0 frame_context=0xffffcf503c18
cuda_residentd_submit_result_error rank=10 submit_work_failed status=15
resident_stage_execute_reject step=input_transport status=15 slot=0 flags=0x00000003
production_runner_submit_failed status=15 frame_flags=0x00000003 active=1 tokens=1 slot=0 position=1 frame_context=0xffffcf503c18
cuda_residentd_submit_result_error rank=10 submit_work_failed status=15
resident_stage_execute_reject step=input_transport status=15 slot=0 flags=0x00000003
production_runner_submit_failed status=15 frame_flags=0x00000003 active=1 tokens=1 slot=0 position=0 frame_context=0xffffcf503c18
cuda_residentd_submit_result_error rank=10 submit_work_failed status=15
resident_stage_execute_reject step=input_transport status=15 slot=0 flags=0x00000003
production_runner_submit_failed status=15 frame_flags=0x00000003 active=1 tokens=1 slot=0 position=1 frame_context=0xffffcf503c18
cuda_residentd_submit_result_error rank=10 submit_work_failed status=15
resident_stage_execute_reject step=input_transport status=15 slot=0 flags=0x00000003
production_runner_submit_failed status=15 frame_flags=0x00000003 active=1 tokens=1 slot=0 position=0 frame_context=0xffffcf503c18
cuda_residentd_submit_result_error rank=10 submit_work_failed status=15
resident_stage_execute_reject step=input_transport status=15 slot=0 flags=0x00000003
production_runner_submit_failed status=15 frame_flags=0x00000003 active=1 tokens=1 slot=0 position=1 frame_context=0xffffcf503c18
cuda_residentd_submit_result_error rank=10 submit_work_failed status=15
resident_stage_execute_reject step=input_transport status=15 slot=0 flags=0x00000003
production_runner_submit_failed status=15 frame_flags=0x00000003 active=1 tokens=1 slot=0 position=0 frame_context=0xffffcf503c18
cuda_residentd_submit_result_error rank=10 submit_work_failed status=15
resident_stage_execute_reject step=input_transport status=15 slot=0 flags=0x00000003
production_runner_submit_failed status=15 frame_flags=0x00000003 active=1 tokens=1 slot=0 position=1 frame_context=0xffffcf503c18
cuda_residentd_submit_result_error rank=10 submit_work_failed status=15
resident_stage_execute_reject step=input_transport status=15 slot=0 flags=0x00000003
production_runner_submit_failed status=15 frame_flags=0x00000003 active=1 tokens=1 slot=0 position=0 frame_context=0xffffcf503c18
cuda_residentd_submit_result_error rank=10 submit_work_failed status=15
resident_stage_execute_reject step=input_transport status=15 slot=0 flags=0x00000003
production_runner_submit_failed status=15 frame_flags=0x00000003 active=1 tokens=1 slot=0 position=1 frame_context=0xffffcf503c18
cuda_residentd_submit_result_error rank=10 submit_work_failed status=15
resident_stage_execute_reject step=input_transport status=15 slot=0 flags=0x00000003
production_runner_submit_failed status=15 frame_flags=0x00000003 active=1 tokens=1 slot=0 position=0 frame_context=0xffffcf503c18
cuda_residentd_submit_result_error rank=10 submit_work_failed status=15
resident_stage_execute_reject step=input_transport status=15 slot=0 flags=0x00000003
production_runner_submit_failed status=15 frame_flags=0x00000003 active=1 tokens=1 slot=0 position=1 frame_context=0xffffcf503c18
cuda_residentd_submit_result_error rank=10 submit_work_failed status=15
resident_stage_execute_reject step=input_transport status=15 slot=0 flags=0x00000003
production_runner_submit_failed status=15 frame_flags=0x00000003 active=1 tokens=1 slot=0 position=0 frame_context=0xffffcf503c18
cuda_residentd_submit_result_error rank=10 submit_work_failed status=15
resident_stage_execute_reject step=input_transport status=15 slot=0 flags=0x00000003
production_runner_submit_failed status=15 frame_flags=0x00000003 active=1 tokens=1 slot=0 position=1 frame_context=0xffffcf503c18
cuda_residentd_submit_result_error rank=10 submit_work_failed status=15
resident_stage_execute_reject step=input_transport status=15 slot=0 flags=0x00000003
production_runner_submit_failed status=15 frame_flags=0x00000003 active=1 tokens=1 slot=0 position=0 frame_context=0xffffcf503c18
cuda_residentd_submit_result_error rank=10 submit_work_failed status=15
resident_stage_execute_reject step=input_transport status=15 slot=0 flags=0x00000003
production_runner_submit_failed status=15 frame_flags=0x00000003 active=1 tokens=1 slot=0 position=1 frame_context=0xffffcf503c18
cuda_residentd_submit_result_error rank=10 submit_work_failed status=15
resident_stage_execute_reject step=input_transport status=15 slot=0 flags=0x00000003
production_runner_submit_failed status=15 frame_flags=0x00000003 active=1 tokens=1 slot=0 position=0 frame_context=0xffffcf503c18
cuda_residentd_submit_result_error rank=10 submit_work_failed status=15
resident_stage_execute_reject step=input_transport status=15 slot=0 flags=0x00000003
production_runner_submit_failed status=15 frame_flags=0x00000003 active=1 tokens=1 slot=0 position=1 frame_context=0xffffcf503c18
cuda_residentd_submit_result_error rank=10 submit_work_failed status=15
resident_stage_execute_reject step=input_transport status=15 slot=0 flags=0x00000003
production_runner_submit_failed status=15 frame_flags=0x00000003 active=1 tokens=1 slot=0 position=0 frame_context=0xffffcf503c18
cuda_residentd_submit_result_error rank=10 submit_work_failed status=15
resident_stage_execute_reject step=input_transport status=15 slot=0 flags=0x00000003
production_runner_submit_failed status=15 frame_flags=0x00000003 active=1 tokens=1 slot=0 position=1 frame_context=0xffffcf503c18
cuda_residentd_submit_result_error rank=10 submit_work_failed status=15
resident_stage_execute_reject step=input_transport status=15 slot=0 flags=0x00000003
production_runner_submit_failed status=15 frame_flags=0x00000003 active=1 tokens=1 slot=0 position=0 frame_context=0xffffcf503c18
cuda_residentd_submit_result_error rank=10 submit_work_failed status=15
resident_stage_execute_reject step=input_transport status=15 slot=0 flags=0x00000003
production_runner_submit_failed status=15 frame_flags=0x00000003 active=1 tokens=1 slot=0 position=1 frame_context=0xffffcf503c18
cuda_residentd_submit_result_error rank=10 submit_work_failed status=15
resident_stage_execute_reject step=input_transport status=15 slot=0 flags=0x00000003
production_runner_submit_failed status=15 frame_flags=0x00000003 active=1 tokens=1 slot=0 position=0 frame_context=0xffffcf503c18
cuda_residentd_submit_result_error rank=10 submit_work_failed status=15
resident_stage_execute_reject step=input_transport status=15 slot=0 flags=0x00000003
production_runner_submit_failed status=15 frame_flags=0x00000003 active=1 tokens=1 slot=0 position=1 frame_context=0xffffcf503c18
cuda_residentd_submit_result_error rank=10 submit_work_failed status=15
resident_stage_execute_reject step=input_transport status=15 slot=0 flags=0x00000003
production_runner_submit_failed status=15 frame_flags=0x00000003 active=1 tokens=1 slot=0 position=0 frame_context=0xffffcf503c18
cuda_residentd_submit_result_error rank=10 submit_work_failed status=15
resident_stage_execute_reject step=input_transport status=15 slot=0 flags=0x00000003
production_runner_submit_failed status=15 frame_flags=0x00000003 active=1 tokens=1 slot=0 position=1 frame_context=0xffffcf503c18
cuda_residentd_submit_result_error rank=10 submit_work_failed status=15
resident_stage_execute_reject step=input_transport status=15 slot=0 flags=0x00000003
production_runner_submit_failed status=15 frame_flags=0x00000003 active=1 tokens=1 slot=0 position=0 frame_context=0xffffcf503c18
cuda_residentd_submit_result_error rank=10 submit_work_failed status=15
resident_stage_execute_reject step=input_transport status=15 slot=0 flags=0x00000003
production_runner_submit_failed status=15 frame_flags=0x00000003 active=1 tokens=1 slot=0 position=1 frame_context=0xffffcf503c18
cuda_residentd_submit_result_error rank=10 submit_work_failed status=15
resident_stage_execute_reject step=input_transport status=15 slot=0 flags=0x00000003
production_runner_submit_failed status=15 frame_flags=0x00000003 active=1 tokens=1 slot=0 position=0 frame_context=0xffffcf503c18
cuda_residentd_submit_result_error rank=10 submit_work_failed status=15
resident_stage_execute_reject step=input_transport status=15 slot=0 flags=0x00000003
production_runner_submit_failed status=15 frame_flags=0x00000003 active=1 tokens=1 slot=0 position=1 frame_context=0xffffcf503c18
cuda_residentd_submit_result_error rank=10 submit_work_failed status=15
resident_stage_execute_reject step=input_transport status=15 slot=0 flags=0x00000003
production_runner_submit_failed status=15 frame_flags=0x00000003 active=1 tokens=1 slot=0 position=0 frame_context=0xffffcf503c18
cuda_residentd_submit_result_error rank=10 submit_work_failed status=15
resident_stage_execute_reject step=input_transport status=15 slot=0 flags=0x00000003
production_runner_submit_failed status=15 frame_flags=0x00000003 active=1 tokens=1 slot=0 position=1 frame_context=0xffffcf503c18
cuda_residentd_submit_result_error rank=10 submit_work_failed status=15
resident_stage_execute_reject step=input_transport status=15 slot=0 flags=0x00000003
production_runner_submit_failed status=15 frame_flags=0x00000003 active=1 tokens=1 slot=0 position=0 frame_context=0xffffcf503c18
cuda_residentd_submit_result_error rank=10 submit_work_failed status=15
resident_stage_execute_reject step=input_transport status=15 slot=0 flags=0x00000003
production_runner_submit_failed status=15 frame_flags=0x00000003 active=1 tokens=1 slot=0 position=1 frame_context=0xffffcf503c18
cuda_residentd_submit_result_error rank=10 submit_work_failed status=15
resident_stage_execute_reject step=input_transport status=15 slot=0 flags=0x00000003
production_runner_submit_failed status=15 frame_flags=0x00000003 active=1 tokens=1 slot=0 position=0 frame_context=0xffffcf503c18
cuda_residentd_submit_result_error rank=10 submit_work_failed status=15
resident_stage_execute_reject step=input_transport status=15 slot=0 flags=0x00000003
production_runner_submit_failed status=15 frame_flags=0x00000003 active=1 tokens=1 slot=0 position=1 frame_context=0xffffcf503c18
cuda_residentd_submit_result_error rank=10 submit_work_failed status=15
resident_stage_execute_reject step=input_transport status=15 slot=0 flags=0x00000003
production_runner_submit_failed status=15 frame_flags=0x00000003 active=1 tokens=1 slot=0 position=0 frame_context=0xffffcf503c18
cuda_residentd_submit_result_error rank=10 submit_work_failed status=15
resident_stage_execute_reject step=input_transport status=15 slot=0 flags=0x00000003
production_runner_submit_failed status=15 frame_flags=0x00000003 active=1 tokens=1 slot=0 position=1 frame_context=0xffffcf503c18
cuda_residentd_submit_result_error rank=10 submit_work_failed status=15
resident_stage_execute_reject step=input_transport status=15 slot=0 flags=0x00000003
production_runner_submit_failed status=15 frame_flags=0x00000003 active=1 tokens=1 slot=0 position=0 frame_context=0xffffcf503c18
cuda_residentd_submit_result_error rank=10 submit_work_failed status=15
resident_stage_execute_reject step=input_transport status=15 slot=0 flags=0x00000003
production_runner_submit_failed status=15 frame_flags=0x00000003 active=1 tokens=1 slot=0 position=1 frame_context=0xffffcf503c18
cuda_residentd_submit_result_error rank=10 submit_work_failed status=15
resident_stage_execute_reject step=input_transport status=15 slot=0 flags=0x00000003
production_runner_submit_failed status=15 frame_flags=0x00000003 active=1 tokens=1 slot=0 position=0 frame_context=0xffffcf503c18
cuda_residentd_submit_result_error rank=10 submit_work_failed status=15
resident_stage_execute_reject step=input_transport status=15 slot=0 flags=0x00000003
production_runner_submit_failed status=15 frame_flags=0x00000003 active=1 tokens=1 slot=0 position=1 frame_context=0xffffcf503c18
cuda_residentd_submit_result_error rank=10 submit_work_failed status=15
resident_stage_execute_reject step=input_transport status=15 slot=0 flags=0x00000003
production_runner_submit_failed status=15 frame_flags=0x00000003 active=1 tokens=1 slot=0 position=0 frame_context=0xffffcf503c18
cuda_residentd_submit_result_error rank=10 submit_work_failed status=15
resident_stage_execute_reject step=input_transport status=15 slot=0 flags=0x00000003
production_runner_submit_failed status=15 frame_flags=0x00000003 active=1 tokens=1 slot=0 position=1 frame_context=0xffffcf503c18
cuda_residentd_submit_result_error rank=10 submit_work_failed status=15
resident_stage_execute_reject step=input_transport status=15 slot=0 flags=0x00000003
production_runner_submit_failed status=15 frame_flags=0x00000003 active=1 tokens=1 slot=0 position=0 frame_context=0xffffcf503c18
cuda_residentd_submit_result_error rank=10 submit_work_failed status=15
resident_stage_execute_reject step=input_transport status=15 slot=0 flags=0x00000003
production_runner_submit_failed status=15 frame_flags=0x00000003 active=1 tokens=1 slot=0 position=1 frame_context=0xffffcf503c18
cuda_residentd_submit_result_error rank=10 submit_work_failed status=15
resident_stage_execute_reject step=input_transport status=15 slot=0 flags=0x00000003
production_runner_submit_failed status=15 frame_flags=0x00000003 active=1 tokens=1 slot=0 position=0 frame_context=0xffffcf503c18
cuda_residentd_submit_result_error rank=10 submit_work_failed status=15
resident_stage_execute_reject step=input_transport status=15 slot=0 flags=0x00000003
production_runner_submit_failed status=15 frame_flags=0x00000003 active=1 tokens=1 slot=0 position=1 frame_context=0xffffcf503c18
cuda_residentd_submit_result_error rank=10 submit_work_failed status=15
resident_stage_execute_reject step=input_transport status=15 slot=0 flags=0x00000003
production_runner_submit_failed status=15 frame_flags=0x00000003 active=1 tokens=1 slot=0 position=0 frame_context=0xffffcf503c18
cuda_residentd_submit_result_error rank=10 submit_work_failed status=15
resident_stage_execute_reject step=input_transport status=15 slot=0 flags=0x00000003
production_runner_submit_failed status=15 frame_flags=0x00000003 active=1 tokens=1 slot=0 position=1 frame_context=0xffffcf503c18
cuda_residentd_submit_result_error rank=10 submit_work_failed status=15
resident_stage_execute_reject step=input_transport status=15 slot=0 flags=0x00000003
production_runner_submit_failed status=15 frame_flags=0x00000003 active=1 tokens=1 slot=0 position=0 frame_context=0xffffcf503c18
cuda_residentd_submit_result_error rank=10 submit_work_failed status=15
resident_stage_execute_reject step=input_transport status=15 slot=0 flags=0x00000003
production_runner_submit_failed status=15 frame_flags=0x00000003 active=1 tokens=1 slot=0 position=1 frame_context=0xffffcf503c18
cuda_residentd_submit_result_error rank=10 submit_work_failed status=15
resident_stage_execute_reject step=input_transport status=15 slot=0 flags=0x00000003
production_runner_submit_failed status=15 frame_flags=0x00000003 active=1 tokens=1 slot=0 position=0 frame_context=0xffffcf503c18
cuda_residentd_submit_result_error rank=10 submit_work_failed status=15
resident_stage_execute_reject step=input_transport status=15 slot=0 flags=0x00000003
production_runner_submit_failed status=15 frame_flags=0x00000003 active=1 tokens=1 slot=0 position=1 frame_context=0xffffcf503c18
cuda_residentd_submit_result_error rank=10 submit_work_failed status=15
resident_stage_execute_reject step=input_transport status=15 slot=0 flags=0x00000003
production_runner_submit_failed status=15 frame_flags=0x00000003 active=1 tokens=1 slot=0 position=0 frame_context=0xffffcf503c18
cuda_residentd_submit_result_error rank=10 submit_work_failed status=15
resident_stage_execute_reject step=input_transport status=15 slot=0 flags=0x00000003
production_runner_submit_failed status=15 frame_flags=0x00000003 active=1 tokens=1 slot=0 position=1 frame_context=0xffffcf503c18
cuda_residentd_submit_result_error rank=10 submit_work_failed status=15
resident_stage_execute_reject step=input_transport status=15 slot=0 flags=0x00000003
production_runner_submit_failed status=15 frame_flags=0x00000003 active=1 tokens=1 slot=0 position=0 frame_context=0xffffcf503c18
cuda_residentd_submit_result_error rank=10 submit_work_failed status=15
resident_stage_execute_reject step=input_transport status=15 slot=0 flags=0x00000003
production_runner_submit_failed status=15 frame_flags=0x00000003 active=1 tokens=1 slot=0 position=1 frame_context=0xffffcf503c18
cuda_residentd_submit_result_error rank=10 submit_work_failed status=15
resident_stage_execute_reject step=input_transport status=15 slot=0 flags=0x00000003
production_runner_submit_failed status=15 frame_flags=0x00000003 active=1 tokens=1 slot=0 position=0 frame_context=0xffffcf503c18
cuda_residentd_submit_result_error rank=10 submit_work_failed status=15
resident_stage_execute_reject step=input_transport status=15 slot=0 flags=0x00000003
production_runner_submit_failed status=15 frame_flags=0x00000003 active=1 tokens=1 slot=0 position=1 frame_context=0xffffcf503c18
cuda_residentd_submit_result_error rank=10 submit_work_failed status=15
resident_stage_execute_reject step=input_transport status=15 slot=0 flags=0x00000003
production_runner_submit_failed status=15 frame_flags=0x00000003 active=1 tokens=1 slot=0 position=0 frame_context=0xffffcf503c18
cuda_residentd_submit_result_error rank=10 submit_work_failed status=15
resident_stage_execute_reject step=input_transport status=15 slot=0 flags=0x00000003
production_runner_submit_failed status=15 frame_flags=0x00000003 active=1 tokens=1 slot=0 position=1 frame_context=0xffffcf503c18
cuda_residentd_submit_result_error rank=10 submit_work_failed status=15
resident_stage_execute_reject step=input_transport status=15 slot=0 flags=0x00000003
production_runner_submit_failed status=15 frame_flags=0x00000003 active=1 tokens=1 slot=0 position=0 frame_context=0xffffcf503c18
cuda_residentd_submit_result_error rank=10 submit_work_failed status=15
resident_stage_execute_reject step=input_transport status=15 slot=0 flags=0x00000003
production_runner_submit_failed status=15 frame_flags=0x00000003 active=1 tokens=1 slot=0 position=1 frame_context=0xffffcf503c18
cuda_residentd_submit_result_error rank=10 submit_work_failed status=15
resident_stage_execute_reject step=input_transport status=15 slot=0 flags=0x00000003
production_runner_submit_failed status=15 frame_flags=0x00000003 active=1 tokens=1 slot=0 position=0 frame_context=0xffffcf503c18
cuda_residentd_submit_result_error rank=10 submit_work_failed status=15
resident_stage_execute_reject step=input_transport status=15 slot=0 flags=0x00000003
production_runner_submit_failed status=15 frame_flags=0x00000003 active=1 tokens=1 slot=0 position=1 frame_context=0xffffcf503c18
cuda_residentd_submit_result_error rank=10 submit_work_failed status=15
resident_stage_execute_reject step=input_transport status=15 slot=0 flags=0x00000003
production_runner_submit_failed status=15 frame_flags=0x00000003 active=1 tokens=1 slot=0 position=0 frame_context=0xffffcf503c18
cuda_residentd_submit_result_error rank=10 submit_work_failed status=15
resident_stage_execute_reject step=input_transport status=15 slot=0 flags=0x00000003
production_runner_submit_failed status=15 frame_flags=0x00000003 active=1 tokens=1 slot=0 position=1 frame_context=0xffffcf503c18
cuda_residentd_submit_result_error rank=10 submit_work_failed status=15
resident_stage_execute_reject step=input_transport status=15 slot=0 flags=0x00000003
production_runner_submit_failed status=15 frame_flags=0x00000003 active=1 tokens=1 slot=0 position=0 frame_context=0xffffcf503c18
cuda_residentd_submit_result_error rank=10 submit_work_failed status=15
resident_stage_execute_reject step=input_transport status=15 slot=0 flags=0x00000003
production_runner_submit_failed status=15 frame_flags=0x00000003 active=1 tokens=1 slot=0 position=1 frame_context=0xffffcf503c18
cuda_residentd_submit_result_error rank=10 submit_work_failed status=15
resident_stage_execute_reject step=input_transport status=15 slot=0 flags=0x00000003
production_runner_submit_failed status=15 frame_flags=0x00000003 active=1 tokens=1 slot=0 position=0 frame_context=0xffffcf503c18
cuda_residentd_submit_result_error rank=10 submit_work_failed status=15
resident_stage_execute_reject step=input_transport status=15 slot=0 flags=0x00000003
production_runner_submit_failed status=15 frame_flags=0x00000003 active=1 tokens=1 slot=0 position=1 frame_context=0xffffcf503c18
cuda_residentd_submit_result_error rank=10 submit_work_failed status=15
resident_stage_execute_reject step=input_transport status=15 slot=0 flags=0x00000003
production_runner_submit_failed status=15 frame_flags=0x00000003 active=1 tokens=1 slot=0 position=0 frame_context=0xffffcf503c18
cuda_residentd_submit_result_error rank=10 submit_work_failed status=15
resident_stage_execute_reject step=input_transport status=15 slot=0 flags=0x00000003
production_runner_submit_failed status=15 frame_flags=0x00000003 active=1 tokens=1 slot=0 position=1 frame_context=0xffffcf503c18
cuda_residentd_submit_result_error rank=10 submit_work_failed status=15
resident_stage_execute_reject step=input_transport status=15 slot=0 flags=0x00000003
production_runner_submit_failed status=15 frame_flags=0x00000003 active=1 tokens=1 slot=0 position=0 frame_context=0xffffcf503c18
cuda_residentd_submit_result_error rank=10 submit_work_failed status=15
resident_stage_execute_reject step=input_transport status=15 slot=0 flags=0x00000003
production_runner_submit_failed status=15 frame_flags=0x00000003 active=1 tokens=1 slot=0 position=1 frame_context=0xffffcf503c18
cuda_residentd_submit_result_error rank=10 submit_work_failed status=15
resident_stage_execute_reject step=input_transport status=15 slot=0 flags=0x00000003
production_runner_submit_failed status=15 frame_flags=0x00000003 active=1 tokens=1 slot=0 position=0 frame_context=0xffffcf503c18
cuda_residentd_submit_result_error rank=10 submit_work_failed status=15
resident_stage_execute_reject step=input_transport status=15 slot=0 flags=0x00000003
production_runner_submit_failed status=15 frame_flags=0x00000003 active=1 tokens=1 slot=0 position=1 frame_context=0xffffcf503c18
cuda_residentd_submit_result_error rank=10 submit_work_failed status=15
resident_stage_execute_reject step=input_transport status=15 slot=0 flags=0x00000003
production_runner_submit_failed status=15 frame_flags=0x00000003 active=1 tokens=1 slot=0 position=0 frame_context=0xffffcf503c18
cuda_residentd_submit_result_error rank=10 submit_work_failed status=15
resident_stage_execute_reject step=input_transport status=15 slot=0 flags=0x00000003
production_runner_submit_failed status=15 frame_flags=0x00000003 active=1 tokens=1 slot=0 position=1 frame_context=0xffffcf503c18
cuda_residentd_submit_result_error rank=10 submit_work_failed status=15
resident_stage_execute_reject step=input_transport status=15 slot=0 flags=0x00000003
production_runner_submit_failed status=15 frame_flags=0x00000003 active=1 tokens=1 slot=0 position=0 frame_context=0xffffcf503c18
cuda_residentd_submit_result_error rank=10 submit_work_failed status=15
resident_stage_execute_reject step=input_transport status=15 slot=0 flags=0x00000003
production_runner_submit_failed status=15 frame_flags=0x00000003 active=1 tokens=1 slot=0 position=1 frame_context=0xffffcf503c18
cuda_residentd_submit_result_error rank=10 submit_work_failed status=15
resident_stage_execute_reject step=input_transport status=15 slot=0 flags=0x00000003
production_runner_submit_failed status=15 frame_flags=0x00000003 active=1 tokens=1 slot=0 position=0 frame_context=0xffffcf503c18
cuda_residentd_submit_result_error rank=10 submit_work_failed status=15
resident_stage_execute_reject step=input_transport status=15 slot=0 flags=0x00000003
production_runner_submit_failed status=15 frame_flags=0x00000003 active=1 tokens=1 slot=0 position=1 frame_context=0xffffcf503c18
cuda_residentd_submit_result_error rank=10 submit_work_failed status=15
resident_stage_execute_reject step=input_transport status=15 slot=0 flags=0x00000003
production_runner_submit_failed status=15 frame_flags=0x00000003 active=1 tokens=1 slot=0 position=0 frame_context=0xffffcf503c18
cuda_residentd_submit_result_error rank=10 submit_work_failed status=15
resident_stage_execute_reject step=input_transport status=15 slot=0 flags=0x00000003
production_runner_submit_failed status=15 frame_flags=0x00000003 active=1 tokens=1 slot=0 position=1 frame_context=0xffffcf503c18
cuda_residentd_submit_result_error rank=10 submit_work_failed status=15
resident_stage_execute_reject step=input_transport status=15 slot=0 flags=0x00000003
production_runner_submit_failed status=15 frame_flags=0x00000003 active=1 tokens=1 slot=0 position=0 frame_context=0xffffcf503c18
cuda_residentd_submit_result_error rank=10 submit_work_failed status=15
resident_stage_execute_reject step=input_transport status=15 slot=0 flags=0x00000003
production_runner_submit_failed status=15 frame_flags=0x00000003 active=1 tokens=1 slot=0 position=1 frame_context=0xffffcf503c18
cuda_residentd_submit_result_error rank=10 submit_work_failed status=15
resident_stage_execute_reject step=input_transport status=15 slot=0 flags=0x00000003
production_runner_submit_failed status=15 frame_flags=0x00000003 active=1 tokens=1 slot=0 position=0 frame_context=0xffffcf503c18
cuda_residentd_submit_result_error rank=10 submit_work_failed status=15
resident_stage_execute_reject step=input_transport status=15 slot=0 flags=0x00000003
production_runner_submit_failed status=15 frame_flags=0x00000003 active=1 tokens=1 slot=0 position=1 frame_context=0xffffcf503c18
cuda_residentd_submit_result_error rank=10 submit_work_failed status=15
resident_stage_execute_reject step=input_transport status=15 slot=0 flags=0x00000003
production_runner_submit_failed status=15 frame_flags=0x00000003 active=1 tokens=1 slot=0 position=0 frame_context=0xffffcf503c18
cuda_residentd_submit_result_error rank=10 submit_work_failed status=15
resident_stage_execute_reject step=input_transport status=15 slot=0 flags=0x00000003
production_runner_submit_failed status=15 frame_flags=0x00000003 active=1 tokens=1 slot=0 position=1 frame_context=0xffffcf503c18
cuda_residentd_submit_result_error rank=10 submit_work_failed status=15
resident_stage_execute_reject step=input_transport status=15 slot=0 flags=0x00000003
production_runner_submit_failed status=15 frame_flags=0x00000003 active=1 tokens=1 slot=0 position=0 frame_context=0xffffcf503c18
cuda_residentd_submit_result_error rank=10 submit_work_failed status=15
resident_stage_execute_reject step=input_transport status=15 slot=0 flags=0x00000003
production_runner_submit_failed status=15 frame_flags=0x00000003 active=1 tokens=1 slot=0 position=1 frame_context=0xffffcf503c18
cuda_residentd_submit_result_error rank=10 submit_work_failed status=15
resident_stage_execute_reject step=input_transport status=15 slot=0 flags=0x00000003
production_runner_submit_failed status=15 frame_flags=0x00000003 active=1 tokens=1 slot=0 position=0 frame_context=0xffffcf503c18
cuda_residentd_submit_result_error rank=10 submit_work_failed status=15
resident_stage_execute_reject step=input_transport status=15 slot=0 flags=0x00000003
production_runner_submit_failed status=15 frame_flags=0x00000003 active=1 tokens=1 slot=0 position=1 frame_context=0xffffcf503c18
cuda_residentd_submit_result_error rank=10 submit_work_failed status=15
resident_stage_execute_reject step=input_transport status=15 slot=0 flags=0x00000003
production_runner_submit_failed status=15 frame_flags=0x00000003 active=1 tokens=1 slot=0 position=0 frame_context=0xffffcf503c18
cuda_residentd_submit_result_error rank=10 submit_work_failed status=15
resident_stage_execute_reject step=input_transport status=15 slot=0 flags=0x00000003
production_runner_submit_failed status=15 frame_flags=0x00000003 active=1 tokens=1 slot=0 position=1 frame_context=0xffffcf503c18
cuda_residentd_submit_result_error rank=10 submit_work_failed status=15
resident_stage_execute_reject step=input_transport status=15 slot=0 flags=0x00000003
production_runner_submit_failed status=15 frame_flags=0x00000003 active=1 tokens=1 slot=0 position=0 frame_context=0xffffcf503c18
cuda_residentd_submit_result_error rank=10 submit_work_failed status=15
resident_stage_execute_reject step=input_transport status=15 slot=0 flags=0x00000003
production_runner_submit_failed status=15 frame_flags=0x00000003 active=1 tokens=1 slot=0 position=1 frame_context=0xffffcf503c18
cuda_residentd_submit_result_error rank=10 submit_work_failed status=15
resident_stage_execute_reject step=input_transport status=15 slot=0 flags=0x00000003
production_runner_submit_failed status=15 frame_flags=0x00000003 active=1 tokens=1 slot=0 position=0 frame_context=0xffffcf503c18
cuda_residentd_submit_result_error rank=10 submit_work_failed status=15
resident_stage_execute_reject step=input_transport status=15 slot=0 flags=0x00000003
production_runner_submit_failed status=15 frame_flags=0x00000003 active=1 tokens=1 slot=0 position=1 frame_context=0xffffcf503c18
cuda_residentd_submit_result_error rank=10 submit_work_failed status=15
resident_stage_execute_reject step=input_transport status=15 slot=0 flags=0x00000003
production_runner_submit_failed status=15 frame_flags=0x00000003 active=1 tokens=1 slot=0 position=0 frame_context=0xffffcf503c18
cuda_residentd_submit_result_error rank=10 submit_work_failed status=15
resident_stage_execute_reject step=input_transport status=15 slot=0 flags=0x00000003
production_runner_submit_failed status=15 frame_flags=0x00000003 active=1 tokens=1 slot=0 position=1 frame_context=0xffffcf503c18
cuda_residentd_submit_result_error rank=10 submit_work_failed status=15
resident_stage_execute_reject step=input_transport status=15 slot=0 flags=0x00000003
production_runner_submit_failed status=15 frame_flags=0x00000003 active=1 tokens=1 slot=0 position=0 frame_context=0xffffcf503c18
cuda_residentd_submit_result_error rank=10 submit_work_failed status=15
resident_stage_execute_reject step=input_transport status=15 slot=0 flags=0x00000003
production_runner_submit_failed status=15 frame_flags=0x00000003 active=1 tokens=1 slot=0 position=1 frame_context=0xffffcf503c18
cuda_residentd_submit_result_error rank=10 submit_work_failed status=15
resident_stage_execute_reject step=input_transport status=15 slot=0 flags=0x00000003
production_runner_submit_failed status=15 frame_flags=0x00000003 active=1 tokens=1 slot=0 position=0 frame_context=0xffffcf503c18
cuda_residentd_submit_result_error rank=10 submit_work_failed status=15
resident_stage_execute_reject step=input_transport status=15 slot=0 flags=0x00000003
production_runner_submit_failed status=15 frame_flags=0x00000003 active=1 tokens=1 slot=0 position=1 frame_context=0xffffcf503c18
cuda_residentd_submit_result_error rank=10 submit_work_failed status=15
resident_stage_execute_reject step=input_transport status=15 slot=0 flags=0x00000003
production_runner_submit_failed status=15 frame_flags=0x00000003 active=1 tokens=1 slot=0 position=0 frame_context=0xffffcf503c18
cuda_residentd_submit_result_error rank=10 submit_work_failed status=15
resident_stage_execute_reject step=input_transport status=15 slot=0 flags=0x00000003
production_runner_submit_failed status=15 frame_flags=0x00000003 active=1 tokens=1 slot=0 position=1 frame_context=0xffffcf503c18
cuda_residentd_submit_result_error rank=10 submit_work_failed status=15
resident_stage_execute_reject step=input_transport status=15 slot=0 flags=0x00000003
production_runner_submit_failed status=15 frame_flags=0x00000003 active=1 tokens=1 slot=0 position=0 frame_context=0xffffcf503c18
cuda_residentd_submit_result_error rank=10 submit_work_failed status=15
resident_stage_execute_reject step=input_transport status=15 slot=0 flags=0x00000003
production_runner_submit_failed status=15 frame_flags=0x00000003 active=1 tokens=1 slot=0 position=1 frame_context=0xffffcf503c18
cuda_residentd_submit_result_error rank=10 submit_work_failed status=15
resident_stage_execute_reject step=input_transport status=15 slot=0 flags=0x00000003
production_runner_submit_failed status=15 frame_flags=0x00000003 active=1 tokens=1 slot=0 position=0 frame_context=0xffffcf503c18
cuda_residentd_submit_result_error rank=10 submit_work_failed status=15
resident_stage_execute_reject step=input_transport status=15 slot=0 flags=0x00000003
production_runner_submit_failed status=15 frame_flags=0x00000003 active=1 tokens=1 slot=0 position=1 frame_context=0xffffcf503c18
cuda_residentd_submit_result_error rank=10 submit_work_failed status=15
resident_stage_execute_reject step=input_transport status=15 slot=0 flags=0x00000003
production_runner_submit_failed status=15 frame_flags=0x00000003 active=1 tokens=1 slot=0 position=0 frame_context=0xffffcf503c18
cuda_residentd_submit_result_error rank=10 submit_work_failed status=15
resident_stage_execute_reject step=input_transport status=15 slot=0 flags=0x00000003
production_runner_submit_failed status=15 frame_flags=0x00000003 active=1 tokens=1 slot=0 position=1 frame_context=0xffffcf503c18
cuda_residentd_submit_result_error rank=10 submit_work_failed status=15
resident_stage_execute_reject step=input_transport status=15 slot=0 flags=0x00000003
production_runner_submit_failed status=15 frame_flags=0x00000003 active=1 tokens=1 slot=0 position=0 frame_context=0xffffcf503c18
cuda_residentd_submit_result_error rank=10 submit_work_failed status=15
resident_stage_execute_reject step=input_transport status=15 slot=0 flags=0x00000003
production_runner_submit_failed status=15 frame_flags=0x00000003 active=1 tokens=1 slot=0 position=1 frame_context=0xffffcf503c18
cuda_residentd_submit_result_error rank=10 submit_work_failed status=15
resident_stage_execute_reject step=input_transport status=15 slot=0 flags=0x00000003
production_runner_submit_failed status=15 frame_flags=0x00000003 active=1 tokens=1 slot=0 position=0 frame_context=0xffffcf503c18
cuda_residentd_submit_result_error rank=10 submit_work_failed status=15
resident_stage_execute_reject step=input_transport status=15 slot=0 flags=0x00000003
production_runner_submit_failed status=15 frame_flags=0x00000003 active=1 tokens=1 slot=0 position=1 frame_context=0xffffcf503c18
cuda_residentd_submit_result_error rank=10 submit_work_failed status=15
resident_stage_execute_reject step=input_transport status=15 slot=0 flags=0x00000003
production_runner_submit_failed status=15 frame_flags=0x00000003 active=1 tokens=1 slot=0 position=0 frame_context=0xffffcf503c18
cuda_residentd_submit_result_error rank=10 submit_work_failed status=15
tcp_frame_delivered seq=1 pos=0 active=1 sk=1 sb=8192
resident_stage_execute_reject step=input_transport status=15 slot=0 flags=0x00000003
production_runner_submit_failed status=15 frame_flags=0x00000003 active=1 tokens=1 slot=0 position=1 frame_context=0xffffcf503c18
cuda_residentd_submit_result_error rank=10 submit_work_failed status=15
hidden_tcp_deliver seq=1 token=0 active=1 sideband_kind=1 hidden_hash=5a7c9fcf6cc4b361 sideband_hash=b9d103fd6854a325 hidden_bytes=12288 sideband_bytes=8192
stage_prepare_output_hidden slot=0 active=1 session=0xc450f7468f40 bytes=12288 device=0xef28ff600000
tcp_frame_delivered seq=1 pos=1 active=1 sk=1 sb=8192
tcp_frame_delivered seq=1 pos=2 active=1 sk=1 sb=8192
stage_finish_submit graph_capture=1 signature=1757806048286087950 completion=(nil) function=(nil)
tcp_frame_delivered seq=1 pos=3 active=1 sk=1 sb=8192
stage_complete_send sequence=1 position=0 slot=0 session=0xc450f7468f40 bytes=12288
hidden_tcp_send_header seq=1 token=0 active=1 sideband_kind=0 sideband_bps=0 hidden_hash=5a7c9fcf6cc4b361 sideband_hash=0000000000000000 hidden_bytes=12288 sideband_bytes=0 total=12328
stage_complete_send_status status=0 sequence=1 position=0
hidden_tcp_deliver seq=1 token=1 active=1 sideband_kind=1 hidden_hash=5bf24261d596122c sideband_hash=b9d103fd6854a325 hidden_bytes=12288 sideband_bytes=8192
stage_prepare_output_hidden slot=0 active=1 session=0xc450f7468f40 bytes=12288 device=0xef28ff600000
stage_finish_submit graph_capture=1 signature=14201455280062298621 completion=(nil) function=(nil)
stage_complete_send sequence=1 position=1 slot=0 session=0xc450f7468f40 bytes=12288
hidden_tcp_send_header seq=1 token=1 active=1 sideband_kind=0 sideband_bps=0 hidden_hash=5bf24261d596122c sideband_hash=0000000000000000 hidden_bytes=12288 sideband_bytes=0 total=12328
stage_complete_send_status status=0 sequence=1 position=1
hidden_tcp_deliver seq=1 token=2 active=1 sideband_kind=1 hidden_hash=86f8f70b0fa2bc5b sideband_hash=b9d103fd6854a325 hidden_bytes=12288 sideband_bytes=8192
stage_prepare_output_hidden slot=0 active=1 session=0xc450f7468f40 bytes=12288 device=0xef28ff600000
stage_finish_submit graph_capture=1 signature=6130567612688620780 completion=(nil) function=(nil)
tcp_frame_delivered seq=1 pos=4 active=1 sk=1 sb=8192
stage_complete_send sequence=1 position=2 slot=0 session=0xc450f7468f40 bytes=12288
hidden_tcp_send_header seq=1 token=2 active=1 sideband_kind=0 sideband_bps=0 hidden_hash=86f8f70b0fa2bc5b sideband_hash=0000000000000000 hidden_bytes=12288 sideband_bytes=0 total=12328
stage_complete_send_status status=0 sequence=1 position=2
hidden_tcp_deliver seq=1 token=3 active=1 sideband_kind=1 hidden_hash=dc9b049d01771775 sideband_hash=b9d103fd6854a325 hidden_bytes=12288 sideband_bytes=8192
stage_prepare_output_hidden slot=0 active=1 session=0xc450f7468f40 bytes=12288 device=0xef28ff600000
stage_finish_submit graph_capture=1 signature=16351565255636210907 completion=(nil) function=(nil)
stage_complete_send sequence=1 position=3 slot=0 session=0xc450f7468f40 bytes=12288
hidden_tcp_send_header seq=1 token=3 active=1 sideband_kind=0 sideband_bps=0 hidden_hash=dc9b049d01771775 sideband_hash=0000000000000000 hidden_bytes=12288 sideband_bytes=0 total=12328
stage_complete_send_status status=0 sequence=1 position=3
hidden_tcp_deliver seq=1 token=4 active=1 sideband_kind=1 hidden_hash=120369d249ca391b sideband_hash=b9d103fd6854a325 hidden_bytes=12288 sideband_bytes=8192
stage_prepare_output_hidden slot=0 active=1 session=0xc450f7468f40 bytes=12288 device=0xef28ff600000
stage_finish_submit graph_capture=1 signature=11263300431264417722 completion=(nil) function=(nil)
stage_complete_send sequence=1 position=4 slot=0 session=0xc450f7468f40 bytes=12288
hidden_tcp_send_header seq=1 token=4 active=1 sideband_kind=0 sideband_bps=0 hidden_hash=120369d249ca391b sideband_hash=0000000000000000 hidden_bytes=12288 sideband_bytes=0 total=12328
stage_complete_send_status status=0 sequence=1 position=4
resident_stage_execute_reject step=input_transport status=15 slot=0 flags=0x00000001
production_runner_submit_failed status=15 frame_flags=0x00000001 active=1 tokens=1 slot=0 position=5 frame_context=0xffffcf503c18
cuda_residentd_submit_result_error rank=10 submit_work_failed status=15
resident_stage_execute_reject step=input_transport status=15 slot=0 flags=0x00000001
production_runner_submit_failed status=15 frame_flags=0x00000001 active=1 tokens=1 slot=0 position=5 frame_context=0xffffcf503c18
cuda_residentd_submit_result_error rank=10 submit_work_failed status=15
resident_stage_execute_reject step=input_transport status=15 slot=0 flags=0x00000001
production_runner_submit_failed status=15 frame_flags=0x00000001 active=1 tokens=1 slot=0 position=5 frame_context=0xffffcf503c18
cuda_residentd_submit_result_error rank=10 submit_work_failed status=15
resident_stage_execute_reject step=input_transport status=15 slot=0 flags=0x00000001
production_runner_submit_failed status=15 frame_flags=0x00000001 active=1 tokens=1 slot=0 position=5 frame_context=0xffffcf503c18
cuda_residentd_submit_result_error rank=10 submit_work_failed status=15
resident_stage_execute_reject step=input_transport status=15 slot=0 flags=0x00000001
production_runner_submit_failed status=15 frame_flags=0x00000001 active=1 tokens=1 slot=0 position=5 frame_context=0xffffcf503c18
cuda_residentd_submit_result_error rank=10 submit_work_failed status=15
resident_stage_execute_reject step=input_transport status=15 slot=0 flags=0x00000001
production_runner_submit_failed status=15 frame_flags=0x00000001 active=1 tokens=1 slot=0 position=5 frame_context=0xffffcf503c18
cuda_residentd_submit_result_error rank=10 submit_work_failed status=15
resident_stage_execute_reject step=input_transport status=15 slot=0 flags=0x00000001
production_runner_submit_failed status=15 frame_flags=0x00000001 active=1 tokens=1 slot=0 position=5 frame_context=0xffffcf503c18
cuda_residentd_submit_result_error rank=10 submit_work_failed status=15
resident_stage_execute_reject step=input_transport status=15 slot=0 flags=0x00000001
production_runner_submit_failed status=15 frame_flags=0x00000001 active=1 tokens=1 slot=0 position=5 frame_context=0xffffcf503c18
cuda_residentd_submit_result_error rank=10 submit_work_failed status=15
resident_stage_execute_reject step=input_transport status=15 slot=0 flags=0x00000001
production_runner_submit_failed status=15 frame_flags=0x00000001 active=1 tokens=1 slot=0 position=5 frame_context=0xffffcf503c18
cuda_residentd_submit_result_error rank=10 submit_work_failed status=15
resident_stage_execute_reject step=input_transport status=15 slot=0 flags=0x00000001
production_runner_submit_failed status=15 frame_flags=0x00000001 active=1 tokens=1 slot=0 position=5 frame_context=0xffffcf503c18
cuda_residentd_submit_result_error rank=10 submit_work_failed status=15
resident_stage_execute_reject step=input_transport status=15 slot=0 flags=0x00000001
production_runner_submit_failed status=15 frame_flags=0x00000001 active=1 tokens=1 slot=0 position=5 frame_context=0xffffcf503c18
cuda_residentd_submit_result_error rank=10 submit_work_failed status=15
resident_stage_execute_reject step=input_transport status=15 slot=0 flags=0x00000001
production_runner_submit_failed status=15 frame_flags=0x00000001 active=1 tokens=1 slot=0 position=5 frame_context=0xffffcf503c18
cuda_residentd_submit_result_error rank=10 submit_work_failed status=15
resident_stage_execute_reject step=input_transport status=15 slot=0 flags=0x00000001
production_runner_submit_failed status=15 frame_flags=0x00000001 active=1 tokens=1 slot=0 position=5 frame_context=0xffffcf503c18
cuda_residentd_submit_result_error rank=10 submit_work_failed status=15
resident_stage_execute_reject step=input_transport status=15 slot=0 flags=0x00000001
production_runner_submit_failed status=15 frame_flags=0x00000001 active=1 tokens=1 slot=0 position=5 frame_context=0xffffcf503c18
cuda_residentd_submit_result_error rank=10 submit_work_failed status=15
resident_stage_execute_reject step=input_transport status=15 slot=0 flags=0x00000001
production_runner_submit_failed status=15 frame_flags=0x00000001 active=1 tokens=1 slot=0 position=5 frame_context=0xffffcf503c18
cuda_residentd_submit_result_error rank=10 submit_work_failed status=15
resident_stage_execute_reject step=input_transport status=15 slot=0 flags=0x00000001
production_runner_submit_failed status=15 frame_flags=0x00000001 active=1 tokens=1 slot=0 position=5 frame_context=0xffffcf503c18
cuda_residentd_submit_result_error rank=10 submit_work_failed status=15
resident_stage_execute_reject step=input_transport status=15 slot=0 flags=0x00000001
production_runner_submit_failed status=15 frame_flags=0x00000001 active=1 tokens=1 slot=0 position=5 frame_context=0xffffcf503c18
cuda_residentd_submit_result_error rank=10 submit_work_failed status=15
resident_stage_execute_reject step=input_transport status=15 slot=0 flags=0x00000001
production_runner_submit_failed status=15 frame_flags=0x00000001 active=1 tokens=1 slot=0 position=5 frame_context=0xffffcf503c18
cuda_residentd_submit_result_error rank=10 submit_work_failed status=15
resident_stage_execute_reject step=input_transport status=15 slot=0 flags=0x00000001
production_runner_submit_failed status=15 frame_flags=0x00000001 active=1 tokens=1 slot=0 position=5 frame_context=0xffffcf503c18
cuda_residentd_submit_result_error rank=10 submit_work_failed status=15
resident_stage_execute_reject step=input_transport status=15 slot=0 flags=0x00000001
production_runner_submit_failed status=15 frame_flags=0x00000001 active=1 tokens=1 slot=0 position=5 frame_context=0xffffcf503c18
cuda_residentd_submit_result_error rank=10 submit_work_failed status=15
resident_stage_execute_reject step=input_transport status=15 slot=0 flags=0x00000001
production_runner_submit_failed status=15 frame_flags=0x00000001 active=1 tokens=1 slot=0 position=5 frame_context=0xffffcf503c18
cuda_residentd_submit_result_error rank=10 submit_work_failed status=15
resident_stage_execute_reject step=input_transport status=15 slot=0 flags=0x00000001
production_runner_submit_failed status=15 frame_flags=0x00000001 active=1 tokens=1 slot=0 position=5 frame_context=0xffffcf503c18
cuda_residentd_submit_result_error rank=10 submit_work_failed status=15
resident_stage_execute_reject step=input_transport status=15 slot=0 flags=0x00000001
production_runner_submit_failed status=15 frame_flags=0x00000001 active=1 tokens=1 slot=0 position=5 frame_context=0xffffcf503c18
cuda_residentd_submit_result_error rank=10 submit_work_failed status=15
resident_stage_execute_reject step=input_transport status=15 slot=0 flags=0x00000001
production_runner_submit_failed status=15 frame_flags=0x00000001 active=1 tokens=1 slot=0 position=5 frame_context=0xffffcf503c18
cuda_residentd_submit_result_error rank=10 submit_work_failed status=15
resident_stage_execute_reject step=input_transport status=15 slot=0 flags=0x00000001
production_runner_submit_failed status=15 frame_flags=0x00000001 active=1 tokens=1 slot=0 position=5 frame_context=0xffffcf503c18
cuda_residentd_submit_result_error rank=10 submit_work_failed status=15
resident_stage_execute_reject step=input_transport status=15 slot=0 flags=0x00000001
production_runner_submit_failed status=15 frame_flags=0x00000001 active=1 tokens=1 slot=0 position=5 frame_context=0xffffcf503c18
cuda_residentd_submit_result_error rank=10 submit_work_failed status=15
resident_stage_execute_reject step=input_transport status=15 slot=0 flags=0x00000001
production_runner_submit_failed status=15 frame_flags=0x00000001 active=1 tokens=1 slot=0 position=5 frame_context=0xffffcf503c18
cuda_residentd_submit_result_error rank=10 submit_work_failed status=15
resident_stage_execute_reject step=input_transport status=15 slot=0 flags=0x00000001
production_runner_submit_failed status=15 frame_flags=0x00000001 active=1 tokens=1 slot=0 position=5 frame_context=0xffffcf503c18
cuda_residentd_submit_result_error rank=10 submit_work_failed status=15
resident_stage_execute_reject step=input_transport status=15 slot=0 flags=0x00000001
production_runner_submit_failed status=15 frame_flags=0x00000001 active=1 tokens=1 slot=0 position=5 frame_context=0xffffcf503c18
cuda_residentd_submit_result_error rank=10 submit_work_failed status=15
resident_stage_execute_reject step=input_transport status=15 slot=0 flags=0x00000001
production_runner_submit_failed status=15 frame_flags=0x00000001 active=1 tokens=1 slot=0 position=5 frame_context=0xffffcf503c18
cuda_residentd_submit_result_error rank=10 submit_work_failed status=15
resident_stage_execute_reject step=input_transport status=15 slot=0 flags=0x00000001
production_runner_submit_failed status=15 frame_flags=0x00000001 active=1 tokens=1 slot=0 position=5 frame_context=0xffffcf503c18
cuda_residentd_submit_result_error rank=10 submit_work_failed status=15
resident_stage_execute_reject step=input_transport status=15 slot=0 flags=0x00000001
production_runner_submit_failed status=15 frame_flags=0x00000001 active=1 tokens=1 slot=0 position=5 frame_context=0xffffcf503c18
cuda_residentd_submit_result_error rank=10 submit_work_failed status=15
resident_stage_execute_reject step=input_transport status=15 slot=0 flags=0x00000001
production_runner_submit_failed status=15 frame_flags=0x00000001 active=1 tokens=1 slot=0 position=5 frame_context=0xffffcf503c18
cuda_residentd_submit_result_error rank=10 submit_work_failed status=15
resident_stage_execute_reject step=input_transport status=15 slot=0 flags=0x00000001
production_runner_submit_failed status=15 frame_flags=0x00000001 active=1 tokens=1 slot=0 position=5 frame_context=0xffffcf503c18
cuda_residentd_submit_result_error rank=10 submit_work_failed status=15
resident_stage_execute_reject step=input_transport status=15 slot=0 flags=0x00000001
production_runner_submit_failed status=15 frame_flags=0x00000001 active=1 tokens=1 slot=0 position=5 frame_context=0xffffcf503c18
cuda_residentd_submit_result_error rank=10 submit_work_failed status=15
resident_stage_execute_reject step=input_transport status=15 slot=0 flags=0x00000001
production_runner_submit_failed status=15 frame_flags=0x00000001 active=1 tokens=1 slot=0 position=5 frame_context=0xffffcf503c18
cuda_residentd_submit_result_error rank=10 submit_work_failed status=15
resident_stage_execute_reject step=input_transport status=15 slot=0 flags=0x00000001
production_runner_submit_failed status=15 frame_flags=0x00000001 active=1 tokens=1 slot=0 position=5 frame_context=0xffffcf503c18
cuda_residentd_submit_result_error rank=10 submit_work_failed status=15
resident_stage_execute_reject step=input_transport status=15 slot=0 flags=0x00000001
production_runner_submit_failed status=15 frame_flags=0x00000001 active=1 tokens=1 slot=0 position=5 frame_context=0xffffcf503c18
cuda_residentd_submit_result_error rank=10 submit_work_failed status=15
resident_stage_execute_reject step=input_transport status=15 slot=0 flags=0x00000001
production_runner_submit_failed status=15 frame_flags=0x00000001 active=1 tokens=1 slot=0 position=5 frame_context=0xffffcf503c18
cuda_residentd_submit_result_error rank=10 submit_work_failed status=15
resident_stage_execute_reject step=input_transport status=15 slot=0 flags=0x00000001
production_runner_submit_failed status=15 frame_flags=0x00000001 active=1 tokens=1 slot=0 position=5 frame_context=0xffffcf503c18
cuda_residentd_submit_result_error rank=10 submit_work_failed status=15
resident_stage_execute_reject step=input_transport status=15 slot=0 flags=0x00000001
production_runner_submit_failed status=15 frame_flags=0x00000001 active=1 tokens=1 slot=0 position=5 frame_context=0xffffcf503c18
cuda_residentd_submit_result_error rank=10 submit_work_failed status=15
resident_stage_execute_reject step=input_transport status=15 slot=0 flags=0x00000001
production_runner_submit_failed status=15 frame_flags=0x00000001 active=1 tokens=1 slot=0 position=5 frame_context=0xffffcf503c18
cuda_residentd_submit_result_error rank=10 submit_work_failed status=15
resident_stage_execute_reject step=input_transport status=15 slot=0 flags=0x00000001
production_runner_submit_failed status=15 frame_flags=0x00000001 active=1 tokens=1 slot=0 position=5 frame_context=0xffffcf503c18
cuda_residentd_submit_result_error rank=10 submit_work_failed status=15
resident_stage_execute_reject step=input_transport status=15 slot=0 flags=0x00000001
production_runner_submit_failed status=15 frame_flags=0x00000001 active=1 tokens=1 slot=0 position=5 frame_context=0xffffcf503c18
cuda_residentd_submit_result_error rank=10 submit_work_failed status=15
resident_stage_execute_reject step=input_transport status=15 slot=0 flags=0x00000001
production_runner_submit_failed status=15 frame_flags=0x00000001 active=1 tokens=1 slot=0 position=5 frame_context=0xffffcf503c18
cuda_residentd_submit_result_error rank=10 submit_work_failed status=15
resident_stage_execute_reject step=input_transport status=15 slot=0 flags=0x00000001
production_runner_submit_failed status=15 frame_flags=0x00000001 active=1 tokens=1 slot=0 position=5 frame_context=0xffffcf503c18
cuda_residentd_submit_result_error rank=10 submit_work_failed status=15
resident_stage_execute_reject step=input_transport status=15 slot=0 flags=0x00000001
production_runner_submit_failed status=15 frame_flags=0x00000001 active=1 tokens=1 slot=0 position=5 frame_context=0xffffcf503c18
cuda_residentd_submit_result_error rank=10 submit_work_failed status=15
resident_stage_execute_reject step=input_transport status=15 slot=0 flags=0x00000001
production_runner_submit_failed status=15 frame_flags=0x00000001 active=1 tokens=1 slot=0 position=5 frame_context=0xffffcf503c18
cuda_residentd_submit_result_error rank=10 submit_work_failed status=15
resident_stage_execute_reject step=input_transport status=15 slot=0 flags=0x00000001
production_runner_submit_failed status=15 frame_flags=0x00000001 active=1 tokens=1 slot=0 position=5 frame_context=0xffffcf503c18
cuda_residentd_submit_result_error rank=10 submit_work_failed status=15
resident_stage_execute_reject step=input_transport status=15 slot=0 flags=0x00000001
production_runner_submit_failed status=15 frame_flags=0x00000001 active=1 tokens=1 slot=0 position=5 frame_context=0xffffcf503c18
cuda_residentd_submit_result_error rank=10 submit_work_failed status=15
resident_stage_execute_reject step=input_transport status=15 slot=0 flags=0x00000001
production_runner_submit_failed status=15 frame_flags=0x00000001 active=1 tokens=1 slot=0 position=5 frame_context=0xffffcf503c18
cuda_residentd_submit_result_error rank=10 submit_work_failed status=15
resident_stage_execute_reject step=input_transport status=15 slot=0 flags=0x00000001
production_runner_submit_failed status=15 frame_flags=0x00000001 active=1 tokens=1 slot=0 position=5 frame_context=0xffffcf503c18
cuda_residentd_submit_result_error rank=10 submit_work_failed status=15
resident_stage_execute_reject step=input_transport status=15 slot=0 flags=0x00000001
production_runner_submit_failed status=15 frame_flags=0x00000001 active=1 tokens=1 slot=0 position=5 frame_context=0xffffcf503c18
cuda_residentd_submit_result_error rank=10 submit_work_failed status=15
resident_stage_execute_reject step=input_transport status=15 slot=0 flags=0x00000001
production_runner_submit_failed status=15 frame_flags=0x00000001 active=1 tokens=1 slot=0 position=5 frame_context=0xffffcf503c18
cuda_residentd_submit_result_error rank=10 submit_work_failed status=15
resident_stage_execute_reject step=input_transport status=15 slot=0 flags=0x00000001
production_runner_submit_failed status=15 frame_flags=0x00000001 active=1 tokens=1 slot=0 position=5 frame_context=0xffffcf503c18
cuda_residentd_submit_result_error rank=10 submit_work_failed status=15
resident_stage_execute_reject step=input_transport status=15 slot=0 flags=0x00000001
production_runner_submit_failed status=15 frame_flags=0x00000001 active=1 tokens=1 slot=0 position=5 frame_context=0xffffcf503c18
cuda_residentd_submit_result_error rank=10 submit_work_failed status=15
resident_stage_execute_reject step=input_transport status=15 slot=0 flags=0x00000001
production_runner_submit_failed status=15 frame_flags=0x00000001 active=1 tokens=1 slot=0 position=5 frame_context=0xffffcf503c18
cuda_residentd_submit_result_error rank=10 submit_work_failed status=15
resident_stage_execute_reject step=input_transport status=15 slot=0 flags=0x00000001
production_runner_submit_failed status=15 frame_flags=0x00000001 active=1 tokens=1 slot=0 position=5 frame_context=0xffffcf503c18
cuda_residentd_submit_result_error rank=10 submit_work_failed status=15
resident_stage_execute_reject step=input_transport status=15 slot=0 flags=0x00000001
production_runner_submit_failed status=15 frame_flags=0x00000001 active=1 tokens=1 slot=0 position=5 frame_context=0xffffcf503c18
cuda_residentd_submit_result_error rank=10 submit_work_failed status=15
resident_stage_execute_reject step=input_transport status=15 slot=0 flags=0x00000001
production_runner_submit_failed status=15 frame_flags=0x00000001 active=1 tokens=1 slot=0 position=5 frame_context=0xffffcf503c18
cuda_residentd_submit_result_error rank=10 submit_work_failed status=15
resident_stage_execute_reject step=input_transport status=15 slot=0 flags=0x00000001
production_runner_submit_failed status=15 frame_flags=0x00000001 active=1 tokens=1 slot=0 position=5 frame_context=0xffffcf503c18
cuda_residentd_submit_result_error rank=10 submit_work_failed status=15
resident_stage_execute_reject step=input_transport status=15 slot=0 flags=0x00000001
production_runner_submit_failed status=15 frame_flags=0x00000001 active=1 tokens=1 slot=0 position=5 frame_context=0xffffcf503c18
cuda_residentd_submit_result_error rank=10 submit_work_failed status=15
resident_stage_execute_reject step=input_transport status=15 slot=0 flags=0x00000001
production_runner_submit_failed status=15 frame_flags=0x00000001 active=1 tokens=1 slot=0 position=5 frame_context=0xffffcf503c18
cuda_residentd_submit_result_error rank=10 submit_work_failed status=15
resident_stage_execute_reject step=input_transport status=15 slot=0 flags=0x00000001
production_runner_submit_failed status=15 frame_flags=0x00000001 active=1 tokens=1 slot=0 position=5 frame_context=0xffffcf503c18
cuda_residentd_submit_result_error rank=10 submit_work_failed status=15
resident_stage_execute_reject step=input_transport status=15 slot=0 flags=0x00000001
production_runner_submit_failed status=15 frame_flags=0x00000001 active=1 tokens=1 slot=0 position=5 frame_context=0xffffcf503c18
cuda_residentd_submit_result_error rank=10 submit_work_failed status=15
resident_stage_execute_reject step=input_transport status=15 slot=0 flags=0x00000001
production_runner_submit_failed status=15 frame_flags=0x00000001 active=1 tokens=1 slot=0 position=5 frame_context=0xffffcf503c18
cuda_residentd_submit_result_error rank=10 submit_work_failed status=15
resident_stage_execute_reject step=input_transport status=15 slot=0 flags=0x00000001
production_runner_submit_failed status=15 frame_flags=0x00000001 active=1 tokens=1 slot=0 position=5 frame_context=0xffffcf503c18
cuda_residentd_submit_result_error rank=10 submit_work_failed status=15
resident_stage_execute_reject step=input_transport status=15 slot=0 flags=0x00000001
production_runner_submit_failed status=15 frame_flags=0x00000001 active=1 tokens=1 slot=0 position=5 frame_context=0xffffcf503c18
cuda_residentd_submit_result_error rank=10 submit_work_failed status=15
resident_stage_execute_reject step=input_transport status=15 slot=0 flags=0x00000001
production_runner_submit_failed status=15 frame_flags=0x00000001 active=1 tokens=1 slot=0 position=5 frame_context=0xffffcf503c18
cuda_residentd_submit_result_error rank=10 submit_work_failed status=15
resident_stage_execute_reject step=input_transport status=15 slot=0 flags=0x00000001
production_runner_submit_failed status=15 frame_flags=0x00000001 active=1 tokens=1 slot=0 position=5 frame_context=0xffffcf503c18
cuda_residentd_submit_result_error rank=10 submit_work_failed status=15
resident_stage_execute_reject step=input_transport status=15 slot=0 flags=0x00000001
production_runner_submit_failed status=15 frame_flags=0x00000001 active=1 tokens=1 slot=0 position=5 frame_context=0xffffcf503c18
cuda_residentd_submit_result_error rank=10 submit_work_failed status=15
resident_stage_execute_reject step=input_transport status=15 slot=0 flags=0x00000001
production_runner_submit_failed status=15 frame_flags=0x00000001 active=1 tokens=1 slot=0 position=5 frame_context=0xffffcf503c18
cuda_residentd_submit_result_error rank=10 submit_work_failed status=15
resident_stage_execute_reject step=input_transport status=15 slot=0 flags=0x00000001
production_runner_submit_failed status=15 frame_flags=0x00000001 active=1 tokens=1 slot=0 position=5 frame_context=0xffffcf503c18
cuda_residentd_submit_result_error rank=10 submit_work_failed status=15
resident_stage_execute_reject step=input_transport status=15 slot=0 flags=0x00000001
production_runner_submit_failed status=15 frame_flags=0x00000001 active=1 tokens=1 slot=0 position=5 frame_context=0xffffcf503c18
cuda_residentd_submit_result_error rank=10 submit_work_failed status=15
resident_stage_execute_reject step=input_transport status=15 slot=0 flags=0x00000001
production_runner_submit_failed status=15 frame_flags=0x00000001 active=1 tokens=1 slot=0 position=5 frame_context=0xffffcf503c18
cuda_residentd_submit_result_error rank=10 submit_work_failed status=15
resident_stage_execute_reject step=input_transport status=15 slot=0 flags=0x00000001
production_runner_submit_failed status=15 frame_flags=0x00000001 active=1 tokens=1 slot=0 position=5 frame_context=0xffffcf503c18
cuda_residentd_submit_result_error rank=10 submit_work_failed status=15
resident_stage_execute_reject step=input_transport status=15 slot=0 flags=0x00000001
production_runner_submit_failed status=15 frame_flags=0x00000001 active=1 tokens=1 slot=0 position=5 frame_context=0xffffcf503c18
cuda_residentd_submit_result_error rank=10 submit_work_failed status=15
resident_stage_execute_reject step=input_transport status=15 slot=0 flags=0x00000001
production_runner_submit_failed status=15 frame_flags=0x00000001 active=1 tokens=1 slot=0 position=5 frame_context=0xffffcf503c18
cuda_residentd_submit_result_error rank=10 submit_work_failed status=15
tcp_frame_delivered seq=1 pos=5 active=1 sk=1 sb=8192
hidden_tcp_deliver seq=1 token=5 active=1 sideband_kind=1 hidden_hash=4e16fcda4a4615f9 sideband_hash=39de1a4aecff4abc hidden_bytes=12288 sideband_bytes=8192
stage_prepare_output_hidden slot=0 active=1 session=0xc450f7468f40 bytes=12288 device=0xef28ff600000
stage_finish_submit graph_capture=1 signature=3768720660442760701 completion=(nil) function=(nil)
stage_complete_send sequence=1 position=5 slot=0 session=0xc450f7468f40 bytes=12288
hidden_tcp_send_header seq=1 token=5 active=1 sideband_kind=0 sideband_bps=0 hidden_hash=f1d470253441a7ff sideband_hash=0000000000000000 hidden_bytes=12288 sideband_bytes=0 total=12328
stage_complete_send_status status=0 sequence=1 position=5
