glm52_cuda_residentd=1
rank=8
host=10.10.100.18
socket=/home/spark8/sparkpipe_state/cuda_resident_rank8.sock
stage=48:6
fp8_pack_root=/home/spark8/models/sparkpipe/glm52_fp8_pp13_stage_payload_v1
transport_so=/home/spark8/sparkpipe_runtime/lib/libhidden_transport_tcp_cuda.so
driver_so=/home/spark8/sparkpipe_runtime/lib/model_driver.so
node_context_builder_so=/home/spark8/sparkpipe_runtime/lib/libglm52_pp13_node_context_builder.so
state=ready
tcp_send_connected fd=37 sink=10.10.100.19
tcp_recv_accept fd=35
resident_stage_execute_reject step=input_transport status=15 slot=0 flags=0x00000003
production_runner_submit_failed status=15 frame_flags=0x00000003 active=1 tokens=1 slot=0 position=0 frame_context=0xffffe0434628
cuda_residentd_submit_result_error rank=8 submit_work_failed status=15
resident_stage_execute_reject step=input_transport status=15 slot=0 flags=0x00000003
production_runner_submit_failed status=15 frame_flags=0x00000003 active=1 tokens=1 slot=0 position=0 frame_context=0xffffe0434628
cuda_residentd_submit_result_error rank=8 submit_work_failed status=15
resident_stage_execute_reject step=input_transport status=15 slot=0 flags=0x00000003
production_runner_submit_failed status=15 frame_flags=0x00000003 active=1 tokens=1 slot=0 position=0 frame_context=0xffffe0434628
cuda_residentd_submit_result_error rank=8 submit_work_failed status=15
resident_stage_execute_reject step=input_transport status=15 slot=0 flags=0x00000003
production_runner_submit_failed status=15 frame_flags=0x00000003 active=1 tokens=1 slot=0 position=0 frame_context=0xffffe0434628
cuda_residentd_submit_result_error rank=8 submit_work_failed status=15
resident_stage_execute_reject step=input_transport status=15 slot=0 flags=0x00000003
production_runner_submit_failed status=15 frame_flags=0x00000003 active=1 tokens=1 slot=0 position=0 frame_context=0xffffe0434628
cuda_residentd_submit_result_error rank=8 submit_work_failed status=15
resident_stage_execute_reject step=input_transport status=15 slot=0 flags=0x00000003
production_runner_submit_failed status=15 frame_flags=0x00000003 active=1 tokens=1 slot=0 position=0 frame_context=0xffffe0434628
cuda_residentd_submit_result_error rank=8 submit_work_failed status=15
resident_stage_execute_reject step=input_transport status=15 slot=0 flags=0x00000003
production_runner_submit_failed status=15 frame_flags=0x00000003 active=1 tokens=1 slot=0 position=0 frame_context=0xffffe0434628
cuda_residentd_submit_result_error rank=8 submit_work_failed status=15
resident_stage_execute_reject step=input_transport status=15 slot=0 flags=0x00000003
production_runner_submit_failed status=15 frame_flags=0x00000003 active=1 tokens=1 slot=0 position=0 frame_context=0xffffe0434628
cuda_residentd_submit_result_error rank=8 submit_work_failed status=15
resident_stage_execute_reject step=input_transport status=15 slot=0 flags=0x00000003
production_runner_submit_failed status=15 frame_flags=0x00000003 active=1 tokens=1 slot=0 position=0 frame_context=0xffffe0434628
cuda_residentd_submit_result_error rank=8 submit_work_failed status=15
resident_stage_execute_reject step=input_transport status=15 slot=0 flags=0x00000003
production_runner_submit_failed status=15 frame_flags=0x00000003 active=1 tokens=1 slot=0 position=0 frame_context=0xffffe0434628
cuda_residentd_submit_result_error rank=8 submit_work_failed status=15
resident_stage_execute_reject step=input_transport status=15 slot=0 flags=0x00000003
production_runner_submit_failed status=15 frame_flags=0x00000003 active=1 tokens=1 slot=0 position=0 frame_context=0xffffe0434628
cuda_residentd_submit_result_error rank=8 submit_work_failed status=15
resident_stage_execute_reject step=input_transport status=15 slot=0 flags=0x00000003
production_runner_submit_failed status=15 frame_flags=0x00000003 active=1 tokens=1 slot=0 position=0 frame_context=0xffffe0434628
cuda_residentd_submit_result_error rank=8 submit_work_failed status=15
resident_stage_execute_reject step=input_transport status=15 slot=0 flags=0x00000003
production_runner_submit_failed status=15 frame_flags=0x00000003 active=1 tokens=1 slot=0 position=0 frame_context=0xffffe0434628
cuda_residentd_submit_result_error rank=8 submit_work_failed status=15
resident_stage_execute_reject step=input_transport status=15 slot=0 flags=0x00000003
production_runner_submit_failed status=15 frame_flags=0x00000003 active=1 tokens=1 slot=0 position=0 frame_context=0xffffe0434628
cuda_residentd_submit_result_error rank=8 submit_work_failed status=15
resident_stage_execute_reject step=input_transport status=15 slot=0 flags=0x00000003
production_runner_submit_failed status=15 frame_flags=0x00000003 active=1 tokens=1 slot=0 position=0 frame_context=0xffffe0434628
cuda_residentd_submit_result_error rank=8 submit_work_failed status=15
resident_stage_execute_reject step=input_transport status=15 slot=0 flags=0x00000003
production_runner_submit_failed status=15 frame_flags=0x00000003 active=1 tokens=1 slot=0 position=0 frame_context=0xffffe0434628
cuda_residentd_submit_result_error rank=8 submit_work_failed status=15
resident_stage_execute_reject step=input_transport status=15 slot=0 flags=0x00000003
production_runner_submit_failed status=15 frame_flags=0x00000003 active=1 tokens=1 slot=0 position=0 frame_context=0xffffe0434628
cuda_residentd_submit_result_error rank=8 submit_work_failed status=15
resident_stage_execute_reject step=input_transport status=15 slot=0 flags=0x00000003
production_runner_submit_failed status=15 frame_flags=0x00000003 active=1 tokens=1 slot=0 position=0 frame_context=0xffffe0434628
cuda_residentd_submit_result_error rank=8 submit_work_failed status=15
resident_stage_execute_reject step=input_transport status=15 slot=0 flags=0x00000003
production_runner_submit_failed status=15 frame_flags=0x00000003 active=1 tokens=1 slot=0 position=0 frame_context=0xffffe0434628
cuda_residentd_submit_result_error rank=8 submit_work_failed status=15
resident_stage_execute_reject step=input_transport status=15 slot=0 flags=0x00000003
production_runner_submit_failed status=15 frame_flags=0x00000003 active=1 tokens=1 slot=0 position=0 frame_context=0xffffe0434628
cuda_residentd_submit_result_error rank=8 submit_work_failed status=15
resident_stage_execute_reject step=input_transport status=15 slot=0 flags=0x00000003
production_runner_submit_failed status=15 frame_flags=0x00000003 active=1 tokens=1 slot=0 position=0 frame_context=0xffffe0434628
cuda_residentd_submit_result_error rank=8 submit_work_failed status=15
resident_stage_execute_reject step=input_transport status=15 slot=0 flags=0x00000003
production_runner_submit_failed status=15 frame_flags=0x00000003 active=1 tokens=1 slot=0 position=0 frame_context=0xffffe0434628
cuda_residentd_submit_result_error rank=8 submit_work_failed status=15
resident_stage_execute_reject step=input_transport status=15 slot=0 flags=0x00000003
production_runner_submit_failed status=15 frame_flags=0x00000003 active=1 tokens=1 slot=0 position=0 frame_context=0xffffe0434628
cuda_residentd_submit_result_error rank=8 submit_work_failed status=15
resident_stage_execute_reject step=input_transport status=15 slot=0 flags=0x00000003
production_runner_submit_failed status=15 frame_flags=0x00000003 active=1 tokens=1 slot=0 position=0 frame_context=0xffffe0434628
cuda_residentd_submit_result_error rank=8 submit_work_failed status=15
resident_stage_execute_reject step=input_transport status=15 slot=0 flags=0x00000003
production_runner_submit_failed status=15 frame_flags=0x00000003 active=1 tokens=1 slot=0 position=0 frame_context=0xffffe0434628
cuda_residentd_submit_result_error rank=8 submit_work_failed status=15
resident_stage_execute_reject step=input_transport status=15 slot=0 flags=0x00000003
production_runner_submit_failed status=15 frame_flags=0x00000003 active=1 tokens=1 slot=0 position=0 frame_context=0xffffe0434628
cuda_residentd_submit_result_error rank=8 submit_work_failed status=15
resident_stage_execute_reject step=input_transport status=15 slot=0 flags=0x00000003
production_runner_submit_failed status=15 frame_flags=0x00000003 active=1 tokens=1 slot=0 position=0 frame_context=0xffffe0434628
cuda_residentd_submit_result_error rank=8 submit_work_failed status=15
resident_stage_execute_reject step=input_transport status=15 slot=0 flags=0x00000003
production_runner_submit_failed status=15 frame_flags=0x00000003 active=1 tokens=1 slot=0 position=0 frame_context=0xffffe0434628
cuda_residentd_submit_result_error rank=8 submit_work_failed status=15
resident_stage_execute_reject step=input_transport status=15 slot=0 flags=0x00000003
production_runner_submit_failed status=15 frame_flags=0x00000003 active=1 tokens=1 slot=0 position=0 frame_context=0xffffe0434628
cuda_residentd_submit_result_error rank=8 submit_work_failed status=15
resident_stage_execute_reject step=input_transport status=15 slot=0 flags=0x00000003
production_runner_submit_failed status=15 frame_flags=0x00000003 active=1 tokens=1 slot=0 position=0 frame_context=0xffffe0434628
cuda_residentd_submit_result_error rank=8 submit_work_failed status=15
resident_stage_execute_reject step=input_transport status=15 slot=0 flags=0x00000003
production_runner_submit_failed status=15 frame_flags=0x00000003 active=1 tokens=1 slot=0 position=0 frame_context=0xffffe0434628
cuda_residentd_submit_result_error rank=8 submit_work_failed status=15
resident_stage_execute_reject step=input_transport status=15 slot=0 flags=0x00000003
production_runner_submit_failed status=15 frame_flags=0x00000003 active=1 tokens=1 slot=0 position=0 frame_context=0xffffe0434628
cuda_residentd_submit_result_error rank=8 submit_work_failed status=15
resident_stage_execute_reject step=input_transport status=15 slot=0 flags=0x00000003
production_runner_submit_failed status=15 frame_flags=0x00000003 active=1 tokens=1 slot=0 position=0 frame_context=0xffffe0434628
cuda_residentd_submit_result_error rank=8 submit_work_failed status=15
resident_stage_execute_reject step=input_transport status=15 slot=0 flags=0x00000003
production_runner_submit_failed status=15 frame_flags=0x00000003 active=1 tokens=1 slot=0 position=0 frame_context=0xffffe0434628
cuda_residentd_submit_result_error rank=8 submit_work_failed status=15
resident_stage_execute_reject step=input_transport status=15 slot=0 flags=0x00000003
production_runner_submit_failed status=15 frame_flags=0x00000003 active=1 tokens=1 slot=0 position=0 frame_context=0xffffe0434628
cuda_residentd_submit_result_error rank=8 submit_work_failed status=15
resident_stage_execute_reject step=input_transport status=15 slot=0 flags=0x00000003
production_runner_submit_failed status=15 frame_flags=0x00000003 active=1 tokens=1 slot=0 position=0 frame_context=0xffffe0434628
cuda_residentd_submit_result_error rank=8 submit_work_failed status=15
resident_stage_execute_reject step=input_transport status=15 slot=0 flags=0x00000003
production_runner_submit_failed status=15 frame_flags=0x00000003 active=1 tokens=1 slot=0 position=1 frame_context=0xffffe0434628
cuda_residentd_submit_result_error rank=8 submit_work_failed status=15
resident_stage_execute_reject step=input_transport status=15 slot=0 flags=0x00000003
production_runner_submit_failed status=15 frame_flags=0x00000003 active=1 tokens=1 slot=0 position=0 frame_context=0xffffe0434628
cuda_residentd_submit_result_error rank=8 submit_work_failed status=15
resident_stage_execute_reject step=input_transport status=15 slot=0 flags=0x00000003
production_runner_submit_failed status=15 frame_flags=0x00000003 active=1 tokens=1 slot=0 position=1 frame_context=0xffffe0434628
cuda_residentd_submit_result_error rank=8 submit_work_failed status=15
resident_stage_execute_reject step=input_transport status=15 slot=0 flags=0x00000003
production_runner_submit_failed status=15 frame_flags=0x00000003 active=1 tokens=1 slot=0 position=0 frame_context=0xffffe0434628
cuda_residentd_submit_result_error rank=8 submit_work_failed status=15
resident_stage_execute_reject step=input_transport status=15 slot=0 flags=0x00000003
production_runner_submit_failed status=15 frame_flags=0x00000003 active=1 tokens=1 slot=0 position=1 frame_context=0xffffe0434628
cuda_residentd_submit_result_error rank=8 submit_work_failed status=15
resident_stage_execute_reject step=input_transport status=15 slot=0 flags=0x00000003
production_runner_submit_failed status=15 frame_flags=0x00000003 active=1 tokens=1 slot=0 position=0 frame_context=0xffffe0434628
cuda_residentd_submit_result_error rank=8 submit_work_failed status=15
resident_stage_execute_reject step=input_transport status=15 slot=0 flags=0x00000003
production_runner_submit_failed status=15 frame_flags=0x00000003 active=1 tokens=1 slot=0 position=1 frame_context=0xffffe0434628
cuda_residentd_submit_result_error rank=8 submit_work_failed status=15
resident_stage_execute_reject step=input_transport status=15 slot=0 flags=0x00000003
production_runner_submit_failed status=15 frame_flags=0x00000003 active=1 tokens=1 slot=0 position=0 frame_context=0xffffe0434628
cuda_residentd_submit_result_error rank=8 submit_work_failed status=15
resident_stage_execute_reject step=input_transport status=15 slot=0 flags=0x00000003
production_runner_submit_failed status=15 frame_flags=0x00000003 active=1 tokens=1 slot=0 position=1 frame_context=0xffffe0434628
cuda_residentd_submit_result_error rank=8 submit_work_failed status=15
resident_stage_execute_reject step=input_transport status=15 slot=0 flags=0x00000003
production_runner_submit_failed status=15 frame_flags=0x00000003 active=1 tokens=1 slot=0 position=0 frame_context=0xffffe0434628
cuda_residentd_submit_result_error rank=8 submit_work_failed status=15
resident_stage_execute_reject step=input_transport status=15 slot=0 flags=0x00000003
production_runner_submit_failed status=15 frame_flags=0x00000003 active=1 tokens=1 slot=0 position=1 frame_context=0xffffe0434628
cuda_residentd_submit_result_error rank=8 submit_work_failed status=15
resident_stage_execute_reject step=input_transport status=15 slot=0 flags=0x00000003
production_runner_submit_failed status=15 frame_flags=0x00000003 active=1 tokens=1 slot=0 position=0 frame_context=0xffffe0434628
cuda_residentd_submit_result_error rank=8 submit_work_failed status=15
resident_stage_execute_reject step=input_transport status=15 slot=0 flags=0x00000003
production_runner_submit_failed status=15 frame_flags=0x00000003 active=1 tokens=1 slot=0 position=1 frame_context=0xffffe0434628
cuda_residentd_submit_result_error rank=8 submit_work_failed status=15
resident_stage_execute_reject step=input_transport status=15 slot=0 flags=0x00000003
production_runner_submit_failed status=15 frame_flags=0x00000003 active=1 tokens=1 slot=0 position=0 frame_context=0xffffe0434628
cuda_residentd_submit_result_error rank=8 submit_work_failed status=15
resident_stage_execute_reject step=input_transport status=15 slot=0 flags=0x00000003
production_runner_submit_failed status=15 frame_flags=0x00000003 active=1 tokens=1 slot=0 position=1 frame_context=0xffffe0434628
cuda_residentd_submit_result_error rank=8 submit_work_failed status=15
resident_stage_execute_reject step=input_transport status=15 slot=0 flags=0x00000003
production_runner_submit_failed status=15 frame_flags=0x00000003 active=1 tokens=1 slot=0 position=0 frame_context=0xffffe0434628
cuda_residentd_submit_result_error rank=8 submit_work_failed status=15
resident_stage_execute_reject step=input_transport status=15 slot=0 flags=0x00000003
production_runner_submit_failed status=15 frame_flags=0x00000003 active=1 tokens=1 slot=0 position=1 frame_context=0xffffe0434628
cuda_residentd_submit_result_error rank=8 submit_work_failed status=15
resident_stage_execute_reject step=input_transport status=15 slot=0 flags=0x00000003
production_runner_submit_failed status=15 frame_flags=0x00000003 active=1 tokens=1 slot=0 position=0 frame_context=0xffffe0434628
cuda_residentd_submit_result_error rank=8 submit_work_failed status=15
resident_stage_execute_reject step=input_transport status=15 slot=0 flags=0x00000003
production_runner_submit_failed status=15 frame_flags=0x00000003 active=1 tokens=1 slot=0 position=1 frame_context=0xffffe0434628
cuda_residentd_submit_result_error rank=8 submit_work_failed status=15
resident_stage_execute_reject step=input_transport status=15 slot=0 flags=0x00000003
production_runner_submit_failed status=15 frame_flags=0x00000003 active=1 tokens=1 slot=0 position=0 frame_context=0xffffe0434628
cuda_residentd_submit_result_error rank=8 submit_work_failed status=15
resident_stage_execute_reject step=input_transport status=15 slot=0 flags=0x00000003
production_runner_submit_failed status=15 frame_flags=0x00000003 active=1 tokens=1 slot=0 position=1 frame_context=0xffffe0434628
cuda_residentd_submit_result_error rank=8 submit_work_failed status=15
resident_stage_execute_reject step=input_transport status=15 slot=0 flags=0x00000003
production_runner_submit_failed status=15 frame_flags=0x00000003 active=1 tokens=1 slot=0 position=0 frame_context=0xffffe0434628
cuda_residentd_submit_result_error rank=8 submit_work_failed status=15
resident_stage_execute_reject step=input_transport status=15 slot=0 flags=0x00000003
production_runner_submit_failed status=15 frame_flags=0x00000003 active=1 tokens=1 slot=0 position=1 frame_context=0xffffe0434628
cuda_residentd_submit_result_error rank=8 submit_work_failed status=15
resident_stage_execute_reject step=input_transport status=15 slot=0 flags=0x00000003
production_runner_submit_failed status=15 frame_flags=0x00000003 active=1 tokens=1 slot=0 position=0 frame_context=0xffffe0434628
cuda_residentd_submit_result_error rank=8 submit_work_failed status=15
resident_stage_execute_reject step=input_transport status=15 slot=0 flags=0x00000003
production_runner_submit_failed status=15 frame_flags=0x00000003 active=1 tokens=1 slot=0 position=1 frame_context=0xffffe0434628
cuda_residentd_submit_result_error rank=8 submit_work_failed status=15
resident_stage_execute_reject step=input_transport status=15 slot=0 flags=0x00000003
production_runner_submit_failed status=15 frame_flags=0x00000003 active=1 tokens=1 slot=0 position=0 frame_context=0xffffe0434628
cuda_residentd_submit_result_error rank=8 submit_work_failed status=15
resident_stage_execute_reject step=input_transport status=15 slot=0 flags=0x00000003
production_runner_submit_failed status=15 frame_flags=0x00000003 active=1 tokens=1 slot=0 position=1 frame_context=0xffffe0434628
cuda_residentd_submit_result_error rank=8 submit_work_failed status=15
resident_stage_execute_reject step=input_transport status=15 slot=0 flags=0x00000003
production_runner_submit_failed status=15 frame_flags=0x00000003 active=1 tokens=1 slot=0 position=0 frame_context=0xffffe0434628
cuda_residentd_submit_result_error rank=8 submit_work_failed status=15
resident_stage_execute_reject step=input_transport status=15 slot=0 flags=0x00000003
production_runner_submit_failed status=15 frame_flags=0x00000003 active=1 tokens=1 slot=0 position=1 frame_context=0xffffe0434628
cuda_residentd_submit_result_error rank=8 submit_work_failed status=15
resident_stage_execute_reject step=input_transport status=15 slot=0 flags=0x00000003
production_runner_submit_failed status=15 frame_flags=0x00000003 active=1 tokens=1 slot=0 position=0 frame_context=0xffffe0434628
cuda_residentd_submit_result_error rank=8 submit_work_failed status=15
resident_stage_execute_reject step=input_transport status=15 slot=0 flags=0x00000003
production_runner_submit_failed status=15 frame_flags=0x00000003 active=1 tokens=1 slot=0 position=1 frame_context=0xffffe0434628
cuda_residentd_submit_result_error rank=8 submit_work_failed status=15
resident_stage_execute_reject step=input_transport status=15 slot=0 flags=0x00000003
production_runner_submit_failed status=15 frame_flags=0x00000003 active=1 tokens=1 slot=0 position=0 frame_context=0xffffe0434628
cuda_residentd_submit_result_error rank=8 submit_work_failed status=15
resident_stage_execute_reject step=input_transport status=15 slot=0 flags=0x00000003
production_runner_submit_failed status=15 frame_flags=0x00000003 active=1 tokens=1 slot=0 position=1 frame_context=0xffffe0434628
cuda_residentd_submit_result_error rank=8 submit_work_failed status=15
resident_stage_execute_reject step=input_transport status=15 slot=0 flags=0x00000003
production_runner_submit_failed status=15 frame_flags=0x00000003 active=1 tokens=1 slot=0 position=0 frame_context=0xffffe0434628
cuda_residentd_submit_result_error rank=8 submit_work_failed status=15
resident_stage_execute_reject step=input_transport status=15 slot=0 flags=0x00000003
production_runner_submit_failed status=15 frame_flags=0x00000003 active=1 tokens=1 slot=0 position=1 frame_context=0xffffe0434628
cuda_residentd_submit_result_error rank=8 submit_work_failed status=15
resident_stage_execute_reject step=input_transport status=15 slot=0 flags=0x00000003
production_runner_submit_failed status=15 frame_flags=0x00000003 active=1 tokens=1 slot=0 position=0 frame_context=0xffffe0434628
cuda_residentd_submit_result_error rank=8 submit_work_failed status=15
resident_stage_execute_reject step=input_transport status=15 slot=0 flags=0x00000003
production_runner_submit_failed status=15 frame_flags=0x00000003 active=1 tokens=1 slot=0 position=1 frame_context=0xffffe0434628
cuda_residentd_submit_result_error rank=8 submit_work_failed status=15
resident_stage_execute_reject step=input_transport status=15 slot=0 flags=0x00000003
production_runner_submit_failed status=15 frame_flags=0x00000003 active=1 tokens=1 slot=0 position=0 frame_context=0xffffe0434628
cuda_residentd_submit_result_error rank=8 submit_work_failed status=15
resident_stage_execute_reject step=input_transport status=15 slot=0 flags=0x00000003
production_runner_submit_failed status=15 frame_flags=0x00000003 active=1 tokens=1 slot=0 position=1 frame_context=0xffffe0434628
cuda_residentd_submit_result_error rank=8 submit_work_failed status=15
resident_stage_execute_reject step=input_transport status=15 slot=0 flags=0x00000003
production_runner_submit_failed status=15 frame_flags=0x00000003 active=1 tokens=1 slot=0 position=0 frame_context=0xffffe0434628
cuda_residentd_submit_result_error rank=8 submit_work_failed status=15
resident_stage_execute_reject step=input_transport status=15 slot=0 flags=0x00000003
production_runner_submit_failed status=15 frame_flags=0x00000003 active=1 tokens=1 slot=0 position=1 frame_context=0xffffe0434628
cuda_residentd_submit_result_error rank=8 submit_work_failed status=15
resident_stage_execute_reject step=input_transport status=15 slot=0 flags=0x00000003
production_runner_submit_failed status=15 frame_flags=0x00000003 active=1 tokens=1 slot=0 position=0 frame_context=0xffffe0434628
cuda_residentd_submit_result_error rank=8 submit_work_failed status=15
resident_stage_execute_reject step=input_transport status=15 slot=0 flags=0x00000003
production_runner_submit_failed status=15 frame_flags=0x00000003 active=1 tokens=1 slot=0 position=1 frame_context=0xffffe0434628
cuda_residentd_submit_result_error rank=8 submit_work_failed status=15
resident_stage_execute_reject step=input_transport status=15 slot=0 flags=0x00000003
production_runner_submit_failed status=15 frame_flags=0x00000003 active=1 tokens=1 slot=0 position=0 frame_context=0xffffe0434628
cuda_residentd_submit_result_error rank=8 submit_work_failed status=15
resident_stage_execute_reject step=input_transport status=15 slot=0 flags=0x00000003
production_runner_submit_failed status=15 frame_flags=0x00000003 active=1 tokens=1 slot=0 position=1 frame_context=0xffffe0434628
cuda_residentd_submit_result_error rank=8 submit_work_failed status=15
resident_stage_execute_reject step=input_transport status=15 slot=0 flags=0x00000003
production_runner_submit_failed status=15 frame_flags=0x00000003 active=1 tokens=1 slot=0 position=0 frame_context=0xffffe0434628
cuda_residentd_submit_result_error rank=8 submit_work_failed status=15
resident_stage_execute_reject step=input_transport status=15 slot=0 flags=0x00000003
production_runner_submit_failed status=15 frame_flags=0x00000003 active=1 tokens=1 slot=0 position=1 frame_context=0xffffe0434628
cuda_residentd_submit_result_error rank=8 submit_work_failed status=15
resident_stage_execute_reject step=input_transport status=15 slot=0 flags=0x00000003
production_runner_submit_failed status=15 frame_flags=0x00000003 active=1 tokens=1 slot=0 position=0 frame_context=0xffffe0434628
cuda_residentd_submit_result_error rank=8 submit_work_failed status=15
resident_stage_execute_reject step=input_transport status=15 slot=0 flags=0x00000003
production_runner_submit_failed status=15 frame_flags=0x00000003 active=1 tokens=1 slot=0 position=1 frame_context=0xffffe0434628
cuda_residentd_submit_result_error rank=8 submit_work_failed status=15
resident_stage_execute_reject step=input_transport status=15 slot=0 flags=0x00000003
production_runner_submit_failed status=15 frame_flags=0x00000003 active=1 tokens=1 slot=0 position=0 frame_context=0xffffe0434628
cuda_residentd_submit_result_error rank=8 submit_work_failed status=15
resident_stage_execute_reject step=input_transport status=15 slot=0 flags=0x00000003
production_runner_submit_failed status=15 frame_flags=0x00000003 active=1 tokens=1 slot=0 position=1 frame_context=0xffffe0434628
cuda_residentd_submit_result_error rank=8 submit_work_failed status=15
resident_stage_execute_reject step=input_transport status=15 slot=0 flags=0x00000003
production_runner_submit_failed status=15 frame_flags=0x00000003 active=1 tokens=1 slot=0 position=0 frame_context=0xffffe0434628
cuda_residentd_submit_result_error rank=8 submit_work_failed status=15
resident_stage_execute_reject step=input_transport status=15 slot=0 flags=0x00000003
production_runner_submit_failed status=15 frame_flags=0x00000003 active=1 tokens=1 slot=0 position=1 frame_context=0xffffe0434628
cuda_residentd_submit_result_error rank=8 submit_work_failed status=15
resident_stage_execute_reject step=input_transport status=15 slot=0 flags=0x00000003
production_runner_submit_failed status=15 frame_flags=0x00000003 active=1 tokens=1 slot=0 position=0 frame_context=0xffffe0434628
cuda_residentd_submit_result_error rank=8 submit_work_failed status=15
resident_stage_execute_reject step=input_transport status=15 slot=0 flags=0x00000003
production_runner_submit_failed status=15 frame_flags=0x00000003 active=1 tokens=1 slot=0 position=1 frame_context=0xffffe0434628
cuda_residentd_submit_result_error rank=8 submit_work_failed status=15
resident_stage_execute_reject step=input_transport status=15 slot=0 flags=0x00000003
production_runner_submit_failed status=15 frame_flags=0x00000003 active=1 tokens=1 slot=0 position=0 frame_context=0xffffe0434628
cuda_residentd_submit_result_error rank=8 submit_work_failed status=15
resident_stage_execute_reject step=input_transport status=15 slot=0 flags=0x00000003
production_runner_submit_failed status=15 frame_flags=0x00000003 active=1 tokens=1 slot=0 position=1 frame_context=0xffffe0434628
cuda_residentd_submit_result_error rank=8 submit_work_failed status=15
resident_stage_execute_reject step=input_transport status=15 slot=0 flags=0x00000003
production_runner_submit_failed status=15 frame_flags=0x00000003 active=1 tokens=1 slot=0 position=0 frame_context=0xffffe0434628
cuda_residentd_submit_result_error rank=8 submit_work_failed status=15
resident_stage_execute_reject step=input_transport status=15 slot=0 flags=0x00000003
production_runner_submit_failed status=15 frame_flags=0x00000003 active=1 tokens=1 slot=0 position=1 frame_context=0xffffe0434628
cuda_residentd_submit_result_error rank=8 submit_work_failed status=15
resident_stage_execute_reject step=input_transport status=15 slot=0 flags=0x00000003
production_runner_submit_failed status=15 frame_flags=0x00000003 active=1 tokens=1 slot=0 position=0 frame_context=0xffffe0434628
cuda_residentd_submit_result_error rank=8 submit_work_failed status=15
resident_stage_execute_reject step=input_transport status=15 slot=0 flags=0x00000003
production_runner_submit_failed status=15 frame_flags=0x00000003 active=1 tokens=1 slot=0 position=1 frame_context=0xffffe0434628
cuda_residentd_submit_result_error rank=8 submit_work_failed status=15
resident_stage_execute_reject step=input_transport status=15 slot=0 flags=0x00000003
production_runner_submit_failed status=15 frame_flags=0x00000003 active=1 tokens=1 slot=0 position=0 frame_context=0xffffe0434628
cuda_residentd_submit_result_error rank=8 submit_work_failed status=15
resident_stage_execute_reject step=input_transport status=15 slot=0 flags=0x00000003
production_runner_submit_failed status=15 frame_flags=0x00000003 active=1 tokens=1 slot=0 position=1 frame_context=0xffffe0434628
cuda_residentd_submit_result_error rank=8 submit_work_failed status=15
resident_stage_execute_reject step=input_transport status=15 slot=0 flags=0x00000003
production_runner_submit_failed status=15 frame_flags=0x00000003 active=1 tokens=1 slot=0 position=0 frame_context=0xffffe0434628
cuda_residentd_submit_result_error rank=8 submit_work_failed status=15
resident_stage_execute_reject step=input_transport status=15 slot=0 flags=0x00000003
production_runner_submit_failed status=15 frame_flags=0x00000003 active=1 tokens=1 slot=0 position=1 frame_context=0xffffe0434628
cuda_residentd_submit_result_error rank=8 submit_work_failed status=15
resident_stage_execute_reject step=input_transport status=15 slot=0 flags=0x00000003
production_runner_submit_failed status=15 frame_flags=0x00000003 active=1 tokens=1 slot=0 position=0 frame_context=0xffffe0434628
cuda_residentd_submit_result_error rank=8 submit_work_failed status=15
resident_stage_execute_reject step=input_transport status=15 slot=0 flags=0x00000003
production_runner_submit_failed status=15 frame_flags=0x00000003 active=1 tokens=1 slot=0 position=1 frame_context=0xffffe0434628
cuda_residentd_submit_result_error rank=8 submit_work_failed status=15
resident_stage_execute_reject step=input_transport status=15 slot=0 flags=0x00000003
production_runner_submit_failed status=15 frame_flags=0x00000003 active=1 tokens=1 slot=0 position=0 frame_context=0xffffe0434628
cuda_residentd_submit_result_error rank=8 submit_work_failed status=15
resident_stage_execute_reject step=input_transport status=15 slot=0 flags=0x00000003
production_runner_submit_failed status=15 frame_flags=0x00000003 active=1 tokens=1 slot=0 position=1 frame_context=0xffffe0434628
cuda_residentd_submit_result_error rank=8 submit_work_failed status=15
resident_stage_execute_reject step=input_transport status=15 slot=0 flags=0x00000003
production_runner_submit_failed status=15 frame_flags=0x00000003 active=1 tokens=1 slot=0 position=0 frame_context=0xffffe0434628
cuda_residentd_submit_result_error rank=8 submit_work_failed status=15
resident_stage_execute_reject step=input_transport status=15 slot=0 flags=0x00000003
production_runner_submit_failed status=15 frame_flags=0x00000003 active=1 tokens=1 slot=0 position=1 frame_context=0xffffe0434628
cuda_residentd_submit_result_error rank=8 submit_work_failed status=15
resident_stage_execute_reject step=input_transport status=15 slot=0 flags=0x00000003
production_runner_submit_failed status=15 frame_flags=0x00000003 active=1 tokens=1 slot=0 position=0 frame_context=0xffffe0434628
cuda_residentd_submit_result_error rank=8 submit_work_failed status=15
resident_stage_execute_reject step=input_transport status=15 slot=0 flags=0x00000003
production_runner_submit_failed status=15 frame_flags=0x00000003 active=1 tokens=1 slot=0 position=1 frame_context=0xffffe0434628
cuda_residentd_submit_result_error rank=8 submit_work_failed status=15
resident_stage_execute_reject step=input_transport status=15 slot=0 flags=0x00000003
production_runner_submit_failed status=15 frame_flags=0x00000003 active=1 tokens=1 slot=0 position=0 frame_context=0xffffe0434628
cuda_residentd_submit_result_error rank=8 submit_work_failed status=15
resident_stage_execute_reject step=input_transport status=15 slot=0 flags=0x00000003
production_runner_submit_failed status=15 frame_flags=0x00000003 active=1 tokens=1 slot=0 position=1 frame_context=0xffffe0434628
cuda_residentd_submit_result_error rank=8 submit_work_failed status=15
resident_stage_execute_reject step=input_transport status=15 slot=0 flags=0x00000003
production_runner_submit_failed status=15 frame_flags=0x00000003 active=1 tokens=1 slot=0 position=0 frame_context=0xffffe0434628
cuda_residentd_submit_result_error rank=8 submit_work_failed status=15
resident_stage_execute_reject step=input_transport status=15 slot=0 flags=0x00000003
production_runner_submit_failed status=15 frame_flags=0x00000003 active=1 tokens=1 slot=0 position=1 frame_context=0xffffe0434628
cuda_residentd_submit_result_error rank=8 submit_work_failed status=15
resident_stage_execute_reject step=input_transport status=15 slot=0 flags=0x00000003
production_runner_submit_failed status=15 frame_flags=0x00000003 active=1 tokens=1 slot=0 position=0 frame_context=0xffffe0434628
cuda_residentd_submit_result_error rank=8 submit_work_failed status=15
resident_stage_execute_reject step=input_transport status=15 slot=0 flags=0x00000003
production_runner_submit_failed status=15 frame_flags=0x00000003 active=1 tokens=1 slot=0 position=1 frame_context=0xffffe0434628
cuda_residentd_submit_result_error rank=8 submit_work_failed status=15
resident_stage_execute_reject step=input_transport status=15 slot=0 flags=0x00000003
production_runner_submit_failed status=15 frame_flags=0x00000003 active=1 tokens=1 slot=0 position=0 frame_context=0xffffe0434628
cuda_residentd_submit_result_error rank=8 submit_work_failed status=15
resident_stage_execute_reject step=input_transport status=15 slot=0 flags=0x00000003
production_runner_submit_failed status=15 frame_flags=0x00000003 active=1 tokens=1 slot=0 position=1 frame_context=0xffffe0434628
cuda_residentd_submit_result_error rank=8 submit_work_failed status=15
resident_stage_execute_reject step=input_transport status=15 slot=0 flags=0x00000003
production_runner_submit_failed status=15 frame_flags=0x00000003 active=1 tokens=1 slot=0 position=0 frame_context=0xffffe0434628
cuda_residentd_submit_result_error rank=8 submit_work_failed status=15
resident_stage_execute_reject step=input_transport status=15 slot=0 flags=0x00000003
production_runner_submit_failed status=15 frame_flags=0x00000003 active=1 tokens=1 slot=0 position=1 frame_context=0xffffe0434628
cuda_residentd_submit_result_error rank=8 submit_work_failed status=15
resident_stage_execute_reject step=input_transport status=15 slot=0 flags=0x00000003
production_runner_submit_failed status=15 frame_flags=0x00000003 active=1 tokens=1 slot=0 position=0 frame_context=0xffffe0434628
cuda_residentd_submit_result_error rank=8 submit_work_failed status=15
resident_stage_execute_reject step=input_transport status=15 slot=0 flags=0x00000003
production_runner_submit_failed status=15 frame_flags=0x00000003 active=1 tokens=1 slot=0 position=1 frame_context=0xffffe0434628
cuda_residentd_submit_result_error rank=8 submit_work_failed status=15
resident_stage_execute_reject step=input_transport status=15 slot=0 flags=0x00000003
production_runner_submit_failed status=15 frame_flags=0x00000003 active=1 tokens=1 slot=0 position=0 frame_context=0xffffe0434628
cuda_residentd_submit_result_error rank=8 submit_work_failed status=15
resident_stage_execute_reject step=input_transport status=15 slot=0 flags=0x00000003
production_runner_submit_failed status=15 frame_flags=0x00000003 active=1 tokens=1 slot=0 position=1 frame_context=0xffffe0434628
cuda_residentd_submit_result_error rank=8 submit_work_failed status=15
resident_stage_execute_reject step=input_transport status=15 slot=0 flags=0x00000003
production_runner_submit_failed status=15 frame_flags=0x00000003 active=1 tokens=1 slot=0 position=0 frame_context=0xffffe0434628
cuda_residentd_submit_result_error rank=8 submit_work_failed status=15
resident_stage_execute_reject step=input_transport status=15 slot=0 flags=0x00000003
production_runner_submit_failed status=15 frame_flags=0x00000003 active=1 tokens=1 slot=0 position=1 frame_context=0xffffe0434628
cuda_residentd_submit_result_error rank=8 submit_work_failed status=15
resident_stage_execute_reject step=input_transport status=15 slot=0 flags=0x00000003
production_runner_submit_failed status=15 frame_flags=0x00000003 active=1 tokens=1 slot=0 position=0 frame_context=0xffffe0434628
cuda_residentd_submit_result_error rank=8 submit_work_failed status=15
resident_stage_execute_reject step=input_transport status=15 slot=0 flags=0x00000003
production_runner_submit_failed status=15 frame_flags=0x00000003 active=1 tokens=1 slot=0 position=1 frame_context=0xffffe0434628
cuda_residentd_submit_result_error rank=8 submit_work_failed status=15
resident_stage_execute_reject step=input_transport status=15 slot=0 flags=0x00000003
production_runner_submit_failed status=15 frame_flags=0x00000003 active=1 tokens=1 slot=0 position=0 frame_context=0xffffe0434628
cuda_residentd_submit_result_error rank=8 submit_work_failed status=15
resident_stage_execute_reject step=input_transport status=15 slot=0 flags=0x00000003
production_runner_submit_failed status=15 frame_flags=0x00000003 active=1 tokens=1 slot=0 position=1 frame_context=0xffffe0434628
cuda_residentd_submit_result_error rank=8 submit_work_failed status=15
resident_stage_execute_reject step=input_transport status=15 slot=0 flags=0x00000003
production_runner_submit_failed status=15 frame_flags=0x00000003 active=1 tokens=1 slot=0 position=0 frame_context=0xffffe0434628
cuda_residentd_submit_result_error rank=8 submit_work_failed status=15
resident_stage_execute_reject step=input_transport status=15 slot=0 flags=0x00000003
production_runner_submit_failed status=15 frame_flags=0x00000003 active=1 tokens=1 slot=0 position=1 frame_context=0xffffe0434628
cuda_residentd_submit_result_error rank=8 submit_work_failed status=15
resident_stage_execute_reject step=input_transport status=15 slot=0 flags=0x00000003
production_runner_submit_failed status=15 frame_flags=0x00000003 active=1 tokens=1 slot=0 position=0 frame_context=0xffffe0434628
cuda_residentd_submit_result_error rank=8 submit_work_failed status=15
resident_stage_execute_reject step=input_transport status=15 slot=0 flags=0x00000003
production_runner_submit_failed status=15 frame_flags=0x00000003 active=1 tokens=1 slot=0 position=1 frame_context=0xffffe0434628
cuda_residentd_submit_result_error rank=8 submit_work_failed status=15
resident_stage_execute_reject step=input_transport status=15 slot=0 flags=0x00000003
production_runner_submit_failed status=15 frame_flags=0x00000003 active=1 tokens=1 slot=0 position=0 frame_context=0xffffe0434628
cuda_residentd_submit_result_error rank=8 submit_work_failed status=15
resident_stage_execute_reject step=input_transport status=15 slot=0 flags=0x00000003
production_runner_submit_failed status=15 frame_flags=0x00000003 active=1 tokens=1 slot=0 position=1 frame_context=0xffffe0434628
cuda_residentd_submit_result_error rank=8 submit_work_failed status=15
resident_stage_execute_reject step=input_transport status=15 slot=0 flags=0x00000003
production_runner_submit_failed status=15 frame_flags=0x00000003 active=1 tokens=1 slot=0 position=0 frame_context=0xffffe0434628
cuda_residentd_submit_result_error rank=8 submit_work_failed status=15
resident_stage_execute_reject step=input_transport status=15 slot=0 flags=0x00000003
production_runner_submit_failed status=15 frame_flags=0x00000003 active=1 tokens=1 slot=0 position=1 frame_context=0xffffe0434628
cuda_residentd_submit_result_error rank=8 submit_work_failed status=15
resident_stage_execute_reject step=input_transport status=15 slot=0 flags=0x00000003
production_runner_submit_failed status=15 frame_flags=0x00000003 active=1 tokens=1 slot=0 position=0 frame_context=0xffffe0434628
cuda_residentd_submit_result_error rank=8 submit_work_failed status=15
resident_stage_execute_reject step=input_transport status=15 slot=0 flags=0x00000003
production_runner_submit_failed status=15 frame_flags=0x00000003 active=1 tokens=1 slot=0 position=1 frame_context=0xffffe0434628
cuda_residentd_submit_result_error rank=8 submit_work_failed status=15
resident_stage_execute_reject step=input_transport status=15 slot=0 flags=0x00000003
production_runner_submit_failed status=15 frame_flags=0x00000003 active=1 tokens=1 slot=0 position=0 frame_context=0xffffe0434628
cuda_residentd_submit_result_error rank=8 submit_work_failed status=15
resident_stage_execute_reject step=input_transport status=15 slot=0 flags=0x00000003
production_runner_submit_failed status=15 frame_flags=0x00000003 active=1 tokens=1 slot=0 position=1 frame_context=0xffffe0434628
cuda_residentd_submit_result_error rank=8 submit_work_failed status=15
resident_stage_execute_reject step=input_transport status=15 slot=0 flags=0x00000003
production_runner_submit_failed status=15 frame_flags=0x00000003 active=1 tokens=1 slot=0 position=0 frame_context=0xffffe0434628
cuda_residentd_submit_result_error rank=8 submit_work_failed status=15
resident_stage_execute_reject step=input_transport status=15 slot=0 flags=0x00000003
production_runner_submit_failed status=15 frame_flags=0x00000003 active=1 tokens=1 slot=0 position=1 frame_context=0xffffe0434628
cuda_residentd_submit_result_error rank=8 submit_work_failed status=15
resident_stage_execute_reject step=input_transport status=15 slot=0 flags=0x00000003
production_runner_submit_failed status=15 frame_flags=0x00000003 active=1 tokens=1 slot=0 position=0 frame_context=0xffffe0434628
cuda_residentd_submit_result_error rank=8 submit_work_failed status=15
resident_stage_execute_reject step=input_transport status=15 slot=0 flags=0x00000003
production_runner_submit_failed status=15 frame_flags=0x00000003 active=1 tokens=1 slot=0 position=1 frame_context=0xffffe0434628
cuda_residentd_submit_result_error rank=8 submit_work_failed status=15
resident_stage_execute_reject step=input_transport status=15 slot=0 flags=0x00000003
production_runner_submit_failed status=15 frame_flags=0x00000003 active=1 tokens=1 slot=0 position=0 frame_context=0xffffe0434628
cuda_residentd_submit_result_error rank=8 submit_work_failed status=15
resident_stage_execute_reject step=input_transport status=15 slot=0 flags=0x00000003
production_runner_submit_failed status=15 frame_flags=0x00000003 active=1 tokens=1 slot=0 position=1 frame_context=0xffffe0434628
cuda_residentd_submit_result_error rank=8 submit_work_failed status=15
resident_stage_execute_reject step=input_transport status=15 slot=0 flags=0x00000003
production_runner_submit_failed status=15 frame_flags=0x00000003 active=1 tokens=1 slot=0 position=0 frame_context=0xffffe0434628
cuda_residentd_submit_result_error rank=8 submit_work_failed status=15
resident_stage_execute_reject step=input_transport status=15 slot=0 flags=0x00000003
production_runner_submit_failed status=15 frame_flags=0x00000003 active=1 tokens=1 slot=0 position=1 frame_context=0xffffe0434628
cuda_residentd_submit_result_error rank=8 submit_work_failed status=15
resident_stage_execute_reject step=input_transport status=15 slot=0 flags=0x00000003
production_runner_submit_failed status=15 frame_flags=0x00000003 active=1 tokens=1 slot=0 position=0 frame_context=0xffffe0434628
cuda_residentd_submit_result_error rank=8 submit_work_failed status=15
resident_stage_execute_reject step=input_transport status=15 slot=0 flags=0x00000003
production_runner_submit_failed status=15 frame_flags=0x00000003 active=1 tokens=1 slot=0 position=1 frame_context=0xffffe0434628
cuda_residentd_submit_result_error rank=8 submit_work_failed status=15
resident_stage_execute_reject step=input_transport status=15 slot=0 flags=0x00000003
production_runner_submit_failed status=15 frame_flags=0x00000003 active=1 tokens=1 slot=0 position=0 frame_context=0xffffe0434628
cuda_residentd_submit_result_error rank=8 submit_work_failed status=15
resident_stage_execute_reject step=input_transport status=15 slot=0 flags=0x00000003
production_runner_submit_failed status=15 frame_flags=0x00000003 active=1 tokens=1 slot=0 position=1 frame_context=0xffffe0434628
cuda_residentd_submit_result_error rank=8 submit_work_failed status=15
resident_stage_execute_reject step=input_transport status=15 slot=0 flags=0x00000003
production_runner_submit_failed status=15 frame_flags=0x00000003 active=1 tokens=1 slot=0 position=0 frame_context=0xffffe0434628
cuda_residentd_submit_result_error rank=8 submit_work_failed status=15
resident_stage_execute_reject step=input_transport status=15 slot=0 flags=0x00000003
production_runner_submit_failed status=15 frame_flags=0x00000003 active=1 tokens=1 slot=0 position=1 frame_context=0xffffe0434628
cuda_residentd_submit_result_error rank=8 submit_work_failed status=15
resident_stage_execute_reject step=input_transport status=15 slot=0 flags=0x00000003
production_runner_submit_failed status=15 frame_flags=0x00000003 active=1 tokens=1 slot=0 position=0 frame_context=0xffffe0434628
cuda_residentd_submit_result_error rank=8 submit_work_failed status=15
resident_stage_execute_reject step=input_transport status=15 slot=0 flags=0x00000003
production_runner_submit_failed status=15 frame_flags=0x00000003 active=1 tokens=1 slot=0 position=1 frame_context=0xffffe0434628
cuda_residentd_submit_result_error rank=8 submit_work_failed status=15
resident_stage_execute_reject step=input_transport status=15 slot=0 flags=0x00000003
production_runner_submit_failed status=15 frame_flags=0x00000003 active=1 tokens=1 slot=0 position=0 frame_context=0xffffe0434628
cuda_residentd_submit_result_error rank=8 submit_work_failed status=15
resident_stage_execute_reject step=input_transport status=15 slot=0 flags=0x00000003
production_runner_submit_failed status=15 frame_flags=0x00000003 active=1 tokens=1 slot=0 position=1 frame_context=0xffffe0434628
cuda_residentd_submit_result_error rank=8 submit_work_failed status=15
resident_stage_execute_reject step=input_transport status=15 slot=0 flags=0x00000003
production_runner_submit_failed status=15 frame_flags=0x00000003 active=1 tokens=1 slot=0 position=0 frame_context=0xffffe0434628
cuda_residentd_submit_result_error rank=8 submit_work_failed status=15
resident_stage_execute_reject step=input_transport status=15 slot=0 flags=0x00000003
production_runner_submit_failed status=15 frame_flags=0x00000003 active=1 tokens=1 slot=0 position=1 frame_context=0xffffe0434628
cuda_residentd_submit_result_error rank=8 submit_work_failed status=15
resident_stage_execute_reject step=input_transport status=15 slot=0 flags=0x00000003
production_runner_submit_failed status=15 frame_flags=0x00000003 active=1 tokens=1 slot=0 position=0 frame_context=0xffffe0434628
cuda_residentd_submit_result_error rank=8 submit_work_failed status=15
resident_stage_execute_reject step=input_transport status=15 slot=0 flags=0x00000003
production_runner_submit_failed status=15 frame_flags=0x00000003 active=1 tokens=1 slot=0 position=1 frame_context=0xffffe0434628
cuda_residentd_submit_result_error rank=8 submit_work_failed status=15
resident_stage_execute_reject step=input_transport status=15 slot=0 flags=0x00000003
production_runner_submit_failed status=15 frame_flags=0x00000003 active=1 tokens=1 slot=0 position=0 frame_context=0xffffe0434628
cuda_residentd_submit_result_error rank=8 submit_work_failed status=15
resident_stage_execute_reject step=input_transport status=15 slot=0 flags=0x00000003
production_runner_submit_failed status=15 frame_flags=0x00000003 active=1 tokens=1 slot=0 position=1 frame_context=0xffffe0434628
cuda_residentd_submit_result_error rank=8 submit_work_failed status=15
resident_stage_execute_reject step=input_transport status=15 slot=0 flags=0x00000003
production_runner_submit_failed status=15 frame_flags=0x00000003 active=1 tokens=1 slot=0 position=0 frame_context=0xffffe0434628
cuda_residentd_submit_result_error rank=8 submit_work_failed status=15
resident_stage_execute_reject step=input_transport status=15 slot=0 flags=0x00000003
production_runner_submit_failed status=15 frame_flags=0x00000003 active=1 tokens=1 slot=0 position=1 frame_context=0xffffe0434628
cuda_residentd_submit_result_error rank=8 submit_work_failed status=15
resident_stage_execute_reject step=input_transport status=15 slot=0 flags=0x00000003
production_runner_submit_failed status=15 frame_flags=0x00000003 active=1 tokens=1 slot=0 position=0 frame_context=0xffffe0434628
cuda_residentd_submit_result_error rank=8 submit_work_failed status=15
resident_stage_execute_reject step=input_transport status=15 slot=0 flags=0x00000003
production_runner_submit_failed status=15 frame_flags=0x00000003 active=1 tokens=1 slot=0 position=1 frame_context=0xffffe0434628
cuda_residentd_submit_result_error rank=8 submit_work_failed status=15
resident_stage_execute_reject step=input_transport status=15 slot=0 flags=0x00000003
production_runner_submit_failed status=15 frame_flags=0x00000003 active=1 tokens=1 slot=0 position=0 frame_context=0xffffe0434628
cuda_residentd_submit_result_error rank=8 submit_work_failed status=15
resident_stage_execute_reject step=input_transport status=15 slot=0 flags=0x00000003
production_runner_submit_failed status=15 frame_flags=0x00000003 active=1 tokens=1 slot=0 position=1 frame_context=0xffffe0434628
cuda_residentd_submit_result_error rank=8 submit_work_failed status=15
resident_stage_execute_reject step=input_transport status=15 slot=0 flags=0x00000003
production_runner_submit_failed status=15 frame_flags=0x00000003 active=1 tokens=1 slot=0 position=0 frame_context=0xffffe0434628
cuda_residentd_submit_result_error rank=8 submit_work_failed status=15
resident_stage_execute_reject step=input_transport status=15 slot=0 flags=0x00000003
production_runner_submit_failed status=15 frame_flags=0x00000003 active=1 tokens=1 slot=0 position=1 frame_context=0xffffe0434628
cuda_residentd_submit_result_error rank=8 submit_work_failed status=15
resident_stage_execute_reject step=input_transport status=15 slot=0 flags=0x00000003
production_runner_submit_failed status=15 frame_flags=0x00000003 active=1 tokens=1 slot=0 position=0 frame_context=0xffffe0434628
cuda_residentd_submit_result_error rank=8 submit_work_failed status=15
resident_stage_execute_reject step=input_transport status=15 slot=0 flags=0x00000003
production_runner_submit_failed status=15 frame_flags=0x00000003 active=1 tokens=1 slot=0 position=1 frame_context=0xffffe0434628
cuda_residentd_submit_result_error rank=8 submit_work_failed status=15
resident_stage_execute_reject step=input_transport status=15 slot=0 flags=0x00000003
production_runner_submit_failed status=15 frame_flags=0x00000003 active=1 tokens=1 slot=0 position=0 frame_context=0xffffe0434628
cuda_residentd_submit_result_error rank=8 submit_work_failed status=15
resident_stage_execute_reject step=input_transport status=15 slot=0 flags=0x00000003
production_runner_submit_failed status=15 frame_flags=0x00000003 active=1 tokens=1 slot=0 position=1 frame_context=0xffffe0434628
cuda_residentd_submit_result_error rank=8 submit_work_failed status=15
resident_stage_execute_reject step=input_transport status=15 slot=0 flags=0x00000003
production_runner_submit_failed status=15 frame_flags=0x00000003 active=1 tokens=1 slot=0 position=0 frame_context=0xffffe0434628
cuda_residentd_submit_result_error rank=8 submit_work_failed status=15
resident_stage_execute_reject step=input_transport status=15 slot=0 flags=0x00000003
production_runner_submit_failed status=15 frame_flags=0x00000003 active=1 tokens=1 slot=0 position=1 frame_context=0xffffe0434628
cuda_residentd_submit_result_error rank=8 submit_work_failed status=15
resident_stage_execute_reject step=input_transport status=15 slot=0 flags=0x00000003
production_runner_submit_failed status=15 frame_flags=0x00000003 active=1 tokens=1 slot=0 position=0 frame_context=0xffffe0434628
cuda_residentd_submit_result_error rank=8 submit_work_failed status=15
resident_stage_execute_reject step=input_transport status=15 slot=0 flags=0x00000003
production_runner_submit_failed status=15 frame_flags=0x00000003 active=1 tokens=1 slot=0 position=1 frame_context=0xffffe0434628
cuda_residentd_submit_result_error rank=8 submit_work_failed status=15
resident_stage_execute_reject step=input_transport status=15 slot=0 flags=0x00000003
production_runner_submit_failed status=15 frame_flags=0x00000003 active=1 tokens=1 slot=0 position=0 frame_context=0xffffe0434628
cuda_residentd_submit_result_error rank=8 submit_work_failed status=15
resident_stage_execute_reject step=input_transport status=15 slot=0 flags=0x00000003
production_runner_submit_failed status=15 frame_flags=0x00000003 active=1 tokens=1 slot=0 position=1 frame_context=0xffffe0434628
cuda_residentd_submit_result_error rank=8 submit_work_failed status=15
resident_stage_execute_reject step=input_transport status=15 slot=0 flags=0x00000003
production_runner_submit_failed status=15 frame_flags=0x00000003 active=1 tokens=1 slot=0 position=0 frame_context=0xffffe0434628
cuda_residentd_submit_result_error rank=8 submit_work_failed status=15
resident_stage_execute_reject step=input_transport status=15 slot=0 flags=0x00000003
production_runner_submit_failed status=15 frame_flags=0x00000003 active=1 tokens=1 slot=0 position=1 frame_context=0xffffe0434628
cuda_residentd_submit_result_error rank=8 submit_work_failed status=15
resident_stage_execute_reject step=input_transport status=15 slot=0 flags=0x00000003
production_runner_submit_failed status=15 frame_flags=0x00000003 active=1 tokens=1 slot=0 position=0 frame_context=0xffffe0434628
cuda_residentd_submit_result_error rank=8 submit_work_failed status=15
resident_stage_execute_reject step=input_transport status=15 slot=0 flags=0x00000003
production_runner_submit_failed status=15 frame_flags=0x00000003 active=1 tokens=1 slot=0 position=1 frame_context=0xffffe0434628
cuda_residentd_submit_result_error rank=8 submit_work_failed status=15
resident_stage_execute_reject step=input_transport status=15 slot=0 flags=0x00000003
production_runner_submit_failed status=15 frame_flags=0x00000003 active=1 tokens=1 slot=0 position=0 frame_context=0xffffe0434628
cuda_residentd_submit_result_error rank=8 submit_work_failed status=15
resident_stage_execute_reject step=input_transport status=15 slot=0 flags=0x00000003
production_runner_submit_failed status=15 frame_flags=0x00000003 active=1 tokens=1 slot=0 position=1 frame_context=0xffffe0434628
cuda_residentd_submit_result_error rank=8 submit_work_failed status=15
resident_stage_execute_reject step=input_transport status=15 slot=0 flags=0x00000003
production_runner_submit_failed status=15 frame_flags=0x00000003 active=1 tokens=1 slot=0 position=0 frame_context=0xffffe0434628
cuda_residentd_submit_result_error rank=8 submit_work_failed status=15
resident_stage_execute_reject step=input_transport status=15 slot=0 flags=0x00000003
production_runner_submit_failed status=15 frame_flags=0x00000003 active=1 tokens=1 slot=0 position=1 frame_context=0xffffe0434628
cuda_residentd_submit_result_error rank=8 submit_work_failed status=15
resident_stage_execute_reject step=input_transport status=15 slot=0 flags=0x00000003
production_runner_submit_failed status=15 frame_flags=0x00000003 active=1 tokens=1 slot=0 position=0 frame_context=0xffffe0434628
cuda_residentd_submit_result_error rank=8 submit_work_failed status=15
resident_stage_execute_reject step=input_transport status=15 slot=0 flags=0x00000003
production_runner_submit_failed status=15 frame_flags=0x00000003 active=1 tokens=1 slot=0 position=1 frame_context=0xffffe0434628
cuda_residentd_submit_result_error rank=8 submit_work_failed status=15
resident_stage_execute_reject step=input_transport status=15 slot=0 flags=0x00000003
production_runner_submit_failed status=15 frame_flags=0x00000003 active=1 tokens=1 slot=0 position=0 frame_context=0xffffe0434628
cuda_residentd_submit_result_error rank=8 submit_work_failed status=15
resident_stage_execute_reject step=input_transport status=15 slot=0 flags=0x00000003
production_runner_submit_failed status=15 frame_flags=0x00000003 active=1 tokens=1 slot=0 position=1 frame_context=0xffffe0434628
cuda_residentd_submit_result_error rank=8 submit_work_failed status=15
resident_stage_execute_reject step=input_transport status=15 slot=0 flags=0x00000003
production_runner_submit_failed status=15 frame_flags=0x00000003 active=1 tokens=1 slot=0 position=0 frame_context=0xffffe0434628
cuda_residentd_submit_result_error rank=8 submit_work_failed status=15
resident_stage_execute_reject step=input_transport status=15 slot=0 flags=0x00000003
production_runner_submit_failed status=15 frame_flags=0x00000003 active=1 tokens=1 slot=0 position=1 frame_context=0xffffe0434628
cuda_residentd_submit_result_error rank=8 submit_work_failed status=15
resident_stage_execute_reject step=input_transport status=15 slot=0 flags=0x00000003
production_runner_submit_failed status=15 frame_flags=0x00000003 active=1 tokens=1 slot=0 position=0 frame_context=0xffffe0434628
cuda_residentd_submit_result_error rank=8 submit_work_failed status=15
resident_stage_execute_reject step=input_transport status=15 slot=0 flags=0x00000003
production_runner_submit_failed status=15 frame_flags=0x00000003 active=1 tokens=1 slot=0 position=1 frame_context=0xffffe0434628
cuda_residentd_submit_result_error rank=8 submit_work_failed status=15
resident_stage_execute_reject step=input_transport status=15 slot=0 flags=0x00000003
production_runner_submit_failed status=15 frame_flags=0x00000003 active=1 tokens=1 slot=0 position=0 frame_context=0xffffe0434628
cuda_residentd_submit_result_error rank=8 submit_work_failed status=15
resident_stage_execute_reject step=input_transport status=15 slot=0 flags=0x00000003
production_runner_submit_failed status=15 frame_flags=0x00000003 active=1 tokens=1 slot=0 position=1 frame_context=0xffffe0434628
cuda_residentd_submit_result_error rank=8 submit_work_failed status=15
resident_stage_execute_reject step=input_transport status=15 slot=0 flags=0x00000003
production_runner_submit_failed status=15 frame_flags=0x00000003 active=1 tokens=1 slot=0 position=0 frame_context=0xffffe0434628
cuda_residentd_submit_result_error rank=8 submit_work_failed status=15
resident_stage_execute_reject step=input_transport status=15 slot=0 flags=0x00000003
production_runner_submit_failed status=15 frame_flags=0x00000003 active=1 tokens=1 slot=0 position=1 frame_context=0xffffe0434628
cuda_residentd_submit_result_error rank=8 submit_work_failed status=15
resident_stage_execute_reject step=input_transport status=15 slot=0 flags=0x00000003
production_runner_submit_failed status=15 frame_flags=0x00000003 active=1 tokens=1 slot=0 position=0 frame_context=0xffffe0434628
cuda_residentd_submit_result_error rank=8 submit_work_failed status=15
resident_stage_execute_reject step=input_transport status=15 slot=0 flags=0x00000003
production_runner_submit_failed status=15 frame_flags=0x00000003 active=1 tokens=1 slot=0 position=1 frame_context=0xffffe0434628
cuda_residentd_submit_result_error rank=8 submit_work_failed status=15
resident_stage_execute_reject step=input_transport status=15 slot=0 flags=0x00000003
production_runner_submit_failed status=15 frame_flags=0x00000003 active=1 tokens=1 slot=0 position=0 frame_context=0xffffe0434628
cuda_residentd_submit_result_error rank=8 submit_work_failed status=15
resident_stage_execute_reject step=input_transport status=15 slot=0 flags=0x00000003
production_runner_submit_failed status=15 frame_flags=0x00000003 active=1 tokens=1 slot=0 position=1 frame_context=0xffffe0434628
cuda_residentd_submit_result_error rank=8 submit_work_failed status=15
resident_stage_execute_reject step=input_transport status=15 slot=0 flags=0x00000003
production_runner_submit_failed status=15 frame_flags=0x00000003 active=1 tokens=1 slot=0 position=0 frame_context=0xffffe0434628
cuda_residentd_submit_result_error rank=8 submit_work_failed status=15
resident_stage_execute_reject step=input_transport status=15 slot=0 flags=0x00000003
production_runner_submit_failed status=15 frame_flags=0x00000003 active=1 tokens=1 slot=0 position=1 frame_context=0xffffe0434628
cuda_residentd_submit_result_error rank=8 submit_work_failed status=15
resident_stage_execute_reject step=input_transport status=15 slot=0 flags=0x00000003
production_runner_submit_failed status=15 frame_flags=0x00000003 active=1 tokens=1 slot=0 position=0 frame_context=0xffffe0434628
cuda_residentd_submit_result_error rank=8 submit_work_failed status=15
resident_stage_execute_reject step=input_transport status=15 slot=0 flags=0x00000003
production_runner_submit_failed status=15 frame_flags=0x00000003 active=1 tokens=1 slot=0 position=1 frame_context=0xffffe0434628
cuda_residentd_submit_result_error rank=8 submit_work_failed status=15
resident_stage_execute_reject step=input_transport status=15 slot=0 flags=0x00000003
production_runner_submit_failed status=15 frame_flags=0x00000003 active=1 tokens=1 slot=0 position=0 frame_context=0xffffe0434628
cuda_residentd_submit_result_error rank=8 submit_work_failed status=15
resident_stage_execute_reject step=input_transport status=15 slot=0 flags=0x00000003
production_runner_submit_failed status=15 frame_flags=0x00000003 active=1 tokens=1 slot=0 position=1 frame_context=0xffffe0434628
cuda_residentd_submit_result_error rank=8 submit_work_failed status=15
resident_stage_execute_reject step=input_transport status=15 slot=0 flags=0x00000003
production_runner_submit_failed status=15 frame_flags=0x00000003 active=1 tokens=1 slot=0 position=0 frame_context=0xffffe0434628
cuda_residentd_submit_result_error rank=8 submit_work_failed status=15
resident_stage_execute_reject step=input_transport status=15 slot=0 flags=0x00000003
production_runner_submit_failed status=15 frame_flags=0x00000003 active=1 tokens=1 slot=0 position=1 frame_context=0xffffe0434628
cuda_residentd_submit_result_error rank=8 submit_work_failed status=15
resident_stage_execute_reject step=input_transport status=15 slot=0 flags=0x00000003
production_runner_submit_failed status=15 frame_flags=0x00000003 active=1 tokens=1 slot=0 position=0 frame_context=0xffffe0434628
cuda_residentd_submit_result_error rank=8 submit_work_failed status=15
resident_stage_execute_reject step=input_transport status=15 slot=0 flags=0x00000003
production_runner_submit_failed status=15 frame_flags=0x00000003 active=1 tokens=1 slot=0 position=1 frame_context=0xffffe0434628
cuda_residentd_submit_result_error rank=8 submit_work_failed status=15
resident_stage_execute_reject step=input_transport status=15 slot=0 flags=0x00000003
production_runner_submit_failed status=15 frame_flags=0x00000003 active=1 tokens=1 slot=0 position=0 frame_context=0xffffe0434628
cuda_residentd_submit_result_error rank=8 submit_work_failed status=15
resident_stage_execute_reject step=input_transport status=15 slot=0 flags=0x00000003
production_runner_submit_failed status=15 frame_flags=0x00000003 active=1 tokens=1 slot=0 position=1 frame_context=0xffffe0434628
cuda_residentd_submit_result_error rank=8 submit_work_failed status=15
resident_stage_execute_reject step=input_transport status=15 slot=0 flags=0x00000003
production_runner_submit_failed status=15 frame_flags=0x00000003 active=1 tokens=1 slot=0 position=0 frame_context=0xffffe0434628
cuda_residentd_submit_result_error rank=8 submit_work_failed status=15
resident_stage_execute_reject step=input_transport status=15 slot=0 flags=0x00000003
production_runner_submit_failed status=15 frame_flags=0x00000003 active=1 tokens=1 slot=0 position=1 frame_context=0xffffe0434628
cuda_residentd_submit_result_error rank=8 submit_work_failed status=15
resident_stage_execute_reject step=input_transport status=15 slot=0 flags=0x00000003
production_runner_submit_failed status=15 frame_flags=0x00000003 active=1 tokens=1 slot=0 position=0 frame_context=0xffffe0434628
cuda_residentd_submit_result_error rank=8 submit_work_failed status=15
resident_stage_execute_reject step=input_transport status=15 slot=0 flags=0x00000003
production_runner_submit_failed status=15 frame_flags=0x00000003 active=1 tokens=1 slot=0 position=1 frame_context=0xffffe0434628
cuda_residentd_submit_result_error rank=8 submit_work_failed status=15
resident_stage_execute_reject step=input_transport status=15 slot=0 flags=0x00000003
production_runner_submit_failed status=15 frame_flags=0x00000003 active=1 tokens=1 slot=0 position=0 frame_context=0xffffe0434628
cuda_residentd_submit_result_error rank=8 submit_work_failed status=15
resident_stage_execute_reject step=input_transport status=15 slot=0 flags=0x00000003
production_runner_submit_failed status=15 frame_flags=0x00000003 active=1 tokens=1 slot=0 position=1 frame_context=0xffffe0434628
cuda_residentd_submit_result_error rank=8 submit_work_failed status=15
resident_stage_execute_reject step=input_transport status=15 slot=0 flags=0x00000003
production_runner_submit_failed status=15 frame_flags=0x00000003 active=1 tokens=1 slot=0 position=0 frame_context=0xffffe0434628
cuda_residentd_submit_result_error rank=8 submit_work_failed status=15
resident_stage_execute_reject step=input_transport status=15 slot=0 flags=0x00000003
production_runner_submit_failed status=15 frame_flags=0x00000003 active=1 tokens=1 slot=0 position=1 frame_context=0xffffe0434628
cuda_residentd_submit_result_error rank=8 submit_work_failed status=15
resident_stage_execute_reject step=input_transport status=15 slot=0 flags=0x00000003
production_runner_submit_failed status=15 frame_flags=0x00000003 active=1 tokens=1 slot=0 position=0 frame_context=0xffffe0434628
cuda_residentd_submit_result_error rank=8 submit_work_failed status=15
resident_stage_execute_reject step=input_transport status=15 slot=0 flags=0x00000003
production_runner_submit_failed status=15 frame_flags=0x00000003 active=1 tokens=1 slot=0 position=1 frame_context=0xffffe0434628
cuda_residentd_submit_result_error rank=8 submit_work_failed status=15
resident_stage_execute_reject step=input_transport status=15 slot=0 flags=0x00000003
production_runner_submit_failed status=15 frame_flags=0x00000003 active=1 tokens=1 slot=0 position=0 frame_context=0xffffe0434628
cuda_residentd_submit_result_error rank=8 submit_work_failed status=15
resident_stage_execute_reject step=input_transport status=15 slot=0 flags=0x00000003
production_runner_submit_failed status=15 frame_flags=0x00000003 active=1 tokens=1 slot=0 position=1 frame_context=0xffffe0434628
cuda_residentd_submit_result_error rank=8 submit_work_failed status=15
resident_stage_execute_reject step=input_transport status=15 slot=0 flags=0x00000003
production_runner_submit_failed status=15 frame_flags=0x00000003 active=1 tokens=1 slot=0 position=0 frame_context=0xffffe0434628
cuda_residentd_submit_result_error rank=8 submit_work_failed status=15
resident_stage_execute_reject step=input_transport status=15 slot=0 flags=0x00000003
production_runner_submit_failed status=15 frame_flags=0x00000003 active=1 tokens=1 slot=0 position=1 frame_context=0xffffe0434628
cuda_residentd_submit_result_error rank=8 submit_work_failed status=15
resident_stage_execute_reject step=input_transport status=15 slot=0 flags=0x00000003
production_runner_submit_failed status=15 frame_flags=0x00000003 active=1 tokens=1 slot=0 position=0 frame_context=0xffffe0434628
cuda_residentd_submit_result_error rank=8 submit_work_failed status=15
resident_stage_execute_reject step=input_transport status=15 slot=0 flags=0x00000003
production_runner_submit_failed status=15 frame_flags=0x00000003 active=1 tokens=1 slot=0 position=1 frame_context=0xffffe0434628
cuda_residentd_submit_result_error rank=8 submit_work_failed status=15
resident_stage_execute_reject step=input_transport status=15 slot=0 flags=0x00000003
production_runner_submit_failed status=15 frame_flags=0x00000003 active=1 tokens=1 slot=0 position=0 frame_context=0xffffe0434628
cuda_residentd_submit_result_error rank=8 submit_work_failed status=15
resident_stage_execute_reject step=input_transport status=15 slot=0 flags=0x00000003
production_runner_submit_failed status=15 frame_flags=0x00000003 active=1 tokens=1 slot=0 position=1 frame_context=0xffffe0434628
cuda_residentd_submit_result_error rank=8 submit_work_failed status=15
resident_stage_execute_reject step=input_transport status=15 slot=0 flags=0x00000003
production_runner_submit_failed status=15 frame_flags=0x00000003 active=1 tokens=1 slot=0 position=0 frame_context=0xffffe0434628
cuda_residentd_submit_result_error rank=8 submit_work_failed status=15
resident_stage_execute_reject step=input_transport status=15 slot=0 flags=0x00000003
production_runner_submit_failed status=15 frame_flags=0x00000003 active=1 tokens=1 slot=0 position=1 frame_context=0xffffe0434628
cuda_residentd_submit_result_error rank=8 submit_work_failed status=15
resident_stage_execute_reject step=input_transport status=15 slot=0 flags=0x00000003
production_runner_submit_failed status=15 frame_flags=0x00000003 active=1 tokens=1 slot=0 position=0 frame_context=0xffffe0434628
cuda_residentd_submit_result_error rank=8 submit_work_failed status=15
resident_stage_execute_reject step=input_transport status=15 slot=0 flags=0x00000003
production_runner_submit_failed status=15 frame_flags=0x00000003 active=1 tokens=1 slot=0 position=1 frame_context=0xffffe0434628
cuda_residentd_submit_result_error rank=8 submit_work_failed status=15
resident_stage_execute_reject step=input_transport status=15 slot=0 flags=0x00000003
production_runner_submit_failed status=15 frame_flags=0x00000003 active=1 tokens=1 slot=0 position=0 frame_context=0xffffe0434628
cuda_residentd_submit_result_error rank=8 submit_work_failed status=15
resident_stage_execute_reject step=input_transport status=15 slot=0 flags=0x00000003
production_runner_submit_failed status=15 frame_flags=0x00000003 active=1 tokens=1 slot=0 position=1 frame_context=0xffffe0434628
cuda_residentd_submit_result_error rank=8 submit_work_failed status=15
resident_stage_execute_reject step=input_transport status=15 slot=0 flags=0x00000003
production_runner_submit_failed status=15 frame_flags=0x00000003 active=1 tokens=1 slot=0 position=0 frame_context=0xffffe0434628
cuda_residentd_submit_result_error rank=8 submit_work_failed status=15
resident_stage_execute_reject step=input_transport status=15 slot=0 flags=0x00000003
production_runner_submit_failed status=15 frame_flags=0x00000003 active=1 tokens=1 slot=0 position=1 frame_context=0xffffe0434628
cuda_residentd_submit_result_error rank=8 submit_work_failed status=15
tcp_frame_delivered seq=1 pos=0 active=1 sk=1 sb=8192
hidden_tcp_deliver seq=1 token=0 active=1 sideband_kind=1 hidden_hash=5a7c9fcf6cc4b361 sideband_hash=b9d103fd6854a325 hidden_bytes=12288 sideband_bytes=8192
stage_prepare_output_hidden slot=0 active=1 session=0xc73d82dc6c20 bytes=12288 device=0xeed69f600000
tcp_frame_delivered seq=1 pos=1 active=1 sk=1 sb=8192
stage_finish_submit graph_capture=1 signature=6837926451005519094 completion=(nil) function=(nil)
stage_complete_send sequence=1 position=0 slot=0 session=0xc73d82dc6c20 bytes=12288
hidden_tcp_send_header seq=1 token=0 active=1 sideband_kind=0 sideband_bps=0 hidden_hash=5a7c9fcf6cc4b361 sideband_hash=0000000000000000 hidden_bytes=12288 sideband_bytes=0 total=12328
stage_complete_send_status status=0 sequence=1 position=0
hidden_tcp_deliver seq=1 token=1 active=1 sideband_kind=1 hidden_hash=5bf24261d596122c sideband_hash=b9d103fd6854a325 hidden_bytes=12288 sideband_bytes=8192
stage_prepare_output_hidden slot=0 active=1 session=0xc73d82dc6c20 bytes=12288 device=0xeed69f600000
stage_finish_submit graph_capture=1 signature=611426171517890325 completion=(nil) function=(nil)
tcp_frame_delivered seq=1 pos=2 active=1 sk=1 sb=8192
stage_complete_send sequence=1 position=1 slot=0 session=0xc73d82dc6c20 bytes=12288
hidden_tcp_send_header seq=1 token=1 active=1 sideband_kind=0 sideband_bps=0 hidden_hash=5bf24261d596122c sideband_hash=0000000000000000 hidden_bytes=12288 sideband_bytes=0 total=12328
stage_complete_send_status status=0 sequence=1 position=1
hidden_tcp_deliver seq=1 token=2 active=1 sideband_kind=1 hidden_hash=86f8f70b0fa2bc5b sideband_hash=b9d103fd6854a325 hidden_bytes=12288 sideband_bytes=8192
stage_prepare_output_hidden slot=0 active=1 session=0xc73d82dc6c20 bytes=12288 device=0xeed69f600000
stage_finish_submit graph_capture=1 signature=3995996082478105572 completion=(nil) function=(nil)
stage_complete_send sequence=1 position=2 slot=0 session=0xc73d82dc6c20 bytes=12288
hidden_tcp_send_header seq=1 token=2 active=1 sideband_kind=0 sideband_bps=0 hidden_hash=86f8f70b0fa2bc5b sideband_hash=0000000000000000 hidden_bytes=12288 sideband_bytes=0 total=12328
stage_complete_send_status status=0 sequence=1 position=2
resident_stage_execute_reject step=input_transport status=15 slot=0 flags=0x00000003
production_runner_submit_failed status=15 frame_flags=0x00000003 active=1 tokens=1 slot=0 position=3 frame_context=0xffffe0434628
cuda_residentd_submit_result_error rank=8 submit_work_failed status=15
resident_stage_execute_reject step=input_transport status=15 slot=0 flags=0x00000003
production_runner_submit_failed status=15 frame_flags=0x00000003 active=1 tokens=1 slot=0 position=4 frame_context=0xffffe0434628
cuda_residentd_submit_result_error rank=8 submit_work_failed status=15
resident_stage_execute_reject step=input_transport status=15 slot=0 flags=0x00000003
production_runner_submit_failed status=15 frame_flags=0x00000003 active=1 tokens=1 slot=0 position=3 frame_context=0xffffe0434628
cuda_residentd_submit_result_error rank=8 submit_work_failed status=15
resident_stage_execute_reject step=input_transport status=15 slot=0 flags=0x00000003
production_runner_submit_failed status=15 frame_flags=0x00000003 active=1 tokens=1 slot=0 position=4 frame_context=0xffffe0434628
cuda_residentd_submit_result_error rank=8 submit_work_failed status=15
resident_stage_execute_reject step=input_transport status=15 slot=0 flags=0x00000003
production_runner_submit_failed status=15 frame_flags=0x00000003 active=1 tokens=1 slot=0 position=3 frame_context=0xffffe0434628
cuda_residentd_submit_result_error rank=8 submit_work_failed status=15
resident_stage_execute_reject step=input_transport status=15 slot=0 flags=0x00000003
production_runner_submit_failed status=15 frame_flags=0x00000003 active=1 tokens=1 slot=0 position=4 frame_context=0xffffe0434628
cuda_residentd_submit_result_error rank=8 submit_work_failed status=15
tcp_frame_delivered seq=1 pos=3 active=1 sk=1 sb=8192
hidden_tcp_deliver seq=1 token=3 active=1 sideband_kind=1 hidden_hash=dc9b049d01771775 sideband_hash=b9d103fd6854a325 hidden_bytes=12288 sideband_bytes=8192
stage_prepare_output_hidden slot=0 active=1 session=0xc73d82dc6c20 bytes=12288 device=0xeed69f600000
stage_finish_submit graph_capture=1 signature=12132280770815799707 completion=(nil) function=(nil)
stage_complete_send sequence=1 position=3 slot=0 session=0xc73d82dc6c20 bytes=12288
hidden_tcp_send_header seq=1 token=3 active=1 sideband_kind=0 sideband_bps=0 hidden_hash=dc9b049d01771775 sideband_hash=0000000000000000 hidden_bytes=12288 sideband_bytes=0 total=12328
stage_complete_send_status status=0 sequence=1 position=3
resident_stage_execute_reject step=input_transport status=15 slot=0 flags=0x00000003
production_runner_submit_failed status=15 frame_flags=0x00000003 active=1 tokens=1 slot=0 position=4 frame_context=0xffffe0434628
cuda_residentd_submit_result_error rank=8 submit_work_failed status=15
resident_stage_execute_reject step=input_transport status=15 slot=0 flags=0x00000001
production_runner_submit_failed status=15 frame_flags=0x00000001 active=1 tokens=1 slot=0 position=5 frame_context=0xffffe0434628
cuda_residentd_submit_result_error rank=8 submit_work_failed status=15
resident_stage_execute_reject step=input_transport status=15 slot=0 flags=0x00000003
production_runner_submit_failed status=15 frame_flags=0x00000003 active=1 tokens=1 slot=0 position=4 frame_context=0xffffe0434628
cuda_residentd_submit_result_error rank=8 submit_work_failed status=15
resident_stage_execute_reject step=input_transport status=15 slot=0 flags=0x00000001
production_runner_submit_failed status=15 frame_flags=0x00000001 active=1 tokens=1 slot=0 position=5 frame_context=0xffffe0434628
cuda_residentd_submit_result_error rank=8 submit_work_failed status=15
resident_stage_execute_reject step=input_transport status=15 slot=0 flags=0x00000003
production_runner_submit_failed status=15 frame_flags=0x00000003 active=1 tokens=1 slot=0 position=4 frame_context=0xffffe0434628
cuda_residentd_submit_result_error rank=8 submit_work_failed status=15
resident_stage_execute_reject step=input_transport status=15 slot=0 flags=0x00000001
production_runner_submit_failed status=15 frame_flags=0x00000001 active=1 tokens=1 slot=0 position=5 frame_context=0xffffe0434628
cuda_residentd_submit_result_error rank=8 submit_work_failed status=15
resident_stage_execute_reject step=input_transport status=15 slot=0 flags=0x00000003
production_runner_submit_failed status=15 frame_flags=0x00000003 active=1 tokens=1 slot=0 position=4 frame_context=0xffffe0434628
cuda_residentd_submit_result_error rank=8 submit_work_failed status=15
tcp_frame_delivered seq=1 pos=4 active=1 sk=1 sb=8192
resident_stage_execute_reject step=input_transport status=15 slot=0 flags=0x00000001
production_runner_submit_failed status=15 frame_flags=0x00000001 active=1 tokens=1 slot=0 position=5 frame_context=0xffffe0434628
cuda_residentd_submit_result_error rank=8 submit_work_failed status=15
hidden_tcp_deliver seq=1 token=4 active=1 sideband_kind=1 hidden_hash=120369d249ca391b sideband_hash=b9d103fd6854a325 hidden_bytes=12288 sideband_bytes=8192
stage_prepare_output_hidden slot=0 active=1 session=0xc73d82dc6c20 bytes=12288 device=0xeed69f600000
stage_finish_submit graph_capture=1 signature=6348692770528145426 completion=(nil) function=(nil)
stage_complete_send sequence=1 position=4 slot=0 session=0xc73d82dc6c20 bytes=12288
hidden_tcp_send_header seq=1 token=4 active=1 sideband_kind=0 sideband_bps=0 hidden_hash=120369d249ca391b sideband_hash=0000000000000000 hidden_bytes=12288 sideband_bytes=0 total=12328
stage_complete_send_status status=0 sequence=1 position=4
resident_stage_execute_reject step=input_transport status=15 slot=0 flags=0x00000001
production_runner_submit_failed status=15 frame_flags=0x00000001 active=1 tokens=1 slot=0 position=5 frame_context=0xffffe0434628
cuda_residentd_submit_result_error rank=8 submit_work_failed status=15
resident_stage_execute_reject step=input_transport status=15 slot=0 flags=0x00000001
production_runner_submit_failed status=15 frame_flags=0x00000001 active=1 tokens=1 slot=0 position=5 frame_context=0xffffe0434628
cuda_residentd_submit_result_error rank=8 submit_work_failed status=15
resident_stage_execute_reject step=input_transport status=15 slot=0 flags=0x00000001
production_runner_submit_failed status=15 frame_flags=0x00000001 active=1 tokens=1 slot=0 position=5 frame_context=0xffffe0434628
cuda_residentd_submit_result_error rank=8 submit_work_failed status=15
resident_stage_execute_reject step=input_transport status=15 slot=0 flags=0x00000001
production_runner_submit_failed status=15 frame_flags=0x00000001 active=1 tokens=1 slot=0 position=5 frame_context=0xffffe0434628
cuda_residentd_submit_result_error rank=8 submit_work_failed status=15
resident_stage_execute_reject step=input_transport status=15 slot=0 flags=0x00000001
production_runner_submit_failed status=15 frame_flags=0x00000001 active=1 tokens=1 slot=0 position=5 frame_context=0xffffe0434628
cuda_residentd_submit_result_error rank=8 submit_work_failed status=15
resident_stage_execute_reject step=input_transport status=15 slot=0 flags=0x00000001
production_runner_submit_failed status=15 frame_flags=0x00000001 active=1 tokens=1 slot=0 position=5 frame_context=0xffffe0434628
cuda_residentd_submit_result_error rank=8 submit_work_failed status=15
resident_stage_execute_reject step=input_transport status=15 slot=0 flags=0x00000001
production_runner_submit_failed status=15 frame_flags=0x00000001 active=1 tokens=1 slot=0 position=5 frame_context=0xffffe0434628
cuda_residentd_submit_result_error rank=8 submit_work_failed status=15
resident_stage_execute_reject step=input_transport status=15 slot=0 flags=0x00000001
production_runner_submit_failed status=15 frame_flags=0x00000001 active=1 tokens=1 slot=0 position=5 frame_context=0xffffe0434628
cuda_residentd_submit_result_error rank=8 submit_work_failed status=15
resident_stage_execute_reject step=input_transport status=15 slot=0 flags=0x00000001
production_runner_submit_failed status=15 frame_flags=0x00000001 active=1 tokens=1 slot=0 position=5 frame_context=0xffffe0434628
cuda_residentd_submit_result_error rank=8 submit_work_failed status=15
resident_stage_execute_reject step=input_transport status=15 slot=0 flags=0x00000001
production_runner_submit_failed status=15 frame_flags=0x00000001 active=1 tokens=1 slot=0 position=5 frame_context=0xffffe0434628
cuda_residentd_submit_result_error rank=8 submit_work_failed status=15
resident_stage_execute_reject step=input_transport status=15 slot=0 flags=0x00000001
production_runner_submit_failed status=15 frame_flags=0x00000001 active=1 tokens=1 slot=0 position=5 frame_context=0xffffe0434628
cuda_residentd_submit_result_error rank=8 submit_work_failed status=15
resident_stage_execute_reject step=input_transport status=15 slot=0 flags=0x00000001
production_runner_submit_failed status=15 frame_flags=0x00000001 active=1 tokens=1 slot=0 position=5 frame_context=0xffffe0434628
cuda_residentd_submit_result_error rank=8 submit_work_failed status=15
resident_stage_execute_reject step=input_transport status=15 slot=0 flags=0x00000001
production_runner_submit_failed status=15 frame_flags=0x00000001 active=1 tokens=1 slot=0 position=5 frame_context=0xffffe0434628
cuda_residentd_submit_result_error rank=8 submit_work_failed status=15
resident_stage_execute_reject step=input_transport status=15 slot=0 flags=0x00000001
production_runner_submit_failed status=15 frame_flags=0x00000001 active=1 tokens=1 slot=0 position=5 frame_context=0xffffe0434628
cuda_residentd_submit_result_error rank=8 submit_work_failed status=15
resident_stage_execute_reject step=input_transport status=15 slot=0 flags=0x00000001
production_runner_submit_failed status=15 frame_flags=0x00000001 active=1 tokens=1 slot=0 position=5 frame_context=0xffffe0434628
cuda_residentd_submit_result_error rank=8 submit_work_failed status=15
resident_stage_execute_reject step=input_transport status=15 slot=0 flags=0x00000001
production_runner_submit_failed status=15 frame_flags=0x00000001 active=1 tokens=1 slot=0 position=5 frame_context=0xffffe0434628
cuda_residentd_submit_result_error rank=8 submit_work_failed status=15
resident_stage_execute_reject step=input_transport status=15 slot=0 flags=0x00000001
production_runner_submit_failed status=15 frame_flags=0x00000001 active=1 tokens=1 slot=0 position=5 frame_context=0xffffe0434628
cuda_residentd_submit_result_error rank=8 submit_work_failed status=15
resident_stage_execute_reject step=input_transport status=15 slot=0 flags=0x00000001
production_runner_submit_failed status=15 frame_flags=0x00000001 active=1 tokens=1 slot=0 position=5 frame_context=0xffffe0434628
cuda_residentd_submit_result_error rank=8 submit_work_failed status=15
resident_stage_execute_reject step=input_transport status=15 slot=0 flags=0x00000001
production_runner_submit_failed status=15 frame_flags=0x00000001 active=1 tokens=1 slot=0 position=5 frame_context=0xffffe0434628
cuda_residentd_submit_result_error rank=8 submit_work_failed status=15
resident_stage_execute_reject step=input_transport status=15 slot=0 flags=0x00000001
production_runner_submit_failed status=15 frame_flags=0x00000001 active=1 tokens=1 slot=0 position=5 frame_context=0xffffe0434628
cuda_residentd_submit_result_error rank=8 submit_work_failed status=15
resident_stage_execute_reject step=input_transport status=15 slot=0 flags=0x00000001
production_runner_submit_failed status=15 frame_flags=0x00000001 active=1 tokens=1 slot=0 position=5 frame_context=0xffffe0434628
cuda_residentd_submit_result_error rank=8 submit_work_failed status=15
resident_stage_execute_reject step=input_transport status=15 slot=0 flags=0x00000001
production_runner_submit_failed status=15 frame_flags=0x00000001 active=1 tokens=1 slot=0 position=5 frame_context=0xffffe0434628
cuda_residentd_submit_result_error rank=8 submit_work_failed status=15
resident_stage_execute_reject step=input_transport status=15 slot=0 flags=0x00000001
production_runner_submit_failed status=15 frame_flags=0x00000001 active=1 tokens=1 slot=0 position=5 frame_context=0xffffe0434628
cuda_residentd_submit_result_error rank=8 submit_work_failed status=15
resident_stage_execute_reject step=input_transport status=15 slot=0 flags=0x00000001
production_runner_submit_failed status=15 frame_flags=0x00000001 active=1 tokens=1 slot=0 position=5 frame_context=0xffffe0434628
cuda_residentd_submit_result_error rank=8 submit_work_failed status=15
resident_stage_execute_reject step=input_transport status=15 slot=0 flags=0x00000001
production_runner_submit_failed status=15 frame_flags=0x00000001 active=1 tokens=1 slot=0 position=5 frame_context=0xffffe0434628
cuda_residentd_submit_result_error rank=8 submit_work_failed status=15
resident_stage_execute_reject step=input_transport status=15 slot=0 flags=0x00000001
production_runner_submit_failed status=15 frame_flags=0x00000001 active=1 tokens=1 slot=0 position=5 frame_context=0xffffe0434628
cuda_residentd_submit_result_error rank=8 submit_work_failed status=15
resident_stage_execute_reject step=input_transport status=15 slot=0 flags=0x00000001
production_runner_submit_failed status=15 frame_flags=0x00000001 active=1 tokens=1 slot=0 position=5 frame_context=0xffffe0434628
cuda_residentd_submit_result_error rank=8 submit_work_failed status=15
resident_stage_execute_reject step=input_transport status=15 slot=0 flags=0x00000001
production_runner_submit_failed status=15 frame_flags=0x00000001 active=1 tokens=1 slot=0 position=5 frame_context=0xffffe0434628
cuda_residentd_submit_result_error rank=8 submit_work_failed status=15
resident_stage_execute_reject step=input_transport status=15 slot=0 flags=0x00000001
production_runner_submit_failed status=15 frame_flags=0x00000001 active=1 tokens=1 slot=0 position=5 frame_context=0xffffe0434628
cuda_residentd_submit_result_error rank=8 submit_work_failed status=15
resident_stage_execute_reject step=input_transport status=15 slot=0 flags=0x00000001
production_runner_submit_failed status=15 frame_flags=0x00000001 active=1 tokens=1 slot=0 position=5 frame_context=0xffffe0434628
cuda_residentd_submit_result_error rank=8 submit_work_failed status=15
resident_stage_execute_reject step=input_transport status=15 slot=0 flags=0x00000001
production_runner_submit_failed status=15 frame_flags=0x00000001 active=1 tokens=1 slot=0 position=5 frame_context=0xffffe0434628
cuda_residentd_submit_result_error rank=8 submit_work_failed status=15
resident_stage_execute_reject step=input_transport status=15 slot=0 flags=0x00000001
production_runner_submit_failed status=15 frame_flags=0x00000001 active=1 tokens=1 slot=0 position=5 frame_context=0xffffe0434628
cuda_residentd_submit_result_error rank=8 submit_work_failed status=15
resident_stage_execute_reject step=input_transport status=15 slot=0 flags=0x00000001
production_runner_submit_failed status=15 frame_flags=0x00000001 active=1 tokens=1 slot=0 position=5 frame_context=0xffffe0434628
cuda_residentd_submit_result_error rank=8 submit_work_failed status=15
resident_stage_execute_reject step=input_transport status=15 slot=0 flags=0x00000001
production_runner_submit_failed status=15 frame_flags=0x00000001 active=1 tokens=1 slot=0 position=5 frame_context=0xffffe0434628
cuda_residentd_submit_result_error rank=8 submit_work_failed status=15
resident_stage_execute_reject step=input_transport status=15 slot=0 flags=0x00000001
production_runner_submit_failed status=15 frame_flags=0x00000001 active=1 tokens=1 slot=0 position=5 frame_context=0xffffe0434628
cuda_residentd_submit_result_error rank=8 submit_work_failed status=15
resident_stage_execute_reject step=input_transport status=15 slot=0 flags=0x00000001
production_runner_submit_failed status=15 frame_flags=0x00000001 active=1 tokens=1 slot=0 position=5 frame_context=0xffffe0434628
cuda_residentd_submit_result_error rank=8 submit_work_failed status=15
resident_stage_execute_reject step=input_transport status=15 slot=0 flags=0x00000001
production_runner_submit_failed status=15 frame_flags=0x00000001 active=1 tokens=1 slot=0 position=5 frame_context=0xffffe0434628
cuda_residentd_submit_result_error rank=8 submit_work_failed status=15
resident_stage_execute_reject step=input_transport status=15 slot=0 flags=0x00000001
production_runner_submit_failed status=15 frame_flags=0x00000001 active=1 tokens=1 slot=0 position=5 frame_context=0xffffe0434628
cuda_residentd_submit_result_error rank=8 submit_work_failed status=15
resident_stage_execute_reject step=input_transport status=15 slot=0 flags=0x00000001
production_runner_submit_failed status=15 frame_flags=0x00000001 active=1 tokens=1 slot=0 position=5 frame_context=0xffffe0434628
cuda_residentd_submit_result_error rank=8 submit_work_failed status=15
resident_stage_execute_reject step=input_transport status=15 slot=0 flags=0x00000001
production_runner_submit_failed status=15 frame_flags=0x00000001 active=1 tokens=1 slot=0 position=5 frame_context=0xffffe0434628
cuda_residentd_submit_result_error rank=8 submit_work_failed status=15
resident_stage_execute_reject step=input_transport status=15 slot=0 flags=0x00000001
production_runner_submit_failed status=15 frame_flags=0x00000001 active=1 tokens=1 slot=0 position=5 frame_context=0xffffe0434628
cuda_residentd_submit_result_error rank=8 submit_work_failed status=15
resident_stage_execute_reject step=input_transport status=15 slot=0 flags=0x00000001
production_runner_submit_failed status=15 frame_flags=0x00000001 active=1 tokens=1 slot=0 position=5 frame_context=0xffffe0434628
cuda_residentd_submit_result_error rank=8 submit_work_failed status=15
resident_stage_execute_reject step=input_transport status=15 slot=0 flags=0x00000001
production_runner_submit_failed status=15 frame_flags=0x00000001 active=1 tokens=1 slot=0 position=5 frame_context=0xffffe0434628
cuda_residentd_submit_result_error rank=8 submit_work_failed status=15
resident_stage_execute_reject step=input_transport status=15 slot=0 flags=0x00000001
production_runner_submit_failed status=15 frame_flags=0x00000001 active=1 tokens=1 slot=0 position=5 frame_context=0xffffe0434628
cuda_residentd_submit_result_error rank=8 submit_work_failed status=15
resident_stage_execute_reject step=input_transport status=15 slot=0 flags=0x00000001
production_runner_submit_failed status=15 frame_flags=0x00000001 active=1 tokens=1 slot=0 position=5 frame_context=0xffffe0434628
cuda_residentd_submit_result_error rank=8 submit_work_failed status=15
resident_stage_execute_reject step=input_transport status=15 slot=0 flags=0x00000001
production_runner_submit_failed status=15 frame_flags=0x00000001 active=1 tokens=1 slot=0 position=5 frame_context=0xffffe0434628
cuda_residentd_submit_result_error rank=8 submit_work_failed status=15
resident_stage_execute_reject step=input_transport status=15 slot=0 flags=0x00000001
production_runner_submit_failed status=15 frame_flags=0x00000001 active=1 tokens=1 slot=0 position=5 frame_context=0xffffe0434628
cuda_residentd_submit_result_error rank=8 submit_work_failed status=15
resident_stage_execute_reject step=input_transport status=15 slot=0 flags=0x00000001
production_runner_submit_failed status=15 frame_flags=0x00000001 active=1 tokens=1 slot=0 position=5 frame_context=0xffffe0434628
cuda_residentd_submit_result_error rank=8 submit_work_failed status=15
resident_stage_execute_reject step=input_transport status=15 slot=0 flags=0x00000001
production_runner_submit_failed status=15 frame_flags=0x00000001 active=1 tokens=1 slot=0 position=5 frame_context=0xffffe0434628
cuda_residentd_submit_result_error rank=8 submit_work_failed status=15
resident_stage_execute_reject step=input_transport status=15 slot=0 flags=0x00000001
production_runner_submit_failed status=15 frame_flags=0x00000001 active=1 tokens=1 slot=0 position=5 frame_context=0xffffe0434628
cuda_residentd_submit_result_error rank=8 submit_work_failed status=15
resident_stage_execute_reject step=input_transport status=15 slot=0 flags=0x00000001
production_runner_submit_failed status=15 frame_flags=0x00000001 active=1 tokens=1 slot=0 position=5 frame_context=0xffffe0434628
cuda_residentd_submit_result_error rank=8 submit_work_failed status=15
resident_stage_execute_reject step=input_transport status=15 slot=0 flags=0x00000001
production_runner_submit_failed status=15 frame_flags=0x00000001 active=1 tokens=1 slot=0 position=5 frame_context=0xffffe0434628
cuda_residentd_submit_result_error rank=8 submit_work_failed status=15
resident_stage_execute_reject step=input_transport status=15 slot=0 flags=0x00000001
production_runner_submit_failed status=15 frame_flags=0x00000001 active=1 tokens=1 slot=0 position=5 frame_context=0xffffe0434628
cuda_residentd_submit_result_error rank=8 submit_work_failed status=15
resident_stage_execute_reject step=input_transport status=15 slot=0 flags=0x00000001
production_runner_submit_failed status=15 frame_flags=0x00000001 active=1 tokens=1 slot=0 position=5 frame_context=0xffffe0434628
cuda_residentd_submit_result_error rank=8 submit_work_failed status=15
resident_stage_execute_reject step=input_transport status=15 slot=0 flags=0x00000001
production_runner_submit_failed status=15 frame_flags=0x00000001 active=1 tokens=1 slot=0 position=5 frame_context=0xffffe0434628
cuda_residentd_submit_result_error rank=8 submit_work_failed status=15
resident_stage_execute_reject step=input_transport status=15 slot=0 flags=0x00000001
production_runner_submit_failed status=15 frame_flags=0x00000001 active=1 tokens=1 slot=0 position=5 frame_context=0xffffe0434628
cuda_residentd_submit_result_error rank=8 submit_work_failed status=15
resident_stage_execute_reject step=input_transport status=15 slot=0 flags=0x00000001
production_runner_submit_failed status=15 frame_flags=0x00000001 active=1 tokens=1 slot=0 position=5 frame_context=0xffffe0434628
cuda_residentd_submit_result_error rank=8 submit_work_failed status=15
resident_stage_execute_reject step=input_transport status=15 slot=0 flags=0x00000001
production_runner_submit_failed status=15 frame_flags=0x00000001 active=1 tokens=1 slot=0 position=5 frame_context=0xffffe0434628
cuda_residentd_submit_result_error rank=8 submit_work_failed status=15
resident_stage_execute_reject step=input_transport status=15 slot=0 flags=0x00000001
production_runner_submit_failed status=15 frame_flags=0x00000001 active=1 tokens=1 slot=0 position=5 frame_context=0xffffe0434628
cuda_residentd_submit_result_error rank=8 submit_work_failed status=15
resident_stage_execute_reject step=input_transport status=15 slot=0 flags=0x00000001
production_runner_submit_failed status=15 frame_flags=0x00000001 active=1 tokens=1 slot=0 position=5 frame_context=0xffffe0434628
cuda_residentd_submit_result_error rank=8 submit_work_failed status=15
resident_stage_execute_reject step=input_transport status=15 slot=0 flags=0x00000001
production_runner_submit_failed status=15 frame_flags=0x00000001 active=1 tokens=1 slot=0 position=5 frame_context=0xffffe0434628
cuda_residentd_submit_result_error rank=8 submit_work_failed status=15
resident_stage_execute_reject step=input_transport status=15 slot=0 flags=0x00000001
production_runner_submit_failed status=15 frame_flags=0x00000001 active=1 tokens=1 slot=0 position=5 frame_context=0xffffe0434628
cuda_residentd_submit_result_error rank=8 submit_work_failed status=15
resident_stage_execute_reject step=input_transport status=15 slot=0 flags=0x00000001
production_runner_submit_failed status=15 frame_flags=0x00000001 active=1 tokens=1 slot=0 position=5 frame_context=0xffffe0434628
cuda_residentd_submit_result_error rank=8 submit_work_failed status=15
resident_stage_execute_reject step=input_transport status=15 slot=0 flags=0x00000001
production_runner_submit_failed status=15 frame_flags=0x00000001 active=1 tokens=1 slot=0 position=5 frame_context=0xffffe0434628
cuda_residentd_submit_result_error rank=8 submit_work_failed status=15
resident_stage_execute_reject step=input_transport status=15 slot=0 flags=0x00000001
production_runner_submit_failed status=15 frame_flags=0x00000001 active=1 tokens=1 slot=0 position=5 frame_context=0xffffe0434628
cuda_residentd_submit_result_error rank=8 submit_work_failed status=15
resident_stage_execute_reject step=input_transport status=15 slot=0 flags=0x00000001
production_runner_submit_failed status=15 frame_flags=0x00000001 active=1 tokens=1 slot=0 position=5 frame_context=0xffffe0434628
cuda_residentd_submit_result_error rank=8 submit_work_failed status=15
resident_stage_execute_reject step=input_transport status=15 slot=0 flags=0x00000001
production_runner_submit_failed status=15 frame_flags=0x00000001 active=1 tokens=1 slot=0 position=5 frame_context=0xffffe0434628
cuda_residentd_submit_result_error rank=8 submit_work_failed status=15
resident_stage_execute_reject step=input_transport status=15 slot=0 flags=0x00000001
production_runner_submit_failed status=15 frame_flags=0x00000001 active=1 tokens=1 slot=0 position=5 frame_context=0xffffe0434628
cuda_residentd_submit_result_error rank=8 submit_work_failed status=15
resident_stage_execute_reject step=input_transport status=15 slot=0 flags=0x00000001
production_runner_submit_failed status=15 frame_flags=0x00000001 active=1 tokens=1 slot=0 position=5 frame_context=0xffffe0434628
cuda_residentd_submit_result_error rank=8 submit_work_failed status=15
resident_stage_execute_reject step=input_transport status=15 slot=0 flags=0x00000001
production_runner_submit_failed status=15 frame_flags=0x00000001 active=1 tokens=1 slot=0 position=5 frame_context=0xffffe0434628
cuda_residentd_submit_result_error rank=8 submit_work_failed status=15
resident_stage_execute_reject step=input_transport status=15 slot=0 flags=0x00000001
production_runner_submit_failed status=15 frame_flags=0x00000001 active=1 tokens=1 slot=0 position=5 frame_context=0xffffe0434628
cuda_residentd_submit_result_error rank=8 submit_work_failed status=15
resident_stage_execute_reject step=input_transport status=15 slot=0 flags=0x00000001
production_runner_submit_failed status=15 frame_flags=0x00000001 active=1 tokens=1 slot=0 position=5 frame_context=0xffffe0434628
cuda_residentd_submit_result_error rank=8 submit_work_failed status=15
resident_stage_execute_reject step=input_transport status=15 slot=0 flags=0x00000001
production_runner_submit_failed status=15 frame_flags=0x00000001 active=1 tokens=1 slot=0 position=5 frame_context=0xffffe0434628
cuda_residentd_submit_result_error rank=8 submit_work_failed status=15
resident_stage_execute_reject step=input_transport status=15 slot=0 flags=0x00000001
production_runner_submit_failed status=15 frame_flags=0x00000001 active=1 tokens=1 slot=0 position=5 frame_context=0xffffe0434628
cuda_residentd_submit_result_error rank=8 submit_work_failed status=15
resident_stage_execute_reject step=input_transport status=15 slot=0 flags=0x00000001
production_runner_submit_failed status=15 frame_flags=0x00000001 active=1 tokens=1 slot=0 position=5 frame_context=0xffffe0434628
cuda_residentd_submit_result_error rank=8 submit_work_failed status=15
tcp_frame_delivered seq=1 pos=5 active=1 sk=1 sb=8192
hidden_tcp_deliver seq=1 token=5 active=1 sideband_kind=1 hidden_hash=2c23c38cce9aeb95 sideband_hash=c2d28d7f2d9ed64c hidden_bytes=12288 sideband_bytes=8192
stage_prepare_output_hidden slot=0 active=1 session=0xc73d82dc6c20 bytes=12288 device=0xeed69f600000
stage_finish_submit graph_capture=1 signature=12393013889182430339 completion=(nil) function=(nil)
stage_complete_send sequence=1 position=5 slot=0 session=0xc73d82dc6c20 bytes=12288
hidden_tcp_send_header seq=1 token=5 active=1 sideband_kind=0 sideband_bps=0 hidden_hash=b6db4b3acde61259 sideband_hash=0000000000000000 hidden_bytes=12288 sideband_bytes=0 total=12328
stage_complete_send_status status=0 sequence=1 position=5
