glm52_cuda_residentd=1
rank=12
host=10.10.100.22
socket=/home/sparkc/sparkpipe_state/cuda_resident_rank12.sock
stage=72:6
fp8_pack_root=/home/sparkc/models/sparkpipe/glm52_fp8_pp13_stage_payload_v1
transport_so=/home/sparkc/sparkpipe_runtime/lib/libhidden_transport_tcp_cuda.so
driver_so=/home/sparkc/sparkpipe_runtime/lib/model_driver.so
node_context_builder_so=/home/sparkc/sparkpipe_runtime/lib/libglm52_pp13_node_context_builder.so
state=ready
tcp_recv_accept fd=35
resident_stage_execute_reject step=input_transport status=15 slot=0 flags=0x00000003
production_runner_submit_failed status=15 frame_flags=0x00000003 active=1 tokens=1 slot=0 position=0 frame_context=0xffffcb481af8
cuda_residentd_submit_result_error rank=12 submit_work_failed status=15
resident_stage_execute_reject step=input_transport status=15 slot=0 flags=0x00000003
production_runner_submit_failed status=15 frame_flags=0x00000003 active=1 tokens=1 slot=0 position=0 frame_context=0xffffcb481af8
cuda_residentd_submit_result_error rank=12 submit_work_failed status=15
resident_stage_execute_reject step=input_transport status=15 slot=0 flags=0x00000003
production_runner_submit_failed status=15 frame_flags=0x00000003 active=1 tokens=1 slot=0 position=0 frame_context=0xffffcb481af8
cuda_residentd_submit_result_error rank=12 submit_work_failed status=15
resident_stage_execute_reject step=input_transport status=15 slot=0 flags=0x00000003
production_runner_submit_failed status=15 frame_flags=0x00000003 active=1 tokens=1 slot=0 position=0 frame_context=0xffffcb481af8
cuda_residentd_submit_result_error rank=12 submit_work_failed status=15
resident_stage_execute_reject step=input_transport status=15 slot=0 flags=0x00000003
production_runner_submit_failed status=15 frame_flags=0x00000003 active=1 tokens=1 slot=0 position=0 frame_context=0xffffcb481af8
cuda_residentd_submit_result_error rank=12 submit_work_failed status=15
resident_stage_execute_reject step=input_transport status=15 slot=0 flags=0x00000003
production_runner_submit_failed status=15 frame_flags=0x00000003 active=1 tokens=1 slot=0 position=0 frame_context=0xffffcb481af8
cuda_residentd_submit_result_error rank=12 submit_work_failed status=15
resident_stage_execute_reject step=input_transport status=15 slot=0 flags=0x00000003
production_runner_submit_failed status=15 frame_flags=0x00000003 active=1 tokens=1 slot=0 position=0 frame_context=0xffffcb481af8
cuda_residentd_submit_result_error rank=12 submit_work_failed status=15
resident_stage_execute_reject step=input_transport status=15 slot=0 flags=0x00000003
production_runner_submit_failed status=15 frame_flags=0x00000003 active=1 tokens=1 slot=0 position=0 frame_context=0xffffcb481af8
cuda_residentd_submit_result_error rank=12 submit_work_failed status=15
resident_stage_execute_reject step=input_transport status=15 slot=0 flags=0x00000003
production_runner_submit_failed status=15 frame_flags=0x00000003 active=1 tokens=1 slot=0 position=0 frame_context=0xffffcb481af8
cuda_residentd_submit_result_error rank=12 submit_work_failed status=15
resident_stage_execute_reject step=input_transport status=15 slot=0 flags=0x00000003
production_runner_submit_failed status=15 frame_flags=0x00000003 active=1 tokens=1 slot=0 position=0 frame_context=0xffffcb481af8
cuda_residentd_submit_result_error rank=12 submit_work_failed status=15
resident_stage_execute_reject step=input_transport status=15 slot=0 flags=0x00000003
production_runner_submit_failed status=15 frame_flags=0x00000003 active=1 tokens=1 slot=0 position=0 frame_context=0xffffcb481af8
cuda_residentd_submit_result_error rank=12 submit_work_failed status=15
resident_stage_execute_reject step=input_transport status=15 slot=0 flags=0x00000003
production_runner_submit_failed status=15 frame_flags=0x00000003 active=1 tokens=1 slot=0 position=0 frame_context=0xffffcb481af8
cuda_residentd_submit_result_error rank=12 submit_work_failed status=15
resident_stage_execute_reject step=input_transport status=15 slot=0 flags=0x00000003
production_runner_submit_failed status=15 frame_flags=0x00000003 active=1 tokens=1 slot=0 position=0 frame_context=0xffffcb481af8
cuda_residentd_submit_result_error rank=12 submit_work_failed status=15
resident_stage_execute_reject step=input_transport status=15 slot=0 flags=0x00000003
production_runner_submit_failed status=15 frame_flags=0x00000003 active=1 tokens=1 slot=0 position=0 frame_context=0xffffcb481af8
cuda_residentd_submit_result_error rank=12 submit_work_failed status=15
resident_stage_execute_reject step=input_transport status=15 slot=0 flags=0x00000003
production_runner_submit_failed status=15 frame_flags=0x00000003 active=1 tokens=1 slot=0 position=0 frame_context=0xffffcb481af8
cuda_residentd_submit_result_error rank=12 submit_work_failed status=15
resident_stage_execute_reject step=input_transport status=15 slot=0 flags=0x00000003
production_runner_submit_failed status=15 frame_flags=0x00000003 active=1 tokens=1 slot=0 position=0 frame_context=0xffffcb481af8
cuda_residentd_submit_result_error rank=12 submit_work_failed status=15
resident_stage_execute_reject step=input_transport status=15 slot=0 flags=0x00000003
production_runner_submit_failed status=15 frame_flags=0x00000003 active=1 tokens=1 slot=0 position=0 frame_context=0xffffcb481af8
cuda_residentd_submit_result_error rank=12 submit_work_failed status=15
resident_stage_execute_reject step=input_transport status=15 slot=0 flags=0x00000003
production_runner_submit_failed status=15 frame_flags=0x00000003 active=1 tokens=1 slot=0 position=0 frame_context=0xffffcb481af8
cuda_residentd_submit_result_error rank=12 submit_work_failed status=15
resident_stage_execute_reject step=input_transport status=15 slot=0 flags=0x00000003
production_runner_submit_failed status=15 frame_flags=0x00000003 active=1 tokens=1 slot=0 position=0 frame_context=0xffffcb481af8
cuda_residentd_submit_result_error rank=12 submit_work_failed status=15
resident_stage_execute_reject step=input_transport status=15 slot=0 flags=0x00000003
production_runner_submit_failed status=15 frame_flags=0x00000003 active=1 tokens=1 slot=0 position=0 frame_context=0xffffcb481af8
cuda_residentd_submit_result_error rank=12 submit_work_failed status=15
resident_stage_execute_reject step=input_transport status=15 slot=0 flags=0x00000003
production_runner_submit_failed status=15 frame_flags=0x00000003 active=1 tokens=1 slot=0 position=0 frame_context=0xffffcb481af8
cuda_residentd_submit_result_error rank=12 submit_work_failed status=15
resident_stage_execute_reject step=input_transport status=15 slot=0 flags=0x00000003
production_runner_submit_failed status=15 frame_flags=0x00000003 active=1 tokens=1 slot=0 position=0 frame_context=0xffffcb481af8
cuda_residentd_submit_result_error rank=12 submit_work_failed status=15
resident_stage_execute_reject step=input_transport status=15 slot=0 flags=0x00000003
production_runner_submit_failed status=15 frame_flags=0x00000003 active=1 tokens=1 slot=0 position=0 frame_context=0xffffcb481af8
cuda_residentd_submit_result_error rank=12 submit_work_failed status=15
resident_stage_execute_reject step=input_transport status=15 slot=0 flags=0x00000003
production_runner_submit_failed status=15 frame_flags=0x00000003 active=1 tokens=1 slot=0 position=0 frame_context=0xffffcb481af8
cuda_residentd_submit_result_error rank=12 submit_work_failed status=15
resident_stage_execute_reject step=input_transport status=15 slot=0 flags=0x00000003
production_runner_submit_failed status=15 frame_flags=0x00000003 active=1 tokens=1 slot=0 position=0 frame_context=0xffffcb481af8
cuda_residentd_submit_result_error rank=12 submit_work_failed status=15
resident_stage_execute_reject step=input_transport status=15 slot=0 flags=0x00000003
production_runner_submit_failed status=15 frame_flags=0x00000003 active=1 tokens=1 slot=0 position=0 frame_context=0xffffcb481af8
cuda_residentd_submit_result_error rank=12 submit_work_failed status=15
resident_stage_execute_reject step=input_transport status=15 slot=0 flags=0x00000003
production_runner_submit_failed status=15 frame_flags=0x00000003 active=1 tokens=1 slot=0 position=0 frame_context=0xffffcb481af8
cuda_residentd_submit_result_error rank=12 submit_work_failed status=15
resident_stage_execute_reject step=input_transport status=15 slot=0 flags=0x00000003
production_runner_submit_failed status=15 frame_flags=0x00000003 active=1 tokens=1 slot=0 position=0 frame_context=0xffffcb481af8
cuda_residentd_submit_result_error rank=12 submit_work_failed status=15
resident_stage_execute_reject step=input_transport status=15 slot=0 flags=0x00000003
production_runner_submit_failed status=15 frame_flags=0x00000003 active=1 tokens=1 slot=0 position=0 frame_context=0xffffcb481af8
cuda_residentd_submit_result_error rank=12 submit_work_failed status=15
resident_stage_execute_reject step=input_transport status=15 slot=0 flags=0x00000003
production_runner_submit_failed status=15 frame_flags=0x00000003 active=1 tokens=1 slot=0 position=1 frame_context=0xffffcb481af8
cuda_residentd_submit_result_error rank=12 submit_work_failed status=15
resident_stage_execute_reject step=input_transport status=15 slot=0 flags=0x00000003
production_runner_submit_failed status=15 frame_flags=0x00000003 active=1 tokens=1 slot=0 position=0 frame_context=0xffffcb481af8
cuda_residentd_submit_result_error rank=12 submit_work_failed status=15
resident_stage_execute_reject step=input_transport status=15 slot=0 flags=0x00000003
production_runner_submit_failed status=15 frame_flags=0x00000003 active=1 tokens=1 slot=0 position=1 frame_context=0xffffcb481af8
cuda_residentd_submit_result_error rank=12 submit_work_failed status=15
resident_stage_execute_reject step=input_transport status=15 slot=0 flags=0x00000003
production_runner_submit_failed status=15 frame_flags=0x00000003 active=1 tokens=1 slot=0 position=0 frame_context=0xffffcb481af8
cuda_residentd_submit_result_error rank=12 submit_work_failed status=15
resident_stage_execute_reject step=input_transport status=15 slot=0 flags=0x00000003
production_runner_submit_failed status=15 frame_flags=0x00000003 active=1 tokens=1 slot=0 position=1 frame_context=0xffffcb481af8
cuda_residentd_submit_result_error rank=12 submit_work_failed status=15
resident_stage_execute_reject step=input_transport status=15 slot=0 flags=0x00000003
production_runner_submit_failed status=15 frame_flags=0x00000003 active=1 tokens=1 slot=0 position=0 frame_context=0xffffcb481af8
cuda_residentd_submit_result_error rank=12 submit_work_failed status=15
resident_stage_execute_reject step=input_transport status=15 slot=0 flags=0x00000003
production_runner_submit_failed status=15 frame_flags=0x00000003 active=1 tokens=1 slot=0 position=1 frame_context=0xffffcb481af8
cuda_residentd_submit_result_error rank=12 submit_work_failed status=15
resident_stage_execute_reject step=input_transport status=15 slot=0 flags=0x00000003
production_runner_submit_failed status=15 frame_flags=0x00000003 active=1 tokens=1 slot=0 position=0 frame_context=0xffffcb481af8
cuda_residentd_submit_result_error rank=12 submit_work_failed status=15
resident_stage_execute_reject step=input_transport status=15 slot=0 flags=0x00000003
production_runner_submit_failed status=15 frame_flags=0x00000003 active=1 tokens=1 slot=0 position=1 frame_context=0xffffcb481af8
cuda_residentd_submit_result_error rank=12 submit_work_failed status=15
resident_stage_execute_reject step=input_transport status=15 slot=0 flags=0x00000003
production_runner_submit_failed status=15 frame_flags=0x00000003 active=1 tokens=1 slot=0 position=0 frame_context=0xffffcb481af8
cuda_residentd_submit_result_error rank=12 submit_work_failed status=15
resident_stage_execute_reject step=input_transport status=15 slot=0 flags=0x00000003
production_runner_submit_failed status=15 frame_flags=0x00000003 active=1 tokens=1 slot=0 position=1 frame_context=0xffffcb481af8
cuda_residentd_submit_result_error rank=12 submit_work_failed status=15
resident_stage_execute_reject step=input_transport status=15 slot=0 flags=0x00000003
production_runner_submit_failed status=15 frame_flags=0x00000003 active=1 tokens=1 slot=0 position=0 frame_context=0xffffcb481af8
cuda_residentd_submit_result_error rank=12 submit_work_failed status=15
resident_stage_execute_reject step=input_transport status=15 slot=0 flags=0x00000003
production_runner_submit_failed status=15 frame_flags=0x00000003 active=1 tokens=1 slot=0 position=1 frame_context=0xffffcb481af8
cuda_residentd_submit_result_error rank=12 submit_work_failed status=15
resident_stage_execute_reject step=input_transport status=15 slot=0 flags=0x00000003
production_runner_submit_failed status=15 frame_flags=0x00000003 active=1 tokens=1 slot=0 position=0 frame_context=0xffffcb481af8
cuda_residentd_submit_result_error rank=12 submit_work_failed status=15
resident_stage_execute_reject step=input_transport status=15 slot=0 flags=0x00000003
production_runner_submit_failed status=15 frame_flags=0x00000003 active=1 tokens=1 slot=0 position=1 frame_context=0xffffcb481af8
cuda_residentd_submit_result_error rank=12 submit_work_failed status=15
resident_stage_execute_reject step=input_transport status=15 slot=0 flags=0x00000003
production_runner_submit_failed status=15 frame_flags=0x00000003 active=1 tokens=1 slot=0 position=0 frame_context=0xffffcb481af8
cuda_residentd_submit_result_error rank=12 submit_work_failed status=15
resident_stage_execute_reject step=input_transport status=15 slot=0 flags=0x00000003
production_runner_submit_failed status=15 frame_flags=0x00000003 active=1 tokens=1 slot=0 position=1 frame_context=0xffffcb481af8
cuda_residentd_submit_result_error rank=12 submit_work_failed status=15
resident_stage_execute_reject step=input_transport status=15 slot=0 flags=0x00000003
production_runner_submit_failed status=15 frame_flags=0x00000003 active=1 tokens=1 slot=0 position=0 frame_context=0xffffcb481af8
cuda_residentd_submit_result_error rank=12 submit_work_failed status=15
resident_stage_execute_reject step=input_transport status=15 slot=0 flags=0x00000003
production_runner_submit_failed status=15 frame_flags=0x00000003 active=1 tokens=1 slot=0 position=1 frame_context=0xffffcb481af8
cuda_residentd_submit_result_error rank=12 submit_work_failed status=15
resident_stage_execute_reject step=input_transport status=15 slot=0 flags=0x00000003
production_runner_submit_failed status=15 frame_flags=0x00000003 active=1 tokens=1 slot=0 position=0 frame_context=0xffffcb481af8
cuda_residentd_submit_result_error rank=12 submit_work_failed status=15
resident_stage_execute_reject step=input_transport status=15 slot=0 flags=0x00000003
production_runner_submit_failed status=15 frame_flags=0x00000003 active=1 tokens=1 slot=0 position=1 frame_context=0xffffcb481af8
cuda_residentd_submit_result_error rank=12 submit_work_failed status=15
resident_stage_execute_reject step=input_transport status=15 slot=0 flags=0x00000003
production_runner_submit_failed status=15 frame_flags=0x00000003 active=1 tokens=1 slot=0 position=0 frame_context=0xffffcb481af8
cuda_residentd_submit_result_error rank=12 submit_work_failed status=15
resident_stage_execute_reject step=input_transport status=15 slot=0 flags=0x00000003
production_runner_submit_failed status=15 frame_flags=0x00000003 active=1 tokens=1 slot=0 position=1 frame_context=0xffffcb481af8
cuda_residentd_submit_result_error rank=12 submit_work_failed status=15
resident_stage_execute_reject step=input_transport status=15 slot=0 flags=0x00000003
production_runner_submit_failed status=15 frame_flags=0x00000003 active=1 tokens=1 slot=0 position=0 frame_context=0xffffcb481af8
cuda_residentd_submit_result_error rank=12 submit_work_failed status=15
resident_stage_execute_reject step=input_transport status=15 slot=0 flags=0x00000003
production_runner_submit_failed status=15 frame_flags=0x00000003 active=1 tokens=1 slot=0 position=1 frame_context=0xffffcb481af8
cuda_residentd_submit_result_error rank=12 submit_work_failed status=15
resident_stage_execute_reject step=input_transport status=15 slot=0 flags=0x00000003
production_runner_submit_failed status=15 frame_flags=0x00000003 active=1 tokens=1 slot=0 position=0 frame_context=0xffffcb481af8
cuda_residentd_submit_result_error rank=12 submit_work_failed status=15
resident_stage_execute_reject step=input_transport status=15 slot=0 flags=0x00000003
production_runner_submit_failed status=15 frame_flags=0x00000003 active=1 tokens=1 slot=0 position=1 frame_context=0xffffcb481af8
cuda_residentd_submit_result_error rank=12 submit_work_failed status=15
resident_stage_execute_reject step=input_transport status=15 slot=0 flags=0x00000003
production_runner_submit_failed status=15 frame_flags=0x00000003 active=1 tokens=1 slot=0 position=0 frame_context=0xffffcb481af8
cuda_residentd_submit_result_error rank=12 submit_work_failed status=15
resident_stage_execute_reject step=input_transport status=15 slot=0 flags=0x00000003
production_runner_submit_failed status=15 frame_flags=0x00000003 active=1 tokens=1 slot=0 position=1 frame_context=0xffffcb481af8
cuda_residentd_submit_result_error rank=12 submit_work_failed status=15
resident_stage_execute_reject step=input_transport status=15 slot=0 flags=0x00000003
production_runner_submit_failed status=15 frame_flags=0x00000003 active=1 tokens=1 slot=0 position=0 frame_context=0xffffcb481af8
cuda_residentd_submit_result_error rank=12 submit_work_failed status=15
resident_stage_execute_reject step=input_transport status=15 slot=0 flags=0x00000003
production_runner_submit_failed status=15 frame_flags=0x00000003 active=1 tokens=1 slot=0 position=1 frame_context=0xffffcb481af8
cuda_residentd_submit_result_error rank=12 submit_work_failed status=15
resident_stage_execute_reject step=input_transport status=15 slot=0 flags=0x00000003
production_runner_submit_failed status=15 frame_flags=0x00000003 active=1 tokens=1 slot=0 position=0 frame_context=0xffffcb481af8
cuda_residentd_submit_result_error rank=12 submit_work_failed status=15
resident_stage_execute_reject step=input_transport status=15 slot=0 flags=0x00000003
production_runner_submit_failed status=15 frame_flags=0x00000003 active=1 tokens=1 slot=0 position=1 frame_context=0xffffcb481af8
cuda_residentd_submit_result_error rank=12 submit_work_failed status=15
resident_stage_execute_reject step=input_transport status=15 slot=0 flags=0x00000003
production_runner_submit_failed status=15 frame_flags=0x00000003 active=1 tokens=1 slot=0 position=0 frame_context=0xffffcb481af8
cuda_residentd_submit_result_error rank=12 submit_work_failed status=15
resident_stage_execute_reject step=input_transport status=15 slot=0 flags=0x00000003
production_runner_submit_failed status=15 frame_flags=0x00000003 active=1 tokens=1 slot=0 position=1 frame_context=0xffffcb481af8
cuda_residentd_submit_result_error rank=12 submit_work_failed status=15
resident_stage_execute_reject step=input_transport status=15 slot=0 flags=0x00000003
production_runner_submit_failed status=15 frame_flags=0x00000003 active=1 tokens=1 slot=0 position=0 frame_context=0xffffcb481af8
cuda_residentd_submit_result_error rank=12 submit_work_failed status=15
resident_stage_execute_reject step=input_transport status=15 slot=0 flags=0x00000003
production_runner_submit_failed status=15 frame_flags=0x00000003 active=1 tokens=1 slot=0 position=1 frame_context=0xffffcb481af8
cuda_residentd_submit_result_error rank=12 submit_work_failed status=15
resident_stage_execute_reject step=input_transport status=15 slot=0 flags=0x00000003
production_runner_submit_failed status=15 frame_flags=0x00000003 active=1 tokens=1 slot=0 position=0 frame_context=0xffffcb481af8
cuda_residentd_submit_result_error rank=12 submit_work_failed status=15
resident_stage_execute_reject step=input_transport status=15 slot=0 flags=0x00000003
production_runner_submit_failed status=15 frame_flags=0x00000003 active=1 tokens=1 slot=0 position=1 frame_context=0xffffcb481af8
cuda_residentd_submit_result_error rank=12 submit_work_failed status=15
resident_stage_execute_reject step=input_transport status=15 slot=0 flags=0x00000003
production_runner_submit_failed status=15 frame_flags=0x00000003 active=1 tokens=1 slot=0 position=0 frame_context=0xffffcb481af8
cuda_residentd_submit_result_error rank=12 submit_work_failed status=15
resident_stage_execute_reject step=input_transport status=15 slot=0 flags=0x00000003
production_runner_submit_failed status=15 frame_flags=0x00000003 active=1 tokens=1 slot=0 position=1 frame_context=0xffffcb481af8
cuda_residentd_submit_result_error rank=12 submit_work_failed status=15
resident_stage_execute_reject step=input_transport status=15 slot=0 flags=0x00000003
production_runner_submit_failed status=15 frame_flags=0x00000003 active=1 tokens=1 slot=0 position=0 frame_context=0xffffcb481af8
cuda_residentd_submit_result_error rank=12 submit_work_failed status=15
resident_stage_execute_reject step=input_transport status=15 slot=0 flags=0x00000003
production_runner_submit_failed status=15 frame_flags=0x00000003 active=1 tokens=1 slot=0 position=1 frame_context=0xffffcb481af8
cuda_residentd_submit_result_error rank=12 submit_work_failed status=15
resident_stage_execute_reject step=input_transport status=15 slot=0 flags=0x00000003
production_runner_submit_failed status=15 frame_flags=0x00000003 active=1 tokens=1 slot=0 position=0 frame_context=0xffffcb481af8
cuda_residentd_submit_result_error rank=12 submit_work_failed status=15
resident_stage_execute_reject step=input_transport status=15 slot=0 flags=0x00000003
production_runner_submit_failed status=15 frame_flags=0x00000003 active=1 tokens=1 slot=0 position=1 frame_context=0xffffcb481af8
cuda_residentd_submit_result_error rank=12 submit_work_failed status=15
resident_stage_execute_reject step=input_transport status=15 slot=0 flags=0x00000003
production_runner_submit_failed status=15 frame_flags=0x00000003 active=1 tokens=1 slot=0 position=0 frame_context=0xffffcb481af8
cuda_residentd_submit_result_error rank=12 submit_work_failed status=15
resident_stage_execute_reject step=input_transport status=15 slot=0 flags=0x00000003
production_runner_submit_failed status=15 frame_flags=0x00000003 active=1 tokens=1 slot=0 position=1 frame_context=0xffffcb481af8
cuda_residentd_submit_result_error rank=12 submit_work_failed status=15
resident_stage_execute_reject step=input_transport status=15 slot=0 flags=0x00000003
production_runner_submit_failed status=15 frame_flags=0x00000003 active=1 tokens=1 slot=0 position=0 frame_context=0xffffcb481af8
cuda_residentd_submit_result_error rank=12 submit_work_failed status=15
resident_stage_execute_reject step=input_transport status=15 slot=0 flags=0x00000003
production_runner_submit_failed status=15 frame_flags=0x00000003 active=1 tokens=1 slot=0 position=1 frame_context=0xffffcb481af8
cuda_residentd_submit_result_error rank=12 submit_work_failed status=15
resident_stage_execute_reject step=input_transport status=15 slot=0 flags=0x00000003
production_runner_submit_failed status=15 frame_flags=0x00000003 active=1 tokens=1 slot=0 position=0 frame_context=0xffffcb481af8
cuda_residentd_submit_result_error rank=12 submit_work_failed status=15
resident_stage_execute_reject step=input_transport status=15 slot=0 flags=0x00000003
production_runner_submit_failed status=15 frame_flags=0x00000003 active=1 tokens=1 slot=0 position=1 frame_context=0xffffcb481af8
cuda_residentd_submit_result_error rank=12 submit_work_failed status=15
resident_stage_execute_reject step=input_transport status=15 slot=0 flags=0x00000003
production_runner_submit_failed status=15 frame_flags=0x00000003 active=1 tokens=1 slot=0 position=0 frame_context=0xffffcb481af8
cuda_residentd_submit_result_error rank=12 submit_work_failed status=15
resident_stage_execute_reject step=input_transport status=15 slot=0 flags=0x00000003
production_runner_submit_failed status=15 frame_flags=0x00000003 active=1 tokens=1 slot=0 position=1 frame_context=0xffffcb481af8
cuda_residentd_submit_result_error rank=12 submit_work_failed status=15
resident_stage_execute_reject step=input_transport status=15 slot=0 flags=0x00000003
production_runner_submit_failed status=15 frame_flags=0x00000003 active=1 tokens=1 slot=0 position=0 frame_context=0xffffcb481af8
cuda_residentd_submit_result_error rank=12 submit_work_failed status=15
resident_stage_execute_reject step=input_transport status=15 slot=0 flags=0x00000003
production_runner_submit_failed status=15 frame_flags=0x00000003 active=1 tokens=1 slot=0 position=1 frame_context=0xffffcb481af8
cuda_residentd_submit_result_error rank=12 submit_work_failed status=15
resident_stage_execute_reject step=input_transport status=15 slot=0 flags=0x00000003
production_runner_submit_failed status=15 frame_flags=0x00000003 active=1 tokens=1 slot=0 position=0 frame_context=0xffffcb481af8
cuda_residentd_submit_result_error rank=12 submit_work_failed status=15
resident_stage_execute_reject step=input_transport status=15 slot=0 flags=0x00000003
production_runner_submit_failed status=15 frame_flags=0x00000003 active=1 tokens=1 slot=0 position=1 frame_context=0xffffcb481af8
cuda_residentd_submit_result_error rank=12 submit_work_failed status=15
resident_stage_execute_reject step=input_transport status=15 slot=0 flags=0x00000003
production_runner_submit_failed status=15 frame_flags=0x00000003 active=1 tokens=1 slot=0 position=0 frame_context=0xffffcb481af8
cuda_residentd_submit_result_error rank=12 submit_work_failed status=15
resident_stage_execute_reject step=input_transport status=15 slot=0 flags=0x00000003
production_runner_submit_failed status=15 frame_flags=0x00000003 active=1 tokens=1 slot=0 position=1 frame_context=0xffffcb481af8
cuda_residentd_submit_result_error rank=12 submit_work_failed status=15
resident_stage_execute_reject step=input_transport status=15 slot=0 flags=0x00000003
production_runner_submit_failed status=15 frame_flags=0x00000003 active=1 tokens=1 slot=0 position=0 frame_context=0xffffcb481af8
cuda_residentd_submit_result_error rank=12 submit_work_failed status=15
resident_stage_execute_reject step=input_transport status=15 slot=0 flags=0x00000003
production_runner_submit_failed status=15 frame_flags=0x00000003 active=1 tokens=1 slot=0 position=1 frame_context=0xffffcb481af8
cuda_residentd_submit_result_error rank=12 submit_work_failed status=15
resident_stage_execute_reject step=input_transport status=15 slot=0 flags=0x00000003
production_runner_submit_failed status=15 frame_flags=0x00000003 active=1 tokens=1 slot=0 position=0 frame_context=0xffffcb481af8
cuda_residentd_submit_result_error rank=12 submit_work_failed status=15
resident_stage_execute_reject step=input_transport status=15 slot=0 flags=0x00000003
production_runner_submit_failed status=15 frame_flags=0x00000003 active=1 tokens=1 slot=0 position=1 frame_context=0xffffcb481af8
cuda_residentd_submit_result_error rank=12 submit_work_failed status=15
resident_stage_execute_reject step=input_transport status=15 slot=0 flags=0x00000003
production_runner_submit_failed status=15 frame_flags=0x00000003 active=1 tokens=1 slot=0 position=0 frame_context=0xffffcb481af8
cuda_residentd_submit_result_error rank=12 submit_work_failed status=15
resident_stage_execute_reject step=input_transport status=15 slot=0 flags=0x00000003
production_runner_submit_failed status=15 frame_flags=0x00000003 active=1 tokens=1 slot=0 position=1 frame_context=0xffffcb481af8
cuda_residentd_submit_result_error rank=12 submit_work_failed status=15
resident_stage_execute_reject step=input_transport status=15 slot=0 flags=0x00000003
production_runner_submit_failed status=15 frame_flags=0x00000003 active=1 tokens=1 slot=0 position=0 frame_context=0xffffcb481af8
cuda_residentd_submit_result_error rank=12 submit_work_failed status=15
resident_stage_execute_reject step=input_transport status=15 slot=0 flags=0x00000003
production_runner_submit_failed status=15 frame_flags=0x00000003 active=1 tokens=1 slot=0 position=1 frame_context=0xffffcb481af8
cuda_residentd_submit_result_error rank=12 submit_work_failed status=15
resident_stage_execute_reject step=input_transport status=15 slot=0 flags=0x00000003
production_runner_submit_failed status=15 frame_flags=0x00000003 active=1 tokens=1 slot=0 position=0 frame_context=0xffffcb481af8
cuda_residentd_submit_result_error rank=12 submit_work_failed status=15
resident_stage_execute_reject step=input_transport status=15 slot=0 flags=0x00000003
production_runner_submit_failed status=15 frame_flags=0x00000003 active=1 tokens=1 slot=0 position=1 frame_context=0xffffcb481af8
cuda_residentd_submit_result_error rank=12 submit_work_failed status=15
resident_stage_execute_reject step=input_transport status=15 slot=0 flags=0x00000003
production_runner_submit_failed status=15 frame_flags=0x00000003 active=1 tokens=1 slot=0 position=0 frame_context=0xffffcb481af8
cuda_residentd_submit_result_error rank=12 submit_work_failed status=15
resident_stage_execute_reject step=input_transport status=15 slot=0 flags=0x00000003
production_runner_submit_failed status=15 frame_flags=0x00000003 active=1 tokens=1 slot=0 position=1 frame_context=0xffffcb481af8
cuda_residentd_submit_result_error rank=12 submit_work_failed status=15
resident_stage_execute_reject step=input_transport status=15 slot=0 flags=0x00000003
production_runner_submit_failed status=15 frame_flags=0x00000003 active=1 tokens=1 slot=0 position=0 frame_context=0xffffcb481af8
cuda_residentd_submit_result_error rank=12 submit_work_failed status=15
resident_stage_execute_reject step=input_transport status=15 slot=0 flags=0x00000003
production_runner_submit_failed status=15 frame_flags=0x00000003 active=1 tokens=1 slot=0 position=1 frame_context=0xffffcb481af8
cuda_residentd_submit_result_error rank=12 submit_work_failed status=15
resident_stage_execute_reject step=input_transport status=15 slot=0 flags=0x00000003
production_runner_submit_failed status=15 frame_flags=0x00000003 active=1 tokens=1 slot=0 position=0 frame_context=0xffffcb481af8
cuda_residentd_submit_result_error rank=12 submit_work_failed status=15
resident_stage_execute_reject step=input_transport status=15 slot=0 flags=0x00000003
production_runner_submit_failed status=15 frame_flags=0x00000003 active=1 tokens=1 slot=0 position=1 frame_context=0xffffcb481af8
cuda_residentd_submit_result_error rank=12 submit_work_failed status=15
resident_stage_execute_reject step=input_transport status=15 slot=0 flags=0x00000003
production_runner_submit_failed status=15 frame_flags=0x00000003 active=1 tokens=1 slot=0 position=0 frame_context=0xffffcb481af8
cuda_residentd_submit_result_error rank=12 submit_work_failed status=15
resident_stage_execute_reject step=input_transport status=15 slot=0 flags=0x00000003
production_runner_submit_failed status=15 frame_flags=0x00000003 active=1 tokens=1 slot=0 position=1 frame_context=0xffffcb481af8
cuda_residentd_submit_result_error rank=12 submit_work_failed status=15
resident_stage_execute_reject step=input_transport status=15 slot=0 flags=0x00000003
production_runner_submit_failed status=15 frame_flags=0x00000003 active=1 tokens=1 slot=0 position=0 frame_context=0xffffcb481af8
cuda_residentd_submit_result_error rank=12 submit_work_failed status=15
resident_stage_execute_reject step=input_transport status=15 slot=0 flags=0x00000003
production_runner_submit_failed status=15 frame_flags=0x00000003 active=1 tokens=1 slot=0 position=1 frame_context=0xffffcb481af8
cuda_residentd_submit_result_error rank=12 submit_work_failed status=15
resident_stage_execute_reject step=input_transport status=15 slot=0 flags=0x00000003
production_runner_submit_failed status=15 frame_flags=0x00000003 active=1 tokens=1 slot=0 position=0 frame_context=0xffffcb481af8
cuda_residentd_submit_result_error rank=12 submit_work_failed status=15
resident_stage_execute_reject step=input_transport status=15 slot=0 flags=0x00000003
production_runner_submit_failed status=15 frame_flags=0x00000003 active=1 tokens=1 slot=0 position=1 frame_context=0xffffcb481af8
cuda_residentd_submit_result_error rank=12 submit_work_failed status=15
resident_stage_execute_reject step=input_transport status=15 slot=0 flags=0x00000003
production_runner_submit_failed status=15 frame_flags=0x00000003 active=1 tokens=1 slot=0 position=0 frame_context=0xffffcb481af8
cuda_residentd_submit_result_error rank=12 submit_work_failed status=15
resident_stage_execute_reject step=input_transport status=15 slot=0 flags=0x00000003
production_runner_submit_failed status=15 frame_flags=0x00000003 active=1 tokens=1 slot=0 position=1 frame_context=0xffffcb481af8
cuda_residentd_submit_result_error rank=12 submit_work_failed status=15
resident_stage_execute_reject step=input_transport status=15 slot=0 flags=0x00000003
production_runner_submit_failed status=15 frame_flags=0x00000003 active=1 tokens=1 slot=0 position=0 frame_context=0xffffcb481af8
cuda_residentd_submit_result_error rank=12 submit_work_failed status=15
resident_stage_execute_reject step=input_transport status=15 slot=0 flags=0x00000003
production_runner_submit_failed status=15 frame_flags=0x00000003 active=1 tokens=1 slot=0 position=1 frame_context=0xffffcb481af8
cuda_residentd_submit_result_error rank=12 submit_work_failed status=15
resident_stage_execute_reject step=input_transport status=15 slot=0 flags=0x00000003
production_runner_submit_failed status=15 frame_flags=0x00000003 active=1 tokens=1 slot=0 position=0 frame_context=0xffffcb481af8
cuda_residentd_submit_result_error rank=12 submit_work_failed status=15
resident_stage_execute_reject step=input_transport status=15 slot=0 flags=0x00000003
production_runner_submit_failed status=15 frame_flags=0x00000003 active=1 tokens=1 slot=0 position=1 frame_context=0xffffcb481af8
cuda_residentd_submit_result_error rank=12 submit_work_failed status=15
resident_stage_execute_reject step=input_transport status=15 slot=0 flags=0x00000003
production_runner_submit_failed status=15 frame_flags=0x00000003 active=1 tokens=1 slot=0 position=0 frame_context=0xffffcb481af8
cuda_residentd_submit_result_error rank=12 submit_work_failed status=15
resident_stage_execute_reject step=input_transport status=15 slot=0 flags=0x00000003
production_runner_submit_failed status=15 frame_flags=0x00000003 active=1 tokens=1 slot=0 position=1 frame_context=0xffffcb481af8
cuda_residentd_submit_result_error rank=12 submit_work_failed status=15
resident_stage_execute_reject step=input_transport status=15 slot=0 flags=0x00000003
production_runner_submit_failed status=15 frame_flags=0x00000003 active=1 tokens=1 slot=0 position=0 frame_context=0xffffcb481af8
cuda_residentd_submit_result_error rank=12 submit_work_failed status=15
resident_stage_execute_reject step=input_transport status=15 slot=0 flags=0x00000003
production_runner_submit_failed status=15 frame_flags=0x00000003 active=1 tokens=1 slot=0 position=1 frame_context=0xffffcb481af8
cuda_residentd_submit_result_error rank=12 submit_work_failed status=15
resident_stage_execute_reject step=input_transport status=15 slot=0 flags=0x00000003
production_runner_submit_failed status=15 frame_flags=0x00000003 active=1 tokens=1 slot=0 position=0 frame_context=0xffffcb481af8
cuda_residentd_submit_result_error rank=12 submit_work_failed status=15
resident_stage_execute_reject step=input_transport status=15 slot=0 flags=0x00000003
production_runner_submit_failed status=15 frame_flags=0x00000003 active=1 tokens=1 slot=0 position=1 frame_context=0xffffcb481af8
cuda_residentd_submit_result_error rank=12 submit_work_failed status=15
resident_stage_execute_reject step=input_transport status=15 slot=0 flags=0x00000003
production_runner_submit_failed status=15 frame_flags=0x00000003 active=1 tokens=1 slot=0 position=0 frame_context=0xffffcb481af8
cuda_residentd_submit_result_error rank=12 submit_work_failed status=15
resident_stage_execute_reject step=input_transport status=15 slot=0 flags=0x00000003
production_runner_submit_failed status=15 frame_flags=0x00000003 active=1 tokens=1 slot=0 position=1 frame_context=0xffffcb481af8
cuda_residentd_submit_result_error rank=12 submit_work_failed status=15
resident_stage_execute_reject step=input_transport status=15 slot=0 flags=0x00000003
production_runner_submit_failed status=15 frame_flags=0x00000003 active=1 tokens=1 slot=0 position=0 frame_context=0xffffcb481af8
cuda_residentd_submit_result_error rank=12 submit_work_failed status=15
resident_stage_execute_reject step=input_transport status=15 slot=0 flags=0x00000003
production_runner_submit_failed status=15 frame_flags=0x00000003 active=1 tokens=1 slot=0 position=1 frame_context=0xffffcb481af8
cuda_residentd_submit_result_error rank=12 submit_work_failed status=15
resident_stage_execute_reject step=input_transport status=15 slot=0 flags=0x00000003
production_runner_submit_failed status=15 frame_flags=0x00000003 active=1 tokens=1 slot=0 position=0 frame_context=0xffffcb481af8
cuda_residentd_submit_result_error rank=12 submit_work_failed status=15
resident_stage_execute_reject step=input_transport status=15 slot=0 flags=0x00000003
production_runner_submit_failed status=15 frame_flags=0x00000003 active=1 tokens=1 slot=0 position=1 frame_context=0xffffcb481af8
cuda_residentd_submit_result_error rank=12 submit_work_failed status=15
resident_stage_execute_reject step=input_transport status=15 slot=0 flags=0x00000003
production_runner_submit_failed status=15 frame_flags=0x00000003 active=1 tokens=1 slot=0 position=0 frame_context=0xffffcb481af8
cuda_residentd_submit_result_error rank=12 submit_work_failed status=15
resident_stage_execute_reject step=input_transport status=15 slot=0 flags=0x00000003
production_runner_submit_failed status=15 frame_flags=0x00000003 active=1 tokens=1 slot=0 position=1 frame_context=0xffffcb481af8
cuda_residentd_submit_result_error rank=12 submit_work_failed status=15
resident_stage_execute_reject step=input_transport status=15 slot=0 flags=0x00000003
production_runner_submit_failed status=15 frame_flags=0x00000003 active=1 tokens=1 slot=0 position=0 frame_context=0xffffcb481af8
cuda_residentd_submit_result_error rank=12 submit_work_failed status=15
resident_stage_execute_reject step=input_transport status=15 slot=0 flags=0x00000003
production_runner_submit_failed status=15 frame_flags=0x00000003 active=1 tokens=1 slot=0 position=1 frame_context=0xffffcb481af8
cuda_residentd_submit_result_error rank=12 submit_work_failed status=15
resident_stage_execute_reject step=input_transport status=15 slot=0 flags=0x00000003
production_runner_submit_failed status=15 frame_flags=0x00000003 active=1 tokens=1 slot=0 position=0 frame_context=0xffffcb481af8
cuda_residentd_submit_result_error rank=12 submit_work_failed status=15
resident_stage_execute_reject step=input_transport status=15 slot=0 flags=0x00000003
production_runner_submit_failed status=15 frame_flags=0x00000003 active=1 tokens=1 slot=0 position=1 frame_context=0xffffcb481af8
cuda_residentd_submit_result_error rank=12 submit_work_failed status=15
resident_stage_execute_reject step=input_transport status=15 slot=0 flags=0x00000003
production_runner_submit_failed status=15 frame_flags=0x00000003 active=1 tokens=1 slot=0 position=0 frame_context=0xffffcb481af8
cuda_residentd_submit_result_error rank=12 submit_work_failed status=15
resident_stage_execute_reject step=input_transport status=15 slot=0 flags=0x00000003
production_runner_submit_failed status=15 frame_flags=0x00000003 active=1 tokens=1 slot=0 position=1 frame_context=0xffffcb481af8
cuda_residentd_submit_result_error rank=12 submit_work_failed status=15
resident_stage_execute_reject step=input_transport status=15 slot=0 flags=0x00000003
production_runner_submit_failed status=15 frame_flags=0x00000003 active=1 tokens=1 slot=0 position=0 frame_context=0xffffcb481af8
cuda_residentd_submit_result_error rank=12 submit_work_failed status=15
resident_stage_execute_reject step=input_transport status=15 slot=0 flags=0x00000003
production_runner_submit_failed status=15 frame_flags=0x00000003 active=1 tokens=1 slot=0 position=1 frame_context=0xffffcb481af8
cuda_residentd_submit_result_error rank=12 submit_work_failed status=15
resident_stage_execute_reject step=input_transport status=15 slot=0 flags=0x00000003
production_runner_submit_failed status=15 frame_flags=0x00000003 active=1 tokens=1 slot=0 position=0 frame_context=0xffffcb481af8
cuda_residentd_submit_result_error rank=12 submit_work_failed status=15
resident_stage_execute_reject step=input_transport status=15 slot=0 flags=0x00000003
production_runner_submit_failed status=15 frame_flags=0x00000003 active=1 tokens=1 slot=0 position=1 frame_context=0xffffcb481af8
cuda_residentd_submit_result_error rank=12 submit_work_failed status=15
resident_stage_execute_reject step=input_transport status=15 slot=0 flags=0x00000003
production_runner_submit_failed status=15 frame_flags=0x00000003 active=1 tokens=1 slot=0 position=0 frame_context=0xffffcb481af8
cuda_residentd_submit_result_error rank=12 submit_work_failed status=15
resident_stage_execute_reject step=input_transport status=15 slot=0 flags=0x00000003
production_runner_submit_failed status=15 frame_flags=0x00000003 active=1 tokens=1 slot=0 position=1 frame_context=0xffffcb481af8
cuda_residentd_submit_result_error rank=12 submit_work_failed status=15
resident_stage_execute_reject step=input_transport status=15 slot=0 flags=0x00000003
production_runner_submit_failed status=15 frame_flags=0x00000003 active=1 tokens=1 slot=0 position=0 frame_context=0xffffcb481af8
cuda_residentd_submit_result_error rank=12 submit_work_failed status=15
resident_stage_execute_reject step=input_transport status=15 slot=0 flags=0x00000003
production_runner_submit_failed status=15 frame_flags=0x00000003 active=1 tokens=1 slot=0 position=1 frame_context=0xffffcb481af8
cuda_residentd_submit_result_error rank=12 submit_work_failed status=15
resident_stage_execute_reject step=input_transport status=15 slot=0 flags=0x00000003
production_runner_submit_failed status=15 frame_flags=0x00000003 active=1 tokens=1 slot=0 position=0 frame_context=0xffffcb481af8
cuda_residentd_submit_result_error rank=12 submit_work_failed status=15
resident_stage_execute_reject step=input_transport status=15 slot=0 flags=0x00000003
production_runner_submit_failed status=15 frame_flags=0x00000003 active=1 tokens=1 slot=0 position=1 frame_context=0xffffcb481af8
cuda_residentd_submit_result_error rank=12 submit_work_failed status=15
resident_stage_execute_reject step=input_transport status=15 slot=0 flags=0x00000003
production_runner_submit_failed status=15 frame_flags=0x00000003 active=1 tokens=1 slot=0 position=0 frame_context=0xffffcb481af8
cuda_residentd_submit_result_error rank=12 submit_work_failed status=15
resident_stage_execute_reject step=input_transport status=15 slot=0 flags=0x00000003
production_runner_submit_failed status=15 frame_flags=0x00000003 active=1 tokens=1 slot=0 position=1 frame_context=0xffffcb481af8
cuda_residentd_submit_result_error rank=12 submit_work_failed status=15
resident_stage_execute_reject step=input_transport status=15 slot=0 flags=0x00000003
production_runner_submit_failed status=15 frame_flags=0x00000003 active=1 tokens=1 slot=0 position=0 frame_context=0xffffcb481af8
cuda_residentd_submit_result_error rank=12 submit_work_failed status=15
resident_stage_execute_reject step=input_transport status=15 slot=0 flags=0x00000003
production_runner_submit_failed status=15 frame_flags=0x00000003 active=1 tokens=1 slot=0 position=1 frame_context=0xffffcb481af8
cuda_residentd_submit_result_error rank=12 submit_work_failed status=15
resident_stage_execute_reject step=input_transport status=15 slot=0 flags=0x00000003
production_runner_submit_failed status=15 frame_flags=0x00000003 active=1 tokens=1 slot=0 position=0 frame_context=0xffffcb481af8
cuda_residentd_submit_result_error rank=12 submit_work_failed status=15
resident_stage_execute_reject step=input_transport status=15 slot=0 flags=0x00000003
production_runner_submit_failed status=15 frame_flags=0x00000003 active=1 tokens=1 slot=0 position=1 frame_context=0xffffcb481af8
cuda_residentd_submit_result_error rank=12 submit_work_failed status=15
resident_stage_execute_reject step=input_transport status=15 slot=0 flags=0x00000003
production_runner_submit_failed status=15 frame_flags=0x00000003 active=1 tokens=1 slot=0 position=0 frame_context=0xffffcb481af8
cuda_residentd_submit_result_error rank=12 submit_work_failed status=15
resident_stage_execute_reject step=input_transport status=15 slot=0 flags=0x00000003
production_runner_submit_failed status=15 frame_flags=0x00000003 active=1 tokens=1 slot=0 position=1 frame_context=0xffffcb481af8
cuda_residentd_submit_result_error rank=12 submit_work_failed status=15
resident_stage_execute_reject step=input_transport status=15 slot=0 flags=0x00000003
production_runner_submit_failed status=15 frame_flags=0x00000003 active=1 tokens=1 slot=0 position=0 frame_context=0xffffcb481af8
cuda_residentd_submit_result_error rank=12 submit_work_failed status=15
resident_stage_execute_reject step=input_transport status=15 slot=0 flags=0x00000003
production_runner_submit_failed status=15 frame_flags=0x00000003 active=1 tokens=1 slot=0 position=1 frame_context=0xffffcb481af8
cuda_residentd_submit_result_error rank=12 submit_work_failed status=15
resident_stage_execute_reject step=input_transport status=15 slot=0 flags=0x00000003
production_runner_submit_failed status=15 frame_flags=0x00000003 active=1 tokens=1 slot=0 position=0 frame_context=0xffffcb481af8
cuda_residentd_submit_result_error rank=12 submit_work_failed status=15
resident_stage_execute_reject step=input_transport status=15 slot=0 flags=0x00000003
production_runner_submit_failed status=15 frame_flags=0x00000003 active=1 tokens=1 slot=0 position=1 frame_context=0xffffcb481af8
cuda_residentd_submit_result_error rank=12 submit_work_failed status=15
resident_stage_execute_reject step=input_transport status=15 slot=0 flags=0x00000003
production_runner_submit_failed status=15 frame_flags=0x00000003 active=1 tokens=1 slot=0 position=0 frame_context=0xffffcb481af8
cuda_residentd_submit_result_error rank=12 submit_work_failed status=15
resident_stage_execute_reject step=input_transport status=15 slot=0 flags=0x00000003
production_runner_submit_failed status=15 frame_flags=0x00000003 active=1 tokens=1 slot=0 position=1 frame_context=0xffffcb481af8
cuda_residentd_submit_result_error rank=12 submit_work_failed status=15
resident_stage_execute_reject step=input_transport status=15 slot=0 flags=0x00000003
production_runner_submit_failed status=15 frame_flags=0x00000003 active=1 tokens=1 slot=0 position=0 frame_context=0xffffcb481af8
cuda_residentd_submit_result_error rank=12 submit_work_failed status=15
resident_stage_execute_reject step=input_transport status=15 slot=0 flags=0x00000003
production_runner_submit_failed status=15 frame_flags=0x00000003 active=1 tokens=1 slot=0 position=1 frame_context=0xffffcb481af8
cuda_residentd_submit_result_error rank=12 submit_work_failed status=15
resident_stage_execute_reject step=input_transport status=15 slot=0 flags=0x00000003
production_runner_submit_failed status=15 frame_flags=0x00000003 active=1 tokens=1 slot=0 position=0 frame_context=0xffffcb481af8
cuda_residentd_submit_result_error rank=12 submit_work_failed status=15
resident_stage_execute_reject step=input_transport status=15 slot=0 flags=0x00000003
production_runner_submit_failed status=15 frame_flags=0x00000003 active=1 tokens=1 slot=0 position=1 frame_context=0xffffcb481af8
cuda_residentd_submit_result_error rank=12 submit_work_failed status=15
resident_stage_execute_reject step=input_transport status=15 slot=0 flags=0x00000003
production_runner_submit_failed status=15 frame_flags=0x00000003 active=1 tokens=1 slot=0 position=0 frame_context=0xffffcb481af8
cuda_residentd_submit_result_error rank=12 submit_work_failed status=15
resident_stage_execute_reject step=input_transport status=15 slot=0 flags=0x00000003
production_runner_submit_failed status=15 frame_flags=0x00000003 active=1 tokens=1 slot=0 position=1 frame_context=0xffffcb481af8
cuda_residentd_submit_result_error rank=12 submit_work_failed status=15
resident_stage_execute_reject step=input_transport status=15 slot=0 flags=0x00000003
production_runner_submit_failed status=15 frame_flags=0x00000003 active=1 tokens=1 slot=0 position=0 frame_context=0xffffcb481af8
cuda_residentd_submit_result_error rank=12 submit_work_failed status=15
resident_stage_execute_reject step=input_transport status=15 slot=0 flags=0x00000003
production_runner_submit_failed status=15 frame_flags=0x00000003 active=1 tokens=1 slot=0 position=1 frame_context=0xffffcb481af8
cuda_residentd_submit_result_error rank=12 submit_work_failed status=15
resident_stage_execute_reject step=input_transport status=15 slot=0 flags=0x00000003
production_runner_submit_failed status=15 frame_flags=0x00000003 active=1 tokens=1 slot=0 position=0 frame_context=0xffffcb481af8
cuda_residentd_submit_result_error rank=12 submit_work_failed status=15
resident_stage_execute_reject step=input_transport status=15 slot=0 flags=0x00000003
production_runner_submit_failed status=15 frame_flags=0x00000003 active=1 tokens=1 slot=0 position=1 frame_context=0xffffcb481af8
cuda_residentd_submit_result_error rank=12 submit_work_failed status=15
resident_stage_execute_reject step=input_transport status=15 slot=0 flags=0x00000003
production_runner_submit_failed status=15 frame_flags=0x00000003 active=1 tokens=1 slot=0 position=0 frame_context=0xffffcb481af8
cuda_residentd_submit_result_error rank=12 submit_work_failed status=15
resident_stage_execute_reject step=input_transport status=15 slot=0 flags=0x00000003
production_runner_submit_failed status=15 frame_flags=0x00000003 active=1 tokens=1 slot=0 position=1 frame_context=0xffffcb481af8
cuda_residentd_submit_result_error rank=12 submit_work_failed status=15
resident_stage_execute_reject step=input_transport status=15 slot=0 flags=0x00000003
production_runner_submit_failed status=15 frame_flags=0x00000003 active=1 tokens=1 slot=0 position=0 frame_context=0xffffcb481af8
cuda_residentd_submit_result_error rank=12 submit_work_failed status=15
resident_stage_execute_reject step=input_transport status=15 slot=0 flags=0x00000003
production_runner_submit_failed status=15 frame_flags=0x00000003 active=1 tokens=1 slot=0 position=1 frame_context=0xffffcb481af8
cuda_residentd_submit_result_error rank=12 submit_work_failed status=15
resident_stage_execute_reject step=input_transport status=15 slot=0 flags=0x00000003
production_runner_submit_failed status=15 frame_flags=0x00000003 active=1 tokens=1 slot=0 position=0 frame_context=0xffffcb481af8
cuda_residentd_submit_result_error rank=12 submit_work_failed status=15
resident_stage_execute_reject step=input_transport status=15 slot=0 flags=0x00000003
production_runner_submit_failed status=15 frame_flags=0x00000003 active=1 tokens=1 slot=0 position=1 frame_context=0xffffcb481af8
cuda_residentd_submit_result_error rank=12 submit_work_failed status=15
resident_stage_execute_reject step=input_transport status=15 slot=0 flags=0x00000003
production_runner_submit_failed status=15 frame_flags=0x00000003 active=1 tokens=1 slot=0 position=0 frame_context=0xffffcb481af8
cuda_residentd_submit_result_error rank=12 submit_work_failed status=15
resident_stage_execute_reject step=input_transport status=15 slot=0 flags=0x00000003
production_runner_submit_failed status=15 frame_flags=0x00000003 active=1 tokens=1 slot=0 position=1 frame_context=0xffffcb481af8
cuda_residentd_submit_result_error rank=12 submit_work_failed status=15
resident_stage_execute_reject step=input_transport status=15 slot=0 flags=0x00000003
production_runner_submit_failed status=15 frame_flags=0x00000003 active=1 tokens=1 slot=0 position=0 frame_context=0xffffcb481af8
cuda_residentd_submit_result_error rank=12 submit_work_failed status=15
resident_stage_execute_reject step=input_transport status=15 slot=0 flags=0x00000003
production_runner_submit_failed status=15 frame_flags=0x00000003 active=1 tokens=1 slot=0 position=1 frame_context=0xffffcb481af8
cuda_residentd_submit_result_error rank=12 submit_work_failed status=15
resident_stage_execute_reject step=input_transport status=15 slot=0 flags=0x00000003
production_runner_submit_failed status=15 frame_flags=0x00000003 active=1 tokens=1 slot=0 position=0 frame_context=0xffffcb481af8
cuda_residentd_submit_result_error rank=12 submit_work_failed status=15
resident_stage_execute_reject step=input_transport status=15 slot=0 flags=0x00000003
production_runner_submit_failed status=15 frame_flags=0x00000003 active=1 tokens=1 slot=0 position=1 frame_context=0xffffcb481af8
cuda_residentd_submit_result_error rank=12 submit_work_failed status=15
resident_stage_execute_reject step=input_transport status=15 slot=0 flags=0x00000003
production_runner_submit_failed status=15 frame_flags=0x00000003 active=1 tokens=1 slot=0 position=0 frame_context=0xffffcb481af8
cuda_residentd_submit_result_error rank=12 submit_work_failed status=15
resident_stage_execute_reject step=input_transport status=15 slot=0 flags=0x00000003
production_runner_submit_failed status=15 frame_flags=0x00000003 active=1 tokens=1 slot=0 position=1 frame_context=0xffffcb481af8
cuda_residentd_submit_result_error rank=12 submit_work_failed status=15
resident_stage_execute_reject step=input_transport status=15 slot=0 flags=0x00000003
production_runner_submit_failed status=15 frame_flags=0x00000003 active=1 tokens=1 slot=0 position=0 frame_context=0xffffcb481af8
cuda_residentd_submit_result_error rank=12 submit_work_failed status=15
resident_stage_execute_reject step=input_transport status=15 slot=0 flags=0x00000003
production_runner_submit_failed status=15 frame_flags=0x00000003 active=1 tokens=1 slot=0 position=1 frame_context=0xffffcb481af8
cuda_residentd_submit_result_error rank=12 submit_work_failed status=15
resident_stage_execute_reject step=input_transport status=15 slot=0 flags=0x00000003
production_runner_submit_failed status=15 frame_flags=0x00000003 active=1 tokens=1 slot=0 position=0 frame_context=0xffffcb481af8
cuda_residentd_submit_result_error rank=12 submit_work_failed status=15
resident_stage_execute_reject step=input_transport status=15 slot=0 flags=0x00000003
production_runner_submit_failed status=15 frame_flags=0x00000003 active=1 tokens=1 slot=0 position=1 frame_context=0xffffcb481af8
cuda_residentd_submit_result_error rank=12 submit_work_failed status=15
resident_stage_execute_reject step=input_transport status=15 slot=0 flags=0x00000003
production_runner_submit_failed status=15 frame_flags=0x00000003 active=1 tokens=1 slot=0 position=0 frame_context=0xffffcb481af8
cuda_residentd_submit_result_error rank=12 submit_work_failed status=15
resident_stage_execute_reject step=input_transport status=15 slot=0 flags=0x00000003
production_runner_submit_failed status=15 frame_flags=0x00000003 active=1 tokens=1 slot=0 position=1 frame_context=0xffffcb481af8
cuda_residentd_submit_result_error rank=12 submit_work_failed status=15
resident_stage_execute_reject step=input_transport status=15 slot=0 flags=0x00000003
production_runner_submit_failed status=15 frame_flags=0x00000003 active=1 tokens=1 slot=0 position=0 frame_context=0xffffcb481af8
cuda_residentd_submit_result_error rank=12 submit_work_failed status=15
resident_stage_execute_reject step=input_transport status=15 slot=0 flags=0x00000003
production_runner_submit_failed status=15 frame_flags=0x00000003 active=1 tokens=1 slot=0 position=1 frame_context=0xffffcb481af8
cuda_residentd_submit_result_error rank=12 submit_work_failed status=15
resident_stage_execute_reject step=input_transport status=15 slot=0 flags=0x00000003
production_runner_submit_failed status=15 frame_flags=0x00000003 active=1 tokens=1 slot=0 position=0 frame_context=0xffffcb481af8
cuda_residentd_submit_result_error rank=12 submit_work_failed status=15
resident_stage_execute_reject step=input_transport status=15 slot=0 flags=0x00000003
production_runner_submit_failed status=15 frame_flags=0x00000003 active=1 tokens=1 slot=0 position=1 frame_context=0xffffcb481af8
cuda_residentd_submit_result_error rank=12 submit_work_failed status=15
resident_stage_execute_reject step=input_transport status=15 slot=0 flags=0x00000003
production_runner_submit_failed status=15 frame_flags=0x00000003 active=1 tokens=1 slot=0 position=0 frame_context=0xffffcb481af8
cuda_residentd_submit_result_error rank=12 submit_work_failed status=15
resident_stage_execute_reject step=input_transport status=15 slot=0 flags=0x00000003
production_runner_submit_failed status=15 frame_flags=0x00000003 active=1 tokens=1 slot=0 position=1 frame_context=0xffffcb481af8
cuda_residentd_submit_result_error rank=12 submit_work_failed status=15
resident_stage_execute_reject step=input_transport status=15 slot=0 flags=0x00000003
production_runner_submit_failed status=15 frame_flags=0x00000003 active=1 tokens=1 slot=0 position=0 frame_context=0xffffcb481af8
cuda_residentd_submit_result_error rank=12 submit_work_failed status=15
resident_stage_execute_reject step=input_transport status=15 slot=0 flags=0x00000003
production_runner_submit_failed status=15 frame_flags=0x00000003 active=1 tokens=1 slot=0 position=1 frame_context=0xffffcb481af8
cuda_residentd_submit_result_error rank=12 submit_work_failed status=15
resident_stage_execute_reject step=input_transport status=15 slot=0 flags=0x00000003
production_runner_submit_failed status=15 frame_flags=0x00000003 active=1 tokens=1 slot=0 position=0 frame_context=0xffffcb481af8
cuda_residentd_submit_result_error rank=12 submit_work_failed status=15
resident_stage_execute_reject step=input_transport status=15 slot=0 flags=0x00000003
production_runner_submit_failed status=15 frame_flags=0x00000003 active=1 tokens=1 slot=0 position=1 frame_context=0xffffcb481af8
cuda_residentd_submit_result_error rank=12 submit_work_failed status=15
resident_stage_execute_reject step=input_transport status=15 slot=0 flags=0x00000003
production_runner_submit_failed status=15 frame_flags=0x00000003 active=1 tokens=1 slot=0 position=0 frame_context=0xffffcb481af8
cuda_residentd_submit_result_error rank=12 submit_work_failed status=15
resident_stage_execute_reject step=input_transport status=15 slot=0 flags=0x00000003
production_runner_submit_failed status=15 frame_flags=0x00000003 active=1 tokens=1 slot=0 position=1 frame_context=0xffffcb481af8
cuda_residentd_submit_result_error rank=12 submit_work_failed status=15
resident_stage_execute_reject step=input_transport status=15 slot=0 flags=0x00000003
production_runner_submit_failed status=15 frame_flags=0x00000003 active=1 tokens=1 slot=0 position=0 frame_context=0xffffcb481af8
cuda_residentd_submit_result_error rank=12 submit_work_failed status=15
resident_stage_execute_reject step=input_transport status=15 slot=0 flags=0x00000003
production_runner_submit_failed status=15 frame_flags=0x00000003 active=1 tokens=1 slot=0 position=1 frame_context=0xffffcb481af8
cuda_residentd_submit_result_error rank=12 submit_work_failed status=15
resident_stage_execute_reject step=input_transport status=15 slot=0 flags=0x00000003
production_runner_submit_failed status=15 frame_flags=0x00000003 active=1 tokens=1 slot=0 position=0 frame_context=0xffffcb481af8
cuda_residentd_submit_result_error rank=12 submit_work_failed status=15
resident_stage_execute_reject step=input_transport status=15 slot=0 flags=0x00000003
production_runner_submit_failed status=15 frame_flags=0x00000003 active=1 tokens=1 slot=0 position=1 frame_context=0xffffcb481af8
cuda_residentd_submit_result_error rank=12 submit_work_failed status=15
resident_stage_execute_reject step=input_transport status=15 slot=0 flags=0x00000003
production_runner_submit_failed status=15 frame_flags=0x00000003 active=1 tokens=1 slot=0 position=0 frame_context=0xffffcb481af8
cuda_residentd_submit_result_error rank=12 submit_work_failed status=15
resident_stage_execute_reject step=input_transport status=15 slot=0 flags=0x00000003
production_runner_submit_failed status=15 frame_flags=0x00000003 active=1 tokens=1 slot=0 position=1 frame_context=0xffffcb481af8
cuda_residentd_submit_result_error rank=12 submit_work_failed status=15
resident_stage_execute_reject step=input_transport status=15 slot=0 flags=0x00000003
production_runner_submit_failed status=15 frame_flags=0x00000003 active=1 tokens=1 slot=0 position=0 frame_context=0xffffcb481af8
cuda_residentd_submit_result_error rank=12 submit_work_failed status=15
resident_stage_execute_reject step=input_transport status=15 slot=0 flags=0x00000003
production_runner_submit_failed status=15 frame_flags=0x00000003 active=1 tokens=1 slot=0 position=1 frame_context=0xffffcb481af8
cuda_residentd_submit_result_error rank=12 submit_work_failed status=15
resident_stage_execute_reject step=input_transport status=15 slot=0 flags=0x00000003
production_runner_submit_failed status=15 frame_flags=0x00000003 active=1 tokens=1 slot=0 position=0 frame_context=0xffffcb481af8
cuda_residentd_submit_result_error rank=12 submit_work_failed status=15
resident_stage_execute_reject step=input_transport status=15 slot=0 flags=0x00000003
production_runner_submit_failed status=15 frame_flags=0x00000003 active=1 tokens=1 slot=0 position=1 frame_context=0xffffcb481af8
cuda_residentd_submit_result_error rank=12 submit_work_failed status=15
resident_stage_execute_reject step=input_transport status=15 slot=0 flags=0x00000003
production_runner_submit_failed status=15 frame_flags=0x00000003 active=1 tokens=1 slot=0 position=0 frame_context=0xffffcb481af8
cuda_residentd_submit_result_error rank=12 submit_work_failed status=15
resident_stage_execute_reject step=input_transport status=15 slot=0 flags=0x00000003
production_runner_submit_failed status=15 frame_flags=0x00000003 active=1 tokens=1 slot=0 position=1 frame_context=0xffffcb481af8
cuda_residentd_submit_result_error rank=12 submit_work_failed status=15
resident_stage_execute_reject step=input_transport status=15 slot=0 flags=0x00000003
production_runner_submit_failed status=15 frame_flags=0x00000003 active=1 tokens=1 slot=0 position=0 frame_context=0xffffcb481af8
cuda_residentd_submit_result_error rank=12 submit_work_failed status=15
resident_stage_execute_reject step=input_transport status=15 slot=0 flags=0x00000003
production_runner_submit_failed status=15 frame_flags=0x00000003 active=1 tokens=1 slot=0 position=1 frame_context=0xffffcb481af8
cuda_residentd_submit_result_error rank=12 submit_work_failed status=15
resident_stage_execute_reject step=input_transport status=15 slot=0 flags=0x00000003
production_runner_submit_failed status=15 frame_flags=0x00000003 active=1 tokens=1 slot=0 position=0 frame_context=0xffffcb481af8
cuda_residentd_submit_result_error rank=12 submit_work_failed status=15
resident_stage_execute_reject step=input_transport status=15 slot=0 flags=0x00000003
production_runner_submit_failed status=15 frame_flags=0x00000003 active=1 tokens=1 slot=0 position=1 frame_context=0xffffcb481af8
cuda_residentd_submit_result_error rank=12 submit_work_failed status=15
resident_stage_execute_reject step=input_transport status=15 slot=0 flags=0x00000003
production_runner_submit_failed status=15 frame_flags=0x00000003 active=1 tokens=1 slot=0 position=0 frame_context=0xffffcb481af8
cuda_residentd_submit_result_error rank=12 submit_work_failed status=15
resident_stage_execute_reject step=input_transport status=15 slot=0 flags=0x00000003
production_runner_submit_failed status=15 frame_flags=0x00000003 active=1 tokens=1 slot=0 position=1 frame_context=0xffffcb481af8
cuda_residentd_submit_result_error rank=12 submit_work_failed status=15
resident_stage_execute_reject step=input_transport status=15 slot=0 flags=0x00000003
production_runner_submit_failed status=15 frame_flags=0x00000003 active=1 tokens=1 slot=0 position=0 frame_context=0xffffcb481af8
cuda_residentd_submit_result_error rank=12 submit_work_failed status=15
resident_stage_execute_reject step=input_transport status=15 slot=0 flags=0x00000003
production_runner_submit_failed status=15 frame_flags=0x00000003 active=1 tokens=1 slot=0 position=1 frame_context=0xffffcb481af8
cuda_residentd_submit_result_error rank=12 submit_work_failed status=15
resident_stage_execute_reject step=input_transport status=15 slot=0 flags=0x00000003
production_runner_submit_failed status=15 frame_flags=0x00000003 active=1 tokens=1 slot=0 position=0 frame_context=0xffffcb481af8
cuda_residentd_submit_result_error rank=12 submit_work_failed status=15
resident_stage_execute_reject step=input_transport status=15 slot=0 flags=0x00000003
production_runner_submit_failed status=15 frame_flags=0x00000003 active=1 tokens=1 slot=0 position=1 frame_context=0xffffcb481af8
cuda_residentd_submit_result_error rank=12 submit_work_failed status=15
resident_stage_execute_reject step=input_transport status=15 slot=0 flags=0x00000003
production_runner_submit_failed status=15 frame_flags=0x00000003 active=1 tokens=1 slot=0 position=0 frame_context=0xffffcb481af8
cuda_residentd_submit_result_error rank=12 submit_work_failed status=15
resident_stage_execute_reject step=input_transport status=15 slot=0 flags=0x00000003
production_runner_submit_failed status=15 frame_flags=0x00000003 active=1 tokens=1 slot=0 position=1 frame_context=0xffffcb481af8
cuda_residentd_submit_result_error rank=12 submit_work_failed status=15
resident_stage_execute_reject step=input_transport status=15 slot=0 flags=0x00000003
production_runner_submit_failed status=15 frame_flags=0x00000003 active=1 tokens=1 slot=0 position=0 frame_context=0xffffcb481af8
cuda_residentd_submit_result_error rank=12 submit_work_failed status=15
resident_stage_execute_reject step=input_transport status=15 slot=0 flags=0x00000003
production_runner_submit_failed status=15 frame_flags=0x00000003 active=1 tokens=1 slot=0 position=1 frame_context=0xffffcb481af8
cuda_residentd_submit_result_error rank=12 submit_work_failed status=15
resident_stage_execute_reject step=input_transport status=15 slot=0 flags=0x00000003
production_runner_submit_failed status=15 frame_flags=0x00000003 active=1 tokens=1 slot=0 position=0 frame_context=0xffffcb481af8
cuda_residentd_submit_result_error rank=12 submit_work_failed status=15
resident_stage_execute_reject step=input_transport status=15 slot=0 flags=0x00000003
production_runner_submit_failed status=15 frame_flags=0x00000003 active=1 tokens=1 slot=0 position=1 frame_context=0xffffcb481af8
cuda_residentd_submit_result_error rank=12 submit_work_failed status=15
resident_stage_execute_reject step=input_transport status=15 slot=0 flags=0x00000003
production_runner_submit_failed status=15 frame_flags=0x00000003 active=1 tokens=1 slot=0 position=0 frame_context=0xffffcb481af8
cuda_residentd_submit_result_error rank=12 submit_work_failed status=15
resident_stage_execute_reject step=input_transport status=15 slot=0 flags=0x00000003
production_runner_submit_failed status=15 frame_flags=0x00000003 active=1 tokens=1 slot=0 position=1 frame_context=0xffffcb481af8
cuda_residentd_submit_result_error rank=12 submit_work_failed status=15
resident_stage_execute_reject step=input_transport status=15 slot=0 flags=0x00000003
production_runner_submit_failed status=15 frame_flags=0x00000003 active=1 tokens=1 slot=0 position=0 frame_context=0xffffcb481af8
cuda_residentd_submit_result_error rank=12 submit_work_failed status=15
resident_stage_execute_reject step=input_transport status=15 slot=0 flags=0x00000003
production_runner_submit_failed status=15 frame_flags=0x00000003 active=1 tokens=1 slot=0 position=1 frame_context=0xffffcb481af8
cuda_residentd_submit_result_error rank=12 submit_work_failed status=15
resident_stage_execute_reject step=input_transport status=15 slot=0 flags=0x00000003
production_runner_submit_failed status=15 frame_flags=0x00000003 active=1 tokens=1 slot=0 position=0 frame_context=0xffffcb481af8
cuda_residentd_submit_result_error rank=12 submit_work_failed status=15
resident_stage_execute_reject step=input_transport status=15 slot=0 flags=0x00000003
production_runner_submit_failed status=15 frame_flags=0x00000003 active=1 tokens=1 slot=0 position=1 frame_context=0xffffcb481af8
cuda_residentd_submit_result_error rank=12 submit_work_failed status=15
resident_stage_execute_reject step=input_transport status=15 slot=0 flags=0x00000003
production_runner_submit_failed status=15 frame_flags=0x00000003 active=1 tokens=1 slot=0 position=0 frame_context=0xffffcb481af8
cuda_residentd_submit_result_error rank=12 submit_work_failed status=15
resident_stage_execute_reject step=input_transport status=15 slot=0 flags=0x00000003
production_runner_submit_failed status=15 frame_flags=0x00000003 active=1 tokens=1 slot=0 position=1 frame_context=0xffffcb481af8
cuda_residentd_submit_result_error rank=12 submit_work_failed status=15
resident_stage_execute_reject step=input_transport status=15 slot=0 flags=0x00000003
production_runner_submit_failed status=15 frame_flags=0x00000003 active=1 tokens=1 slot=0 position=0 frame_context=0xffffcb481af8
cuda_residentd_submit_result_error rank=12 submit_work_failed status=15
resident_stage_execute_reject step=input_transport status=15 slot=0 flags=0x00000003
production_runner_submit_failed status=15 frame_flags=0x00000003 active=1 tokens=1 slot=0 position=1 frame_context=0xffffcb481af8
cuda_residentd_submit_result_error rank=12 submit_work_failed status=15
resident_stage_execute_reject step=input_transport status=15 slot=0 flags=0x00000003
production_runner_submit_failed status=15 frame_flags=0x00000003 active=1 tokens=1 slot=0 position=0 frame_context=0xffffcb481af8
cuda_residentd_submit_result_error rank=12 submit_work_failed status=15
resident_stage_execute_reject step=input_transport status=15 slot=0 flags=0x00000003
production_runner_submit_failed status=15 frame_flags=0x00000003 active=1 tokens=1 slot=0 position=1 frame_context=0xffffcb481af8
cuda_residentd_submit_result_error rank=12 submit_work_failed status=15
resident_stage_execute_reject step=input_transport status=15 slot=0 flags=0x00000003
production_runner_submit_failed status=15 frame_flags=0x00000003 active=1 tokens=1 slot=0 position=0 frame_context=0xffffcb481af8
cuda_residentd_submit_result_error rank=12 submit_work_failed status=15
resident_stage_execute_reject step=input_transport status=15 slot=0 flags=0x00000003
production_runner_submit_failed status=15 frame_flags=0x00000003 active=1 tokens=1 slot=0 position=1 frame_context=0xffffcb481af8
cuda_residentd_submit_result_error rank=12 submit_work_failed status=15
resident_stage_execute_reject step=input_transport status=15 slot=0 flags=0x00000003
production_runner_submit_failed status=15 frame_flags=0x00000003 active=1 tokens=1 slot=0 position=0 frame_context=0xffffcb481af8
cuda_residentd_submit_result_error rank=12 submit_work_failed status=15
resident_stage_execute_reject step=input_transport status=15 slot=0 flags=0x00000003
production_runner_submit_failed status=15 frame_flags=0x00000003 active=1 tokens=1 slot=0 position=1 frame_context=0xffffcb481af8
cuda_residentd_submit_result_error rank=12 submit_work_failed status=15
resident_stage_execute_reject step=input_transport status=15 slot=0 flags=0x00000003
production_runner_submit_failed status=15 frame_flags=0x00000003 active=1 tokens=1 slot=0 position=0 frame_context=0xffffcb481af8
cuda_residentd_submit_result_error rank=12 submit_work_failed status=15
resident_stage_execute_reject step=input_transport status=15 slot=0 flags=0x00000003
production_runner_submit_failed status=15 frame_flags=0x00000003 active=1 tokens=1 slot=0 position=1 frame_context=0xffffcb481af8
cuda_residentd_submit_result_error rank=12 submit_work_failed status=15
resident_stage_execute_reject step=input_transport status=15 slot=0 flags=0x00000003
production_runner_submit_failed status=15 frame_flags=0x00000003 active=1 tokens=1 slot=0 position=0 frame_context=0xffffcb481af8
cuda_residentd_submit_result_error rank=12 submit_work_failed status=15
resident_stage_execute_reject step=input_transport status=15 slot=0 flags=0x00000003
production_runner_submit_failed status=15 frame_flags=0x00000003 active=1 tokens=1 slot=0 position=1 frame_context=0xffffcb481af8
cuda_residentd_submit_result_error rank=12 submit_work_failed status=15
resident_stage_execute_reject step=input_transport status=15 slot=0 flags=0x00000003
production_runner_submit_failed status=15 frame_flags=0x00000003 active=1 tokens=1 slot=0 position=0 frame_context=0xffffcb481af8
cuda_residentd_submit_result_error rank=12 submit_work_failed status=15
resident_stage_execute_reject step=input_transport status=15 slot=0 flags=0x00000003
production_runner_submit_failed status=15 frame_flags=0x00000003 active=1 tokens=1 slot=0 position=1 frame_context=0xffffcb481af8
cuda_residentd_submit_result_error rank=12 submit_work_failed status=15
resident_stage_execute_reject step=input_transport status=15 slot=0 flags=0x00000003
production_runner_submit_failed status=15 frame_flags=0x00000003 active=1 tokens=1 slot=0 position=0 frame_context=0xffffcb481af8
cuda_residentd_submit_result_error rank=12 submit_work_failed status=15
resident_stage_execute_reject step=input_transport status=15 slot=0 flags=0x00000003
production_runner_submit_failed status=15 frame_flags=0x00000003 active=1 tokens=1 slot=0 position=1 frame_context=0xffffcb481af8
cuda_residentd_submit_result_error rank=12 submit_work_failed status=15
resident_stage_execute_reject step=input_transport status=15 slot=0 flags=0x00000003
production_runner_submit_failed status=15 frame_flags=0x00000003 active=1 tokens=1 slot=0 position=0 frame_context=0xffffcb481af8
cuda_residentd_submit_result_error rank=12 submit_work_failed status=15
resident_stage_execute_reject step=input_transport status=15 slot=0 flags=0x00000003
production_runner_submit_failed status=15 frame_flags=0x00000003 active=1 tokens=1 slot=0 position=1 frame_context=0xffffcb481af8
cuda_residentd_submit_result_error rank=12 submit_work_failed status=15
resident_stage_execute_reject step=input_transport status=15 slot=0 flags=0x00000003
production_runner_submit_failed status=15 frame_flags=0x00000003 active=1 tokens=1 slot=0 position=0 frame_context=0xffffcb481af8
cuda_residentd_submit_result_error rank=12 submit_work_failed status=15
resident_stage_execute_reject step=input_transport status=15 slot=0 flags=0x00000003
production_runner_submit_failed status=15 frame_flags=0x00000003 active=1 tokens=1 slot=0 position=1 frame_context=0xffffcb481af8
cuda_residentd_submit_result_error rank=12 submit_work_failed status=15
resident_stage_execute_reject step=input_transport status=15 slot=0 flags=0x00000003
production_runner_submit_failed status=15 frame_flags=0x00000003 active=1 tokens=1 slot=0 position=0 frame_context=0xffffcb481af8
cuda_residentd_submit_result_error rank=12 submit_work_failed status=15
resident_stage_execute_reject step=input_transport status=15 slot=0 flags=0x00000003
production_runner_submit_failed status=15 frame_flags=0x00000003 active=1 tokens=1 slot=0 position=1 frame_context=0xffffcb481af8
cuda_residentd_submit_result_error rank=12 submit_work_failed status=15
resident_stage_execute_reject step=input_transport status=15 slot=0 flags=0x00000003
production_runner_submit_failed status=15 frame_flags=0x00000003 active=1 tokens=1 slot=0 position=0 frame_context=0xffffcb481af8
cuda_residentd_submit_result_error rank=12 submit_work_failed status=15
resident_stage_execute_reject step=input_transport status=15 slot=0 flags=0x00000003
production_runner_submit_failed status=15 frame_flags=0x00000003 active=1 tokens=1 slot=0 position=1 frame_context=0xffffcb481af8
cuda_residentd_submit_result_error rank=12 submit_work_failed status=15
resident_stage_execute_reject step=input_transport status=15 slot=0 flags=0x00000003
production_runner_submit_failed status=15 frame_flags=0x00000003 active=1 tokens=1 slot=0 position=0 frame_context=0xffffcb481af8
cuda_residentd_submit_result_error rank=12 submit_work_failed status=15
resident_stage_execute_reject step=input_transport status=15 slot=0 flags=0x00000003
production_runner_submit_failed status=15 frame_flags=0x00000003 active=1 tokens=1 slot=0 position=1 frame_context=0xffffcb481af8
cuda_residentd_submit_result_error rank=12 submit_work_failed status=15
resident_stage_execute_reject step=input_transport status=15 slot=0 flags=0x00000003
production_runner_submit_failed status=15 frame_flags=0x00000003 active=1 tokens=1 slot=0 position=0 frame_context=0xffffcb481af8
cuda_residentd_submit_result_error rank=12 submit_work_failed status=15
resident_stage_execute_reject step=input_transport status=15 slot=0 flags=0x00000003
production_runner_submit_failed status=15 frame_flags=0x00000003 active=1 tokens=1 slot=0 position=1 frame_context=0xffffcb481af8
cuda_residentd_submit_result_error rank=12 submit_work_failed status=15
resident_stage_execute_reject step=input_transport status=15 slot=0 flags=0x00000003
production_runner_submit_failed status=15 frame_flags=0x00000003 active=1 tokens=1 slot=0 position=0 frame_context=0xffffcb481af8
cuda_residentd_submit_result_error rank=12 submit_work_failed status=15
resident_stage_execute_reject step=input_transport status=15 slot=0 flags=0x00000003
production_runner_submit_failed status=15 frame_flags=0x00000003 active=1 tokens=1 slot=0 position=1 frame_context=0xffffcb481af8
cuda_residentd_submit_result_error rank=12 submit_work_failed status=15
resident_stage_execute_reject step=input_transport status=15 slot=0 flags=0x00000003
production_runner_submit_failed status=15 frame_flags=0x00000003 active=1 tokens=1 slot=0 position=0 frame_context=0xffffcb481af8
cuda_residentd_submit_result_error rank=12 submit_work_failed status=15
resident_stage_execute_reject step=input_transport status=15 slot=0 flags=0x00000003
production_runner_submit_failed status=15 frame_flags=0x00000003 active=1 tokens=1 slot=0 position=1 frame_context=0xffffcb481af8
cuda_residentd_submit_result_error rank=12 submit_work_failed status=15
resident_stage_execute_reject step=input_transport status=15 slot=0 flags=0x00000003
production_runner_submit_failed status=15 frame_flags=0x00000003 active=1 tokens=1 slot=0 position=0 frame_context=0xffffcb481af8
cuda_residentd_submit_result_error rank=12 submit_work_failed status=15
resident_stage_execute_reject step=input_transport status=15 slot=0 flags=0x00000003
production_runner_submit_failed status=15 frame_flags=0x00000003 active=1 tokens=1 slot=0 position=1 frame_context=0xffffcb481af8
cuda_residentd_submit_result_error rank=12 submit_work_failed status=15
resident_stage_execute_reject step=input_transport status=15 slot=0 flags=0x00000003
production_runner_submit_failed status=15 frame_flags=0x00000003 active=1 tokens=1 slot=0 position=0 frame_context=0xffffcb481af8
cuda_residentd_submit_result_error rank=12 submit_work_failed status=15
resident_stage_execute_reject step=input_transport status=15 slot=0 flags=0x00000003
production_runner_submit_failed status=15 frame_flags=0x00000003 active=1 tokens=1 slot=0 position=1 frame_context=0xffffcb481af8
cuda_residentd_submit_result_error rank=12 submit_work_failed status=15
resident_stage_execute_reject step=input_transport status=15 slot=0 flags=0x00000003
production_runner_submit_failed status=15 frame_flags=0x00000003 active=1 tokens=1 slot=0 position=0 frame_context=0xffffcb481af8
cuda_residentd_submit_result_error rank=12 submit_work_failed status=15
resident_stage_execute_reject step=input_transport status=15 slot=0 flags=0x00000003
production_runner_submit_failed status=15 frame_flags=0x00000003 active=1 tokens=1 slot=0 position=1 frame_context=0xffffcb481af8
cuda_residentd_submit_result_error rank=12 submit_work_failed status=15
resident_stage_execute_reject step=input_transport status=15 slot=0 flags=0x00000003
production_runner_submit_failed status=15 frame_flags=0x00000003 active=1 tokens=1 slot=0 position=0 frame_context=0xffffcb481af8
cuda_residentd_submit_result_error rank=12 submit_work_failed status=15
resident_stage_execute_reject step=input_transport status=15 slot=0 flags=0x00000003
production_runner_submit_failed status=15 frame_flags=0x00000003 active=1 tokens=1 slot=0 position=1 frame_context=0xffffcb481af8
cuda_residentd_submit_result_error rank=12 submit_work_failed status=15
resident_stage_execute_reject step=input_transport status=15 slot=0 flags=0x00000003
production_runner_submit_failed status=15 frame_flags=0x00000003 active=1 tokens=1 slot=0 position=0 frame_context=0xffffcb481af8
cuda_residentd_submit_result_error rank=12 submit_work_failed status=15
resident_stage_execute_reject step=input_transport status=15 slot=0 flags=0x00000003
production_runner_submit_failed status=15 frame_flags=0x00000003 active=1 tokens=1 slot=0 position=1 frame_context=0xffffcb481af8
cuda_residentd_submit_result_error rank=12 submit_work_failed status=15
resident_stage_execute_reject step=input_transport status=15 slot=0 flags=0x00000003
production_runner_submit_failed status=15 frame_flags=0x00000003 active=1 tokens=1 slot=0 position=0 frame_context=0xffffcb481af8
cuda_residentd_submit_result_error rank=12 submit_work_failed status=15
resident_stage_execute_reject step=input_transport status=15 slot=0 flags=0x00000003
production_runner_submit_failed status=15 frame_flags=0x00000003 active=1 tokens=1 slot=0 position=1 frame_context=0xffffcb481af8
cuda_residentd_submit_result_error rank=12 submit_work_failed status=15
resident_stage_execute_reject step=input_transport status=15 slot=0 flags=0x00000003
production_runner_submit_failed status=15 frame_flags=0x00000003 active=1 tokens=1 slot=0 position=0 frame_context=0xffffcb481af8
cuda_residentd_submit_result_error rank=12 submit_work_failed status=15
resident_stage_execute_reject step=input_transport status=15 slot=0 flags=0x00000003
production_runner_submit_failed status=15 frame_flags=0x00000003 active=1 tokens=1 slot=0 position=1 frame_context=0xffffcb481af8
cuda_residentd_submit_result_error rank=12 submit_work_failed status=15
resident_stage_execute_reject step=input_transport status=15 slot=0 flags=0x00000003
production_runner_submit_failed status=15 frame_flags=0x00000003 active=1 tokens=1 slot=0 position=0 frame_context=0xffffcb481af8
cuda_residentd_submit_result_error rank=12 submit_work_failed status=15
resident_stage_execute_reject step=input_transport status=15 slot=0 flags=0x00000003
production_runner_submit_failed status=15 frame_flags=0x00000003 active=1 tokens=1 slot=0 position=1 frame_context=0xffffcb481af8
cuda_residentd_submit_result_error rank=12 submit_work_failed status=15
resident_stage_execute_reject step=input_transport status=15 slot=0 flags=0x00000003
production_runner_submit_failed status=15 frame_flags=0x00000003 active=1 tokens=1 slot=0 position=0 frame_context=0xffffcb481af8
cuda_residentd_submit_result_error rank=12 submit_work_failed status=15
resident_stage_execute_reject step=input_transport status=15 slot=0 flags=0x00000003
production_runner_submit_failed status=15 frame_flags=0x00000003 active=1 tokens=1 slot=0 position=1 frame_context=0xffffcb481af8
cuda_residentd_submit_result_error rank=12 submit_work_failed status=15
resident_stage_execute_reject step=input_transport status=15 slot=0 flags=0x00000003
production_runner_submit_failed status=15 frame_flags=0x00000003 active=1 tokens=1 slot=0 position=0 frame_context=0xffffcb481af8
cuda_residentd_submit_result_error rank=12 submit_work_failed status=15
resident_stage_execute_reject step=input_transport status=15 slot=0 flags=0x00000003
production_runner_submit_failed status=15 frame_flags=0x00000003 active=1 tokens=1 slot=0 position=1 frame_context=0xffffcb481af8
cuda_residentd_submit_result_error rank=12 submit_work_failed status=15
resident_stage_execute_reject step=input_transport status=15 slot=0 flags=0x00000003
production_runner_submit_failed status=15 frame_flags=0x00000003 active=1 tokens=1 slot=0 position=0 frame_context=0xffffcb481af8
cuda_residentd_submit_result_error rank=12 submit_work_failed status=15
resident_stage_execute_reject step=input_transport status=15 slot=0 flags=0x00000003
production_runner_submit_failed status=15 frame_flags=0x00000003 active=1 tokens=1 slot=0 position=1 frame_context=0xffffcb481af8
cuda_residentd_submit_result_error rank=12 submit_work_failed status=15
tcp_frame_delivered seq=1 pos=0 active=1 sk=1 sb=8192
hidden_tcp_deliver seq=1 token=0 active=1 sideband_kind=1 hidden_hash=5a7c9fcf6cc4b361 sideband_hash=b9d103fd6854a325 hidden_bytes=12288 sideband_bytes=8192
tcp_frame_delivered seq=1 pos=1 active=1 sk=1 sb=8192
stage_finish_submit graph_capture=1 signature=15418384427009528575 completion=(nil) function=(nil)
hidden_tcp_deliver seq=1 token=1 active=1 sideband_kind=1 hidden_hash=5bf24261d596122c sideband_hash=b9d103fd6854a325 hidden_bytes=12288 sideband_bytes=8192
stage_finish_submit graph_capture=1 signature=1321275546496495036 completion=(nil) function=(nil)
tcp_frame_delivered seq=1 pos=2 active=1 sk=1 sb=8192
hidden_tcp_deliver seq=1 token=2 active=1 sideband_kind=1 hidden_hash=86f8f70b0fa2bc5b sideband_hash=b9d103fd6854a325 hidden_bytes=12288 sideband_bytes=8192
stage_finish_submit graph_capture=1 signature=12296338911995996525 completion=(nil) function=(nil)
resident_stage_execute_reject step=input_transport status=15 slot=0 flags=0x00000003
production_runner_submit_failed status=15 frame_flags=0x00000003 active=1 tokens=1 slot=0 position=3 frame_context=0xffffcb481af8
cuda_residentd_submit_result_error rank=12 submit_work_failed status=15
resident_stage_execute_reject step=input_transport status=15 slot=0 flags=0x00000003
production_runner_submit_failed status=15 frame_flags=0x00000003 active=1 tokens=1 slot=0 position=4 frame_context=0xffffcb481af8
cuda_residentd_submit_result_error rank=12 submit_work_failed status=15
tcp_frame_delivered seq=1 pos=3 active=1 sk=1 sb=8192
hidden_tcp_deliver seq=1 token=3 active=1 sideband_kind=1 hidden_hash=dc9b049d01771775 sideband_hash=b9d103fd6854a325 hidden_bytes=12288 sideband_bytes=8192
stage_finish_submit graph_capture=1 signature=4176025374745976818 completion=(nil) function=(nil)
resident_stage_execute_reject step=input_transport status=15 slot=0 flags=0x00000003
production_runner_submit_failed status=15 frame_flags=0x00000003 active=1 tokens=1 slot=0 position=4 frame_context=0xffffcb481af8
cuda_residentd_submit_result_error rank=12 submit_work_failed status=15
resident_stage_execute_reject step=input_transport status=15 slot=0 flags=0x00000001
production_runner_submit_failed status=15 frame_flags=0x00000001 active=1 tokens=1 slot=0 position=5 frame_context=0xffffcb481af8
cuda_residentd_submit_result_error rank=12 submit_work_failed status=15
resident_stage_execute_reject step=input_transport status=15 slot=0 flags=0x00000003
production_runner_submit_failed status=15 frame_flags=0x00000003 active=1 tokens=1 slot=0 position=4 frame_context=0xffffcb481af8
cuda_residentd_submit_result_error rank=12 submit_work_failed status=15
resident_stage_execute_reject step=input_transport status=15 slot=0 flags=0x00000001
production_runner_submit_failed status=15 frame_flags=0x00000001 active=1 tokens=1 slot=0 position=5 frame_context=0xffffcb481af8
cuda_residentd_submit_result_error rank=12 submit_work_failed status=15
resident_stage_execute_reject step=input_transport status=15 slot=0 flags=0x00000003
production_runner_submit_failed status=15 frame_flags=0x00000003 active=1 tokens=1 slot=0 position=4 frame_context=0xffffcb481af8
cuda_residentd_submit_result_error rank=12 submit_work_failed status=15
resident_stage_execute_reject step=input_transport status=15 slot=0 flags=0x00000001
production_runner_submit_failed status=15 frame_flags=0x00000001 active=1 tokens=1 slot=0 position=5 frame_context=0xffffcb481af8
cuda_residentd_submit_result_error rank=12 submit_work_failed status=15
tcp_frame_delivered seq=1 pos=4 active=1 sk=1 sb=8192
hidden_tcp_deliver seq=1 token=4 active=1 sideband_kind=1 hidden_hash=120369d249ca391b sideband_hash=b9d103fd6854a325 hidden_bytes=12288 sideband_bytes=8192
stage_finish_submit graph_capture=1 signature=15171724801391571099 completion=(nil) function=(nil)
resident_stage_execute_reject step=input_transport status=15 slot=0 flags=0x00000001
production_runner_submit_failed status=15 frame_flags=0x00000001 active=1 tokens=1 slot=0 position=5 frame_context=0xffffcb481af8
cuda_residentd_submit_result_error rank=12 submit_work_failed status=15
resident_stage_execute_reject step=input_transport status=15 slot=0 flags=0x00000001
production_runner_submit_failed status=15 frame_flags=0x00000001 active=1 tokens=1 slot=0 position=5 frame_context=0xffffcb481af8
cuda_residentd_submit_result_error rank=12 submit_work_failed status=15
resident_stage_execute_reject step=input_transport status=15 slot=0 flags=0x00000001
production_runner_submit_failed status=15 frame_flags=0x00000001 active=1 tokens=1 slot=0 position=5 frame_context=0xffffcb481af8
cuda_residentd_submit_result_error rank=12 submit_work_failed status=15
resident_stage_execute_reject step=input_transport status=15 slot=0 flags=0x00000001
production_runner_submit_failed status=15 frame_flags=0x00000001 active=1 tokens=1 slot=0 position=5 frame_context=0xffffcb481af8
cuda_residentd_submit_result_error rank=12 submit_work_failed status=15
resident_stage_execute_reject step=input_transport status=15 slot=0 flags=0x00000001
production_runner_submit_failed status=15 frame_flags=0x00000001 active=1 tokens=1 slot=0 position=5 frame_context=0xffffcb481af8
cuda_residentd_submit_result_error rank=12 submit_work_failed status=15
resident_stage_execute_reject step=input_transport status=15 slot=0 flags=0x00000001
production_runner_submit_failed status=15 frame_flags=0x00000001 active=1 tokens=1 slot=0 position=5 frame_context=0xffffcb481af8
cuda_residentd_submit_result_error rank=12 submit_work_failed status=15
resident_stage_execute_reject step=input_transport status=15 slot=0 flags=0x00000001
production_runner_submit_failed status=15 frame_flags=0x00000001 active=1 tokens=1 slot=0 position=5 frame_context=0xffffcb481af8
cuda_residentd_submit_result_error rank=12 submit_work_failed status=15
resident_stage_execute_reject step=input_transport status=15 slot=0 flags=0x00000001
production_runner_submit_failed status=15 frame_flags=0x00000001 active=1 tokens=1 slot=0 position=5 frame_context=0xffffcb481af8
cuda_residentd_submit_result_error rank=12 submit_work_failed status=15
resident_stage_execute_reject step=input_transport status=15 slot=0 flags=0x00000001
production_runner_submit_failed status=15 frame_flags=0x00000001 active=1 tokens=1 slot=0 position=5 frame_context=0xffffcb481af8
cuda_residentd_submit_result_error rank=12 submit_work_failed status=15
resident_stage_execute_reject step=input_transport status=15 slot=0 flags=0x00000001
production_runner_submit_failed status=15 frame_flags=0x00000001 active=1 tokens=1 slot=0 position=5 frame_context=0xffffcb481af8
cuda_residentd_submit_result_error rank=12 submit_work_failed status=15
resident_stage_execute_reject step=input_transport status=15 slot=0 flags=0x00000001
production_runner_submit_failed status=15 frame_flags=0x00000001 active=1 tokens=1 slot=0 position=5 frame_context=0xffffcb481af8
cuda_residentd_submit_result_error rank=12 submit_work_failed status=15
resident_stage_execute_reject step=input_transport status=15 slot=0 flags=0x00000001
production_runner_submit_failed status=15 frame_flags=0x00000001 active=1 tokens=1 slot=0 position=5 frame_context=0xffffcb481af8
cuda_residentd_submit_result_error rank=12 submit_work_failed status=15
resident_stage_execute_reject step=input_transport status=15 slot=0 flags=0x00000001
production_runner_submit_failed status=15 frame_flags=0x00000001 active=1 tokens=1 slot=0 position=5 frame_context=0xffffcb481af8
cuda_residentd_submit_result_error rank=12 submit_work_failed status=15
resident_stage_execute_reject step=input_transport status=15 slot=0 flags=0x00000001
production_runner_submit_failed status=15 frame_flags=0x00000001 active=1 tokens=1 slot=0 position=5 frame_context=0xffffcb481af8
cuda_residentd_submit_result_error rank=12 submit_work_failed status=15
resident_stage_execute_reject step=input_transport status=15 slot=0 flags=0x00000001
production_runner_submit_failed status=15 frame_flags=0x00000001 active=1 tokens=1 slot=0 position=5 frame_context=0xffffcb481af8
cuda_residentd_submit_result_error rank=12 submit_work_failed status=15
resident_stage_execute_reject step=input_transport status=15 slot=0 flags=0x00000001
production_runner_submit_failed status=15 frame_flags=0x00000001 active=1 tokens=1 slot=0 position=5 frame_context=0xffffcb481af8
cuda_residentd_submit_result_error rank=12 submit_work_failed status=15
resident_stage_execute_reject step=input_transport status=15 slot=0 flags=0x00000001
production_runner_submit_failed status=15 frame_flags=0x00000001 active=1 tokens=1 slot=0 position=5 frame_context=0xffffcb481af8
cuda_residentd_submit_result_error rank=12 submit_work_failed status=15
resident_stage_execute_reject step=input_transport status=15 slot=0 flags=0x00000001
production_runner_submit_failed status=15 frame_flags=0x00000001 active=1 tokens=1 slot=0 position=5 frame_context=0xffffcb481af8
cuda_residentd_submit_result_error rank=12 submit_work_failed status=15
resident_stage_execute_reject step=input_transport status=15 slot=0 flags=0x00000001
production_runner_submit_failed status=15 frame_flags=0x00000001 active=1 tokens=1 slot=0 position=5 frame_context=0xffffcb481af8
cuda_residentd_submit_result_error rank=12 submit_work_failed status=15
resident_stage_execute_reject step=input_transport status=15 slot=0 flags=0x00000001
production_runner_submit_failed status=15 frame_flags=0x00000001 active=1 tokens=1 slot=0 position=5 frame_context=0xffffcb481af8
cuda_residentd_submit_result_error rank=12 submit_work_failed status=15
resident_stage_execute_reject step=input_transport status=15 slot=0 flags=0x00000001
production_runner_submit_failed status=15 frame_flags=0x00000001 active=1 tokens=1 slot=0 position=5 frame_context=0xffffcb481af8
cuda_residentd_submit_result_error rank=12 submit_work_failed status=15
resident_stage_execute_reject step=input_transport status=15 slot=0 flags=0x00000001
production_runner_submit_failed status=15 frame_flags=0x00000001 active=1 tokens=1 slot=0 position=5 frame_context=0xffffcb481af8
cuda_residentd_submit_result_error rank=12 submit_work_failed status=15
resident_stage_execute_reject step=input_transport status=15 slot=0 flags=0x00000001
production_runner_submit_failed status=15 frame_flags=0x00000001 active=1 tokens=1 slot=0 position=5 frame_context=0xffffcb481af8
cuda_residentd_submit_result_error rank=12 submit_work_failed status=15
resident_stage_execute_reject step=input_transport status=15 slot=0 flags=0x00000001
production_runner_submit_failed status=15 frame_flags=0x00000001 active=1 tokens=1 slot=0 position=5 frame_context=0xffffcb481af8
cuda_residentd_submit_result_error rank=12 submit_work_failed status=15
resident_stage_execute_reject step=input_transport status=15 slot=0 flags=0x00000001
production_runner_submit_failed status=15 frame_flags=0x00000001 active=1 tokens=1 slot=0 position=5 frame_context=0xffffcb481af8
cuda_residentd_submit_result_error rank=12 submit_work_failed status=15
resident_stage_execute_reject step=input_transport status=15 slot=0 flags=0x00000001
production_runner_submit_failed status=15 frame_flags=0x00000001 active=1 tokens=1 slot=0 position=5 frame_context=0xffffcb481af8
cuda_residentd_submit_result_error rank=12 submit_work_failed status=15
resident_stage_execute_reject step=input_transport status=15 slot=0 flags=0x00000001
production_runner_submit_failed status=15 frame_flags=0x00000001 active=1 tokens=1 slot=0 position=5 frame_context=0xffffcb481af8
cuda_residentd_submit_result_error rank=12 submit_work_failed status=15
resident_stage_execute_reject step=input_transport status=15 slot=0 flags=0x00000001
production_runner_submit_failed status=15 frame_flags=0x00000001 active=1 tokens=1 slot=0 position=5 frame_context=0xffffcb481af8
cuda_residentd_submit_result_error rank=12 submit_work_failed status=15
resident_stage_execute_reject step=input_transport status=15 slot=0 flags=0x00000001
production_runner_submit_failed status=15 frame_flags=0x00000001 active=1 tokens=1 slot=0 position=5 frame_context=0xffffcb481af8
cuda_residentd_submit_result_error rank=12 submit_work_failed status=15
resident_stage_execute_reject step=input_transport status=15 slot=0 flags=0x00000001
production_runner_submit_failed status=15 frame_flags=0x00000001 active=1 tokens=1 slot=0 position=5 frame_context=0xffffcb481af8
cuda_residentd_submit_result_error rank=12 submit_work_failed status=15
resident_stage_execute_reject step=input_transport status=15 slot=0 flags=0x00000001
production_runner_submit_failed status=15 frame_flags=0x00000001 active=1 tokens=1 slot=0 position=5 frame_context=0xffffcb481af8
cuda_residentd_submit_result_error rank=12 submit_work_failed status=15
resident_stage_execute_reject step=input_transport status=15 slot=0 flags=0x00000001
production_runner_submit_failed status=15 frame_flags=0x00000001 active=1 tokens=1 slot=0 position=5 frame_context=0xffffcb481af8
cuda_residentd_submit_result_error rank=12 submit_work_failed status=15
resident_stage_execute_reject step=input_transport status=15 slot=0 flags=0x00000001
production_runner_submit_failed status=15 frame_flags=0x00000001 active=1 tokens=1 slot=0 position=5 frame_context=0xffffcb481af8
cuda_residentd_submit_result_error rank=12 submit_work_failed status=15
resident_stage_execute_reject step=input_transport status=15 slot=0 flags=0x00000001
production_runner_submit_failed status=15 frame_flags=0x00000001 active=1 tokens=1 slot=0 position=5 frame_context=0xffffcb481af8
cuda_residentd_submit_result_error rank=12 submit_work_failed status=15
resident_stage_execute_reject step=input_transport status=15 slot=0 flags=0x00000001
production_runner_submit_failed status=15 frame_flags=0x00000001 active=1 tokens=1 slot=0 position=5 frame_context=0xffffcb481af8
cuda_residentd_submit_result_error rank=12 submit_work_failed status=15
resident_stage_execute_reject step=input_transport status=15 slot=0 flags=0x00000001
production_runner_submit_failed status=15 frame_flags=0x00000001 active=1 tokens=1 slot=0 position=5 frame_context=0xffffcb481af8
cuda_residentd_submit_result_error rank=12 submit_work_failed status=15
resident_stage_execute_reject step=input_transport status=15 slot=0 flags=0x00000001
production_runner_submit_failed status=15 frame_flags=0x00000001 active=1 tokens=1 slot=0 position=5 frame_context=0xffffcb481af8
cuda_residentd_submit_result_error rank=12 submit_work_failed status=15
resident_stage_execute_reject step=input_transport status=15 slot=0 flags=0x00000001
production_runner_submit_failed status=15 frame_flags=0x00000001 active=1 tokens=1 slot=0 position=5 frame_context=0xffffcb481af8
cuda_residentd_submit_result_error rank=12 submit_work_failed status=15
resident_stage_execute_reject step=input_transport status=15 slot=0 flags=0x00000001
production_runner_submit_failed status=15 frame_flags=0x00000001 active=1 tokens=1 slot=0 position=5 frame_context=0xffffcb481af8
cuda_residentd_submit_result_error rank=12 submit_work_failed status=15
resident_stage_execute_reject step=input_transport status=15 slot=0 flags=0x00000001
production_runner_submit_failed status=15 frame_flags=0x00000001 active=1 tokens=1 slot=0 position=5 frame_context=0xffffcb481af8
cuda_residentd_submit_result_error rank=12 submit_work_failed status=15
resident_stage_execute_reject step=input_transport status=15 slot=0 flags=0x00000001
production_runner_submit_failed status=15 frame_flags=0x00000001 active=1 tokens=1 slot=0 position=5 frame_context=0xffffcb481af8
cuda_residentd_submit_result_error rank=12 submit_work_failed status=15
resident_stage_execute_reject step=input_transport status=15 slot=0 flags=0x00000001
production_runner_submit_failed status=15 frame_flags=0x00000001 active=1 tokens=1 slot=0 position=5 frame_context=0xffffcb481af8
cuda_residentd_submit_result_error rank=12 submit_work_failed status=15
resident_stage_execute_reject step=input_transport status=15 slot=0 flags=0x00000001
production_runner_submit_failed status=15 frame_flags=0x00000001 active=1 tokens=1 slot=0 position=5 frame_context=0xffffcb481af8
cuda_residentd_submit_result_error rank=12 submit_work_failed status=15
resident_stage_execute_reject step=input_transport status=15 slot=0 flags=0x00000001
production_runner_submit_failed status=15 frame_flags=0x00000001 active=1 tokens=1 slot=0 position=5 frame_context=0xffffcb481af8
cuda_residentd_submit_result_error rank=12 submit_work_failed status=15
resident_stage_execute_reject step=input_transport status=15 slot=0 flags=0x00000001
production_runner_submit_failed status=15 frame_flags=0x00000001 active=1 tokens=1 slot=0 position=5 frame_context=0xffffcb481af8
cuda_residentd_submit_result_error rank=12 submit_work_failed status=15
resident_stage_execute_reject step=input_transport status=15 slot=0 flags=0x00000001
production_runner_submit_failed status=15 frame_flags=0x00000001 active=1 tokens=1 slot=0 position=5 frame_context=0xffffcb481af8
cuda_residentd_submit_result_error rank=12 submit_work_failed status=15
resident_stage_execute_reject step=input_transport status=15 slot=0 flags=0x00000001
production_runner_submit_failed status=15 frame_flags=0x00000001 active=1 tokens=1 slot=0 position=5 frame_context=0xffffcb481af8
cuda_residentd_submit_result_error rank=12 submit_work_failed status=15
resident_stage_execute_reject step=input_transport status=15 slot=0 flags=0x00000001
production_runner_submit_failed status=15 frame_flags=0x00000001 active=1 tokens=1 slot=0 position=5 frame_context=0xffffcb481af8
cuda_residentd_submit_result_error rank=12 submit_work_failed status=15
resident_stage_execute_reject step=input_transport status=15 slot=0 flags=0x00000001
production_runner_submit_failed status=15 frame_flags=0x00000001 active=1 tokens=1 slot=0 position=5 frame_context=0xffffcb481af8
cuda_residentd_submit_result_error rank=12 submit_work_failed status=15
resident_stage_execute_reject step=input_transport status=15 slot=0 flags=0x00000001
production_runner_submit_failed status=15 frame_flags=0x00000001 active=1 tokens=1 slot=0 position=5 frame_context=0xffffcb481af8
cuda_residentd_submit_result_error rank=12 submit_work_failed status=15
resident_stage_execute_reject step=input_transport status=15 slot=0 flags=0x00000001
production_runner_submit_failed status=15 frame_flags=0x00000001 active=1 tokens=1 slot=0 position=5 frame_context=0xffffcb481af8
cuda_residentd_submit_result_error rank=12 submit_work_failed status=15
resident_stage_execute_reject step=input_transport status=15 slot=0 flags=0x00000001
production_runner_submit_failed status=15 frame_flags=0x00000001 active=1 tokens=1 slot=0 position=5 frame_context=0xffffcb481af8
cuda_residentd_submit_result_error rank=12 submit_work_failed status=15
resident_stage_execute_reject step=input_transport status=15 slot=0 flags=0x00000001
production_runner_submit_failed status=15 frame_flags=0x00000001 active=1 tokens=1 slot=0 position=5 frame_context=0xffffcb481af8
cuda_residentd_submit_result_error rank=12 submit_work_failed status=15
resident_stage_execute_reject step=input_transport status=15 slot=0 flags=0x00000001
production_runner_submit_failed status=15 frame_flags=0x00000001 active=1 tokens=1 slot=0 position=5 frame_context=0xffffcb481af8
cuda_residentd_submit_result_error rank=12 submit_work_failed status=15
resident_stage_execute_reject step=input_transport status=15 slot=0 flags=0x00000001
production_runner_submit_failed status=15 frame_flags=0x00000001 active=1 tokens=1 slot=0 position=5 frame_context=0xffffcb481af8
cuda_residentd_submit_result_error rank=12 submit_work_failed status=15
resident_stage_execute_reject step=input_transport status=15 slot=0 flags=0x00000001
production_runner_submit_failed status=15 frame_flags=0x00000001 active=1 tokens=1 slot=0 position=5 frame_context=0xffffcb481af8
cuda_residentd_submit_result_error rank=12 submit_work_failed status=15
resident_stage_execute_reject step=input_transport status=15 slot=0 flags=0x00000001
production_runner_submit_failed status=15 frame_flags=0x00000001 active=1 tokens=1 slot=0 position=5 frame_context=0xffffcb481af8
cuda_residentd_submit_result_error rank=12 submit_work_failed status=15
resident_stage_execute_reject step=input_transport status=15 slot=0 flags=0x00000001
production_runner_submit_failed status=15 frame_flags=0x00000001 active=1 tokens=1 slot=0 position=5 frame_context=0xffffcb481af8
cuda_residentd_submit_result_error rank=12 submit_work_failed status=15
resident_stage_execute_reject step=input_transport status=15 slot=0 flags=0x00000001
production_runner_submit_failed status=15 frame_flags=0x00000001 active=1 tokens=1 slot=0 position=5 frame_context=0xffffcb481af8
cuda_residentd_submit_result_error rank=12 submit_work_failed status=15
resident_stage_execute_reject step=input_transport status=15 slot=0 flags=0x00000001
production_runner_submit_failed status=15 frame_flags=0x00000001 active=1 tokens=1 slot=0 position=5 frame_context=0xffffcb481af8
cuda_residentd_submit_result_error rank=12 submit_work_failed status=15
resident_stage_execute_reject step=input_transport status=15 slot=0 flags=0x00000001
production_runner_submit_failed status=15 frame_flags=0x00000001 active=1 tokens=1 slot=0 position=5 frame_context=0xffffcb481af8
cuda_residentd_submit_result_error rank=12 submit_work_failed status=15
resident_stage_execute_reject step=input_transport status=15 slot=0 flags=0x00000001
production_runner_submit_failed status=15 frame_flags=0x00000001 active=1 tokens=1 slot=0 position=5 frame_context=0xffffcb481af8
cuda_residentd_submit_result_error rank=12 submit_work_failed status=15
resident_stage_execute_reject step=input_transport status=15 slot=0 flags=0x00000001
production_runner_submit_failed status=15 frame_flags=0x00000001 active=1 tokens=1 slot=0 position=5 frame_context=0xffffcb481af8
cuda_residentd_submit_result_error rank=12 submit_work_failed status=15
resident_stage_execute_reject step=input_transport status=15 slot=0 flags=0x00000001
production_runner_submit_failed status=15 frame_flags=0x00000001 active=1 tokens=1 slot=0 position=5 frame_context=0xffffcb481af8
cuda_residentd_submit_result_error rank=12 submit_work_failed status=15
resident_stage_execute_reject step=input_transport status=15 slot=0 flags=0x00000001
production_runner_submit_failed status=15 frame_flags=0x00000001 active=1 tokens=1 slot=0 position=5 frame_context=0xffffcb481af8
cuda_residentd_submit_result_error rank=12 submit_work_failed status=15
resident_stage_execute_reject step=input_transport status=15 slot=0 flags=0x00000001
production_runner_submit_failed status=15 frame_flags=0x00000001 active=1 tokens=1 slot=0 position=5 frame_context=0xffffcb481af8
cuda_residentd_submit_result_error rank=12 submit_work_failed status=15
resident_stage_execute_reject step=input_transport status=15 slot=0 flags=0x00000001
production_runner_submit_failed status=15 frame_flags=0x00000001 active=1 tokens=1 slot=0 position=5 frame_context=0xffffcb481af8
cuda_residentd_submit_result_error rank=12 submit_work_failed status=15
resident_stage_execute_reject step=input_transport status=15 slot=0 flags=0x00000001
production_runner_submit_failed status=15 frame_flags=0x00000001 active=1 tokens=1 slot=0 position=5 frame_context=0xffffcb481af8
cuda_residentd_submit_result_error rank=12 submit_work_failed status=15
resident_stage_execute_reject step=input_transport status=15 slot=0 flags=0x00000001
production_runner_submit_failed status=15 frame_flags=0x00000001 active=1 tokens=1 slot=0 position=5 frame_context=0xffffcb481af8
cuda_residentd_submit_result_error rank=12 submit_work_failed status=15
tcp_frame_delivered seq=1 pos=5 active=1 sk=1 sb=8192
hidden_tcp_deliver seq=1 token=5 active=1 sideband_kind=1 hidden_hash=e99942b726872214 sideband_hash=c2d28d7f2d9ed64c hidden_bytes=12288 sideband_bytes=8192
stage_finish_submit graph_capture=1 signature=18432143115737275172 completion=(nil) function=(nil)
